pathway,pval,padj,log2err,ES,NES,size,leadingEdge
GOBP_RIBOSOME_BIOGENESIS,6.22330543217964e-35,2.6056979844536153e-31,1.536458950032153,0.6026952214758963,2.6777111023506386,317,
GOBP_RRNA_METABOLIC_PROCESS,2.3538233495288694e-24,4.069000682691813e-21,1.2790339772504933,0.5704354008845297,2.5029759800875917,266,
GOBP_RRNA_PROCESSING,2.9154530805052395e-24,4.069000682691813e-21,1.2790339772504933,0.6013517909697284,2.5707692190189797,222,
GOBP_CELLULAR_RESPIRATION,1.1114766021700193e-20,1.1634381333214677e-17,1.1778932614941966,0.551516078419998,2.3795315677320388,237,
GOBP_AEROBIC_RESPIRATION,2.4076689119976886e-17,2.0161819469068644e-14,1.0768681926198325,0.5629817930618112,2.403902072789083,197,
GOBP_MITOCHONDRIAL_GENE_EXPRESSION,1.6962194415423425e-16,1.1836784669562982e-13,1.047626488498816,0.5734169153737978,2.4283786608226277,169,
GOBP_MITOCHONDRIAL_TRANSLATION,2.731719618411606e-16,1.6339585774699132e-13,1.0376961554875836,0.6289551986274367,2.6346371946634313,131,
GOBP_ENERGY_DERIVATION_BY_OXIDATION_OF_ORGANIC_COMPOUNDS,3.4514403641416e-16,1.80639760058261e-13,1.0376961554875836,0.45043946631950216,1.9952413926794519,345,
GOBP_PROTON_TRANSMEMBRANE_TRANSPORT,3.313813750502603e-15,1.5416597970393776e-12,1.0073179568744748,0.5379667250843667,2.262491917991304,187,
GOBP_OXIDATIVE_PHOSPHORYLATION,4.605479323749943e-15,1.928314192854101e-12,0.9969862175331805,0.5770538231186212,2.4125817855104774,150,
GOBP_RIBOSOMAL_SMALL_SUBUNIT_BIOGENESIS,6.686171597007635e-15,2.5450000433337246e-12,0.9969862175331805,0.652694693405725,2.595183173239162,106,
GOBP_LYMPHOCYTE_MEDIATED_IMMUNITY,7.643648390733947e-14,2.6669963176669198e-11,0.9545416307257243,-0.5164777573874617,-1.8077301455447203,376,
GOBP_NUCLEOSIDE_TRIPHOSPHATE_METABOLIC_PROCESS,1.8790018931910817e-13,6.051831482146969e-11,0.9436322252328375,0.4478967132563415,1.9836678584913223,283,
GOBP_NUCLEOSIDE_TRIPHOSPHATE_BIOSYNTHETIC_PROCESS,9.019543514928235e-13,2.6974877640717515e-10,0.9214260034948982,0.5703311670953835,2.3418195113824565,129,
GOBP_ATP_METABOLIC_PROCESS,3.671922942689244e-12,1.0249560907359909e-9,0.8870749883998732,0.461944024906937,1.9857765576321458,236,
GOBP_PROTON_MOTIVE_FORCE_DRIVEN_ATP_SYNTHESIS,5.6898310118560455e-12,1.4889576529150789e-9,0.8870749883998732,0.6833313783503381,2.6144184016286185,76,
GOBP_ATP_SYNTHESIS_COUPLED_ELECTRON_TRANSPORT,6.444709419036854e-12,1.587294019853371e-9,0.8870749883998732,0.614696554011849,2.4292616066169797,101,
GOBP_RIBOSOMAL_LARGE_SUBUNIT_BIOGENESIS,1.3149058022200904e-11,3.0586169966086213e-9,0.8753251320246591,0.6941145299176197,2.566779138770363,67,
GOBP_ELECTRON_TRANSPORT_CHAIN,2.095532888115205e-11,4.617892738178086e-9,0.8634153916066928,0.5606156496064945,2.3128782018976635,126,
GOBP_ATP_BIOSYNTHETIC_PROCESS,3.478790027851132e-11,7.282846923306344e-9,0.851339057116899,0.5906271660787819,2.3514434712864456,104,
GOBP_NUCLEOTIDE_BIOSYNTHETIC_PROCESS,7.399155427918113e-11,1.4752506560330067e-8,0.8390889356212738,0.44976433061763493,1.9199577695354157,226,
GOBP_ORGANIC_ACID_TRANSPORT,7.877602884817859e-11,1.499251058124199e-8,0.8390889356212738,0.3842660954303386,1.7019833424731916,357,
GOBP_RIBOSE_PHOSPHATE_BIOSYNTHETIC_PROCESS,1.172841140835717e-10,2.135080807251803e-8,0.826657301178302,0.4744911828824969,2.005672720291116,182,
GOBP_NUCLEOSIDE_PHOSPHATE_BIOSYNTHETIC_PROCESS,1.810636732314214e-10,3.158806665916506e-8,0.826657301178302,0.3950179779514404,1.7550230821449682,317,
GOBP_MITOCHONDRIAL_RESPIRATORY_CHAIN_COMPLEX_ASSEMBLY,3.585761406748841e-10,6.005433204022958e-8,0.8140358378479079,0.5811257664912155,2.312402104527766,102,
GOBP_ORGANIC_ACID_TRANSMEMBRANE_TRANSPORT,6.927345331560271e-10,1.11556903474011e-7,0.8012155746177786,0.49348696997668473,2.0752333366841382,159,
GOBP_RIBOSOME_ASSEMBLY,9.683298809114724e-10,1.5016285968060499e-7,0.7881868108002371,0.6809790612246694,2.492812505216209,61,
GOBP_PURINE_CONTAINING_COMPOUND_BIOSYNTHETIC_PROCESS,4.39718483660332e-9,6.575361753877893e-7,0.7614608014455848,0.4074716208112824,1.77247715443175,258,
GOBP_MITOCHONDRIAL_ELECTRON_TRANSPORT_NADH_TO_UBIQUINONE,5.416123361503302e-9,7.819761556763561e-7,0.7614608014455848,0.6888571682691998,2.4849238684527255,52,
GOBP_PURINE_NUCLEOTIDE_BIOSYNTHETIC_PROCESS,5.984716349295161e-9,8.35266911816628e-7,0.7614608014455848,0.43548431461161585,1.8500458765332983,191,
GOBP_ADAPTIVE_IMMUNE_RESPONSE_BASED_ON_SOMATIC_RECOMBINATION_OF_IMMUNE_RECEPTORS_BUILT_FROM_IMMUNOGLOBULIN_SUPERFAMILY_DOMAINS,9.579499825184552e-9,1.2938505086467006e-6,0.7477396631498854,-0.46383119819707797,-1.6253927632116572,389,
GOBP_AMINO_ACID_METABOLIC_PROCESS,1.1753090999460647e-8,1.537818500460679e-6,0.7477396631498854,0.38717541911481135,1.708566456438936,281,
GOBP_CYTOPLASMIC_TRANSLATION,1.4242154907666678e-8,1.8070273514666781e-6,0.7477396631498854,0.44691116515299567,1.8912341362062886,170,
GOBP_RIBOSE_PHOSPHATE_METABOLIC_PROCESS,2.0247836307319254e-8,2.4934614887866386e-6,0.7337619883564803,0.35094034302285315,1.5354442627381595,385,
GOBP_LEUKOCYTE_MEDIATED_IMMUNITY,2.180716114655873e-8,2.6087595348754686e-6,0.7337619883564803,-0.4433778527209657,-1.55875255276116,478,
GOBP_ISOPRENOID_METABOLIC_PROCESS,2.981584638743918e-8,3.467748578450218e-6,0.7195128263389107,0.5017565174792258,2.048297163818387,121,
GOBP_DETOXIFICATION,3.269163999906264e-8,3.6994566669209536e-6,0.7195128263389107,0.44048248229010123,1.8472542242377152,167,
GOBP_STEROL_BIOSYNTHETIC_PROCESS,3.9638440899439705e-8,4.367530316998791e-6,0.7195128263389107,0.5946524748414155,2.2488256122064416,74,
GOBP_PROTEIN_RNA_COMPLEX_ORGANIZATION,5.0956769596474765e-8,5.470666520524099e-6,0.7195128263389107,0.3938613883830291,1.6940637700931886,235,
GOBP_MATURATION_OF_SSU_RRNA,5.4060155217999674e-8,5.6587467474441155e-6,0.7195128263389107,0.6576149446623792,2.3809866441827654,54,
GOBP_B_CELL_MEDIATED_IMMUNITY,8.572555322201024e-8,8.754460764403826e-6,0.7049757151672383,-0.5194712066764202,-1.7682753342141602,198,
GOBP_ORGANIC_ACID_CATABOLIC_PROCESS,2.323741586738328e-7,2.3165490532555665e-5,0.6901324587967956,0.38116414677008,1.6568063830064312,244,
GOBP_FATTY_ACID_METABOLIC_PROCESS,2.8452763706882966e-7,2.770505154435325e-5,0.674962860011025,0.3215150968772389,1.446518126777749,413,
GOBP_MITOCHONDRIAL_TRANSPORT,3.0386655518213467e-7,2.891566514880904e-5,0.674962860011025,0.4102309430717991,1.7340448910768502,182,
GOBP_TRNA_METABOLIC_PROCESS,3.112900383632031e-7,2.896380868059403e-5,0.674962860011025,0.3963572836196314,1.6945469664821937,203,
GOBP_MITOCHONDRIAL_MEMBRANE_ORGANIZATION,6.637976124795976e-7,6.042001311852337e-5,0.6594443980379349,0.4735374648023397,1.9397360016642315,118,
GOBP_PHOSPHOLIPID_METABOLIC_PROCESS,1.1368882161690465e-6,1.0127980768297442e-4,0.6435518361507222,0.3263972763350306,1.4396004313962953,383,
GOBP_SMALL_MOLECULE_CATABOLIC_PROCESS,1.263864634129913e-6,1.1024585881462387e-4,0.6435518361507222,0.3304608666336383,1.4705154786266992,375,
GOBP_ISOPRENOID_BIOSYNTHETIC_PROCESS,1.4971808732282354e-6,1.2793257788176778e-4,0.6435518361507222,0.7397405603122009,2.3319426770222313,30,
GOBP_VITAMIN_METABOLIC_PROCESS,1.5616764939299399e-6,1.3077478960169314e-4,0.6435518361507222,0.4622776974360415,1.8936129855267663,118,
GOBP_RESPONSE_TO_TOXIC_SUBSTANCE,1.6451861635691147e-6,1.3506655817380162e-4,0.6435518361507222,0.35692915065146946,1.5612100143391898,271,
GOBP_PROTEIN_TARGETING_TO_MITOCHONDRION,1.8656179828455e-6,1.5021812488796364e-4,0.6435518361507222,0.47595070463790434,1.9174229008207702,109,
GOBP_REGULATION_OF_LYMPHOCYTE_MEDIATED_IMMUNITY,2.291649840276251e-6,1.783557429478036e-4,0.6272567397185284,-0.4921828766358151,-1.6793253602778304,201,
GOBP_AMINO_ACID_TRANSMEMBRANE_TRANSPORT,2.300265134745974e-6,1.783557429478036e-4,0.6272567397185284,0.4711343359702053,1.9069003988807096,112,
GOBP_PHOSPHOLIPID_BIOSYNTHETIC_PROCESS,2.6243059250376246e-6,1.9978125287513699e-4,0.6272567397185284,0.3570661818646581,1.5373747428051867,247,
GOBP_PROTEIN_LOCALIZATION_TO_MITOCHONDRION,2.835210514919456e-6,2.1198261474942432e-4,0.6272567397185284,0.43323036335758447,1.8080195908605246,137,
GOBP_MODIFIED_AMINO_ACID_METABOLIC_PROCESS,3.0496389185532857e-6,2.2401470442074748e-4,0.6272567397185284,0.3885370199027973,1.636897421045967,188,
GOBP_SENSORY_PERCEPTION_OF_LIGHT_STIMULUS,6.639707149377039e-6,4.7931816955933896e-4,0.610526878385931,0.36722266650949775,1.5676032173254304,226,
GOBP_PYRIDINE_CONTAINING_COMPOUND_METABOLIC_PROCESS,8.855753778572914e-6,6.284583232353354e-4,0.5933254763964051,0.3798195758143423,1.5962000815484638,177,
GOBP_DICARBOXYLIC_ACID_METABOLIC_PROCESS,1.0325934879827214e-5,7.205781556972757e-4,0.5933254763964051,0.4454012938852284,1.7791436594588568,103,
GOBP_CELLULAR_RESPONSE_TO_COPPER_ION,1.0822550172422862e-5,7.428527470808938e-4,0.5933254763964051,0.7355091439949966,2.234579902033524,26,
GOBP_ALPHA_AMINO_ACID_METABOLIC_PROCESS,1.2046672810294378e-5,8.135390170435897e-4,0.5933254763964051,0.37389871300971494,1.5976071533312703,200,
GOBP_MATURATION_OF_LSU_RRNA,1.2275220951305942e-5,8.15815081319333e-4,0.5933254763964051,0.7326870447313055,2.226005968796019,26,
GOBP_MATURATION_OF_5_8S_RRNA,1.3433640389917042e-5,8.78853942384104e-4,0.5933254763964051,0.671744537497148,2.187526869477529,34,
GOBP_MATURATION_OF_SSU_RRNA_FROM_TRICISTRONIC_RRNA_TRANSCRIPT_SSU_RRNA_5_8S_RRNA_LSU_RRNA,1.800399112525981e-5,0.0011597340129455818,0.5756102610711286,0.654044433403612,2.1595696886943356,35,
GOBP_NADH_DEHYDROGENASE_COMPLEX_ASSEMBLY,2.0932353910323887e-5,0.0013156107633233262,0.5756102610711286,0.6302653132194429,2.1628086013776677,42,
GOBP_PROTEIN_INSERTION_INTO_MEMBRANE,2.105228591895459e-5,0.0013156107633233262,0.5756102610711286,0.6023777605752675,2.111522002597348,47,
GOBP_TERPENOID_METABOLIC_PROCESS,2.2155584716978324e-5,0.0013641975472057093,0.5756102610711286,0.45000926770670546,1.778422588392531,101,
GOBP_VASCULAR_TRANSPORT,2.4572102415073107e-5,0.0014910636639407404,0.5756102610711286,0.47261183611098534,1.8431803975738719,88,
GOBP_CARBOHYDRATE_CATABOLIC_PROCESS,2.5045771635448905e-5,0.0014980949405374938,0.5756102610711286,0.3718644096903244,1.5806051918693882,181,
GOBP_STEROID_BIOSYNTHETIC_PROCESS,2.6748752817465947e-5,0.0015774229302356326,0.5756102610711286,0.36527605358556303,1.5342426930044495,174,
GOBP_AMINO_ACID_TRANSPORT,3.221557583621005e-5,0.0018734252225862706,0.557332238758646,0.37912860347064403,1.5899540672976078,167,
GOBP_T_CELL_MEDIATED_IMMUNITY,3.277830490695149e-5,0.001880037844457615,0.557332238758646,-0.5071917394138044,-1.6824416558728235,138,
GOBP_NEGATIVE_REGULATION_OF_LEUKOCYTE_MEDIATED_IMMUNITY,3.449812378698927e-5,0.00194927224971763,0.557332238758646,-0.5749177824136429,-1.7960017961643058,76,
GOBP_CELLULAR_RESPONSE_TO_CADMIUM_ION,3.491650793618874e-5,0.00194927224971763,0.557332238758646,0.711919434145569,2.162911056099106,26,
GOBP_LIPID_OXIDATION,3.6841500358170534e-5,0.0020296758157850006,0.557332238758646,0.41660479824925867,1.6986530863152485,114,
GOBP_ANTIGEN_RECEPTOR_MEDIATED_SIGNALING_PATHWAY,3.933928235118947e-5,0.0021391373403172767,0.557332238758646,-0.4585296851508972,-1.5698852453836698,213,
GOBP_REGULATION_OF_PROTEIN_CATABOLIC_PROCESS,4.1452162179699414e-5,0.002225130808287198,0.557332238758646,0.30139606679322084,1.3362484601018543,376,
GOBP_PROTEINOGENIC_AMINO_ACID_METABOLIC_PROCESS,4.3996363218561656e-5,0.0023318072505837677,0.557332238758646,0.37211586203786,1.5781977038401631,162,
GOBP_MONOSACCHARIDE_METABOLIC_PROCESS,4.5034747759805826e-5,0.0023570061108788374,0.557332238758646,0.32405561724686976,1.4077320772315896,268,
GOBP_INORGANIC_ANION_TRANSPORT,4.653256286866913e-5,0.002405331367050835,0.557332238758646,0.35684494765538466,1.4996487037995736,177,
GOBP_REGULATION_OF_NATURAL_KILLER_CELL_MEDIATED_IMMUNITY,5.227035340897372e-5,0.002668975240528939,0.557332238758646,-0.60801761871276,-1.8177557877630204,59,
GOBP_LYTIC_VACUOLE_ORGANIZATION,5.4369464359082355e-5,0.002742710208090094,0.557332238758646,0.42363129786496145,1.697551143533058,111,
GOBP_MODIFIED_AMINO_ACID_TRANSPORT,5.876061320638901e-5,0.002928936755894652,0.557332238758646,0.6098717190504924,2.0928262622635136,42,
GOBP_NATURAL_KILLER_CELL_MEDIATED_IMMUNITY,6.0331883712175494e-5,0.002971877612975045,0.557332238758646,-0.5424841362395711,-1.7311972521495327,90,
GOBP_INTRACELLULAR_ZINC_ION_HOMEOSTASIS,6.135801726480144e-5,0.002987279282415391,0.5384340963099162,0.6294669019429778,2.078417875064323,35,
GOBP_MITOCHONDRIAL_RNA_METABOLIC_PROCESS,6.697952457216709e-5,0.003223485854984639,0.5384340963099162,0.5421900980511833,1.9474767577125285,55,
GOBP_T_CELL_DIFFERENTIATION,7.493650139630074e-5,0.0035654446743899,0.5384340963099162,-0.4211610337982266,-1.4682029497319924,327,
GOBP_AMINO_ACID_CATABOLIC_PROCESS,7.881154648454029e-5,0.003707684776750227,0.5384340963099162,0.4189210432500592,1.6786764802393934,111,
GOBP_RNA_MODIFICATION,8.173329144918235e-5,0.0037500606009488063,0.5384340963099162,0.36841852004160214,1.5634625127814676,173,
GOBP_MITOCHONDRIAL_TRANSMEMBRANE_TRANSPORT,8.224388788263332e-5,0.0037500606009488063,0.5384340963099162,0.42634751919177616,1.6974026053670381,104,
GOBP_PROTEIN_TARGETING,8.279408016412928e-5,0.0037500606009488063,0.5384340963099162,0.3022123848842453,1.3482242514146652,340,
GOBP_MONOCARBOXYLIC_ACID_CATABOLIC_PROCESS,8.329487362986362e-5,0.0037500606009488063,0.5384340963099162,0.4027741657767016,1.6504778026945266,124,
GOBP_RNA_SPLICING_VIA_TRANSESTERIFICATION_REACTIONS,8.894335093082003e-5,0.003961763939865356,0.5384340963099162,0.30020334331085374,1.3307112382378175,343,
GOBP_AMINO_ACID_IMPORT_ACROSS_PLASMA_MEMBRANE,9.18231244629369e-5,0.004046983390803335,0.5384340963099162,0.5420206614465471,1.955238532549768,52,
GOBP_ALCOHOL_BIOSYNTHETIC_PROCESS,9.635012821967543e-5,0.004166831645884942,0.5384340963099162,0.37781281727750715,1.5739056944182481,149,
GOBP_PROTEIN_INSERTION_INTO_ER_MEMBRANE,9.653276084328622e-5,0.004166831645884942,0.5384340963099162,0.6446187694607293,2.071398261053048,31,
GOBP_T_CELL_RECEPTOR_SIGNALING_PATHWAY,1.0181237329365866e-4,0.004349881703883151,0.5384340963099162,-0.4812598698065726,-1.6023157993113728,151,
GOBP_REGULATION_OF_RENAL_SYSTEM_PROCESS,1.0342612084844671e-4,0.004370951001017027,0.5384340963099162,0.7021569563844211,2.1089324345167273,24,
GOBP_RESPONSE_TO_COPPER_ION,1.0447807299142124e-4,0.004370951001017027,0.5384340963099162,0.5894016641685171,1.9960090191133397,40,
GOBP_IMPORT_INTO_THE_MITOCHONDRION,1.0543731815207062e-4,0.004370951001017027,0.5384340963099162,0.5308051697683229,1.9218541642638614,54,
GOBP_SECONDARY_ALCOHOL_METABOLIC_PROCESS,1.0888437343258857e-4,0.004469596780022043,0.5384340963099162,0.37104611580640934,1.5652240222193319,165,
GOBP_CYTOCHROME_COMPLEX_ASSEMBLY,1.1109550848115099e-4,0.004516086349617274,0.5384340963099162,0.564887217858961,1.9398626502554706,43,
GOBP_AMINO_ACID_ACTIVATION,1.1224675727370178e-4,0.004519011276009513,0.5384340963099162,0.5715406497169824,1.9738461090999202,45,
GOBP_REGULATION_OF_MITOCHONDRIAL_TRANSLATION,1.1445770461023159e-4,0.0045641372305051395,0.5384340963099162,0.6878886045288004,2.0797583992862188,25,
GOBP_ORGANIC_CATION_TRANSPORT,1.1613045899637014e-4,0.0045871531303566205,0.5384340963099162,0.40281124739636065,1.6466229460195065,120,
GOBP_FATTY_ACID_CATABOLIC_PROCESS,1.2023118891223e-4,0.004704747551172963,0.5384340963099162,0.4084093036850724,1.6313801353763902,103,
GOBP_RESPONSE_TO_CADMIUM_ION,1.234962197173352e-4,0.004787765481078542,0.5188480777437918,0.5671321689812765,1.9879752068554208,47,
GOBP_L_ALPHA_AMINO_ACID_TRANSMEMBRANE_TRANSPORT,1.33901298190216e-4,0.005143529683692059,0.5188480777437918,0.4747483595449373,1.8085031170050612,75,
GOBP_T_CELL_SELECTION,1.3702486841128705e-4,0.005215664763982353,0.5188480777437918,-0.5751080493318764,-1.7504688151227463,64,
GOBP_MONOCARBOXYLIC_ACID_TRANSPORT,1.5277580661676016e-4,0.0057628135342736465,0.5188480777437918,0.3504291849951916,1.4894950276290715,181,
GOBP_L_AMINO_ACID_TRANSPORT,1.5739396208495297e-4,0.005884004636158019,0.5188480777437918,0.4332605944683738,1.687789373718843,95,
GOBP_NEGATIVE_REGULATION_OF_MEMBRANE_PERMEABILITY,1.7103861371330366e-4,0.006305082819005196,0.5188480777437918,0.7094161001357953,2.068707550057724,22,
GOBP_PYRUVATE_METABOLIC_PROCESS,1.7166931964809944e-4,0.006305082819005196,0.5188480777437918,0.39034662236668205,1.6112883575757808,128,
GOBP_STEROID_METABOLIC_PROCESS,1.8075115196449545e-4,0.006580913680655151,0.5188480777437918,0.2973103145170808,1.321936778198989,338,
GOBP_ONE_CARBON_METABOLIC_PROCESS,1.898956241308691e-4,0.00685424981237887,0.5188480777437918,0.6863786992329379,2.061542348917845,24,
GOBP_DETOXIFICATION_OF_INORGANIC_COMPOUND,1.9767786373485827e-4,0.007074164234682491,0.5188480777437918,0.7041629954683563,2.088119957577213,23,
GOBP_INNER_MITOCHONDRIAL_MEMBRANE_ORGANIZATION,2.110473302866877e-4,0.0074886031517827235,0.5188480777437918,0.5549757184652868,1.9166382357581766,45,
GOBP_REGULATION_OF_PH,2.155257805799399e-4,0.007556133101537897,0.5188480777437918,0.3997661184565003,1.596855161138428,103,
GOBP_LYMPHOCYTE_DIFFERENTIATION,2.1826820690251344e-4,0.007556133101537897,0.5188480777437918,-0.3993566278899832,-1.4016445683508698,440,
GOBP_TAIL_ANCHORED_MEMBRANE_PROTEIN_INSERTION_INTO_ER_MEMBRANE,2.1836448657417854e-4,0.007556133101537897,0.5188480777437918,0.7850422326137693,2.1711128164731344,17,
GOBP_VACUOLE_ORGANIZATION,2.2293627942110555e-4,0.0076511000158702375,0.5188480777437918,0.3226433186357388,1.3974575977139054,245,
GOBP_NEGATIVE_REGULATION_OF_ADAPTIVE_IMMUNE_RESPONSE,2.3273899725310493e-4,0.007922586841453255,0.5188480777437918,-0.5591621425471432,-1.7294089007687545,69,
GOBP_MITOCHONDRIAL_RIBOSOME_ASSEMBLY,2.3657496521183144e-4,0.007934171360926586,0.5188480777437918,0.7829218622550447,2.106870147129129,16,
GOBP_RESPIRATORY_CHAIN_COMPLEX_IV_ASSEMBLY,2.3686921903888776e-4,0.007934171360926586,0.5188480777437918,0.6213052244757575,1.9964832278137088,31,
GOBP_PROXIMAL_DISTAL_PATTERN_FORMATION,2.4049011322582845e-4,0.007991524635528125,0.5188480777437918,-0.6597597827076336,-1.799042026591951,34,
GOBP_XENOBIOTIC_TRANSPORT,2.56176948083841e-4,0.008399539183539159,0.49849310876659025,0.4823618687498418,1.7657484156658318,61,
GOBP_MACROAUTOPHAGY,2.5678075364055704e-4,0.008399539183539159,0.49849310876659025,0.2922586772425646,1.2913204837949697,384,
GOBP_WATER_SOLUBLE_VITAMIN_METABOLIC_PROCESS,2.6031129598118384e-4,0.008413301766618772,0.49849310876659025,0.4679909289567435,1.7115734531268876,66,
GOBP_REGULATION_OF_MITOCHONDRIAL_GENE_EXPRESSION,2.6122026024849305e-4,0.008413301766618772,0.49849310876659025,0.6079311015855048,1.9797192910035555,34,
GOBP_ORGANIC_ACID_BIOSYNTHETIC_PROCESS,3.0490217424613506e-4,0.009677582199649381,0.49849310876659025,0.29616292515433407,1.3099348265005715,334,
GOBP_CELLULAR_RESPONSE_TO_TOXIC_SUBSTANCE,3.050969310613132e-4,0.009677582199649381,0.49849310876659025,0.3772718639589957,1.5636487977434368,136,
GOBP_SULFUR_COMPOUND_TRANSPORT,3.3147443927609955e-4,0.010435214114654352,0.49849310876659025,0.46338254464621337,1.6947193054080567,66,
GOBP_EXTRACELLULAR_MATRIX_DISASSEMBLY,3.620183908716874e-4,0.011311723899848919,0.49849310876659025,0.4608510430190904,1.7428223589412752,74,
GOBP_SULFUR_COMPOUND_METABOLIC_PROCESS,3.7244494169533113e-4,0.011551310895395196,0.49849310876659025,0.2933607218002751,1.3122055980144733,323,
GOBP_IMMUNE_RESPONSE_REGULATING_CELL_SURFACE_RECEPTOR_SIGNALING_PATHWAY,4.2576885740526336e-4,0.013108045632028218,0.49849310876659025,-0.4004888030771879,-1.4020980823526088,378,
GOBP_RIBOSOMAL_LARGE_SUBUNIT_ASSEMBLY,4.406053600788315e-4,0.01346580031131436,0.49849310876659025,0.7237983667355324,2.0613983686648285,20,
GOBP_INTRINSIC_APOPTOTIC_SIGNALING_PATHWAY,4.5635515153074366e-4,0.013846079851153794,0.49849310876659025,0.2940636674298822,1.3064424095610954,333,
GOBP_REGULATION_OF_T_CELL_MEDIATED_IMMUNITY,4.709117608131875e-4,0.014184946349099396,0.49849310876659025,-0.5008491257653784,-1.6267955424922889,106,
GOBP_DETOXIFICATION_OF_COPPER_ION,4.83477593450292e-4,0.014459433455545519,0.49849310876659025,0.7647009465432038,2.057837024901501,16,
GOBP_NATURAL_KILLER_CELL_ACTIVATION,5.076812086204068e-4,0.014978609714804525,0.47727081536286214,-0.49568287799307903,-1.6108498346865538,107,
GOBP_GLUCOSE_METABOLIC_PROCESS,5.079920180325394e-4,0.014978609714804525,0.47727081536286214,0.3333093983265184,1.4241757473638368,200,
GOBP_NEURON_PROJECTION_EXTENSION_INVOLVED_IN_NEURON_PROJECTION_GUIDANCE,5.200091980499021e-4,0.015225723861782798,0.47727081536286214,-0.7310441580407936,-1.8066850588398893,21,
GOBP_REGULATION_OF_MITOCHONDRIAL_OUTER_MEMBRANE_PERMEABILIZATION_INVOLVED_IN_APOPTOTIC_SIGNALING_PATHWAY,5.37033549163519e-4,0.01561499632185871,0.47727081536286214,0.6479137974946575,1.9588988005928323,25,
GOBP_NEGATIVE_REGULATION_OF_MITOCHONDRIAL_OUTER_MEMBRANE_PERMEABILIZATION_INVOLVED_IN_APOPTOTIC_SIGNALING_PATHWAY,5.888321449987194e-4,0.016981424002507958,0.47727081536286214,0.7605097100475549,2.0090372854563987,15,
GOBP_CARBOHYDRATE_DERIVATIVE_TRANSPORT,5.921394565001581e-4,0.016981424002507958,0.47727081536286214,0.41047036317867336,1.6205568562748875,92,
GOBP_REGULATION_OF_LEUKOCYTE_MEDIATED_IMMUNITY,6.096286294906281e-4,0.017296795450776937,0.47727081536286214,-0.42418346753965047,-1.4620297325564915,262,
GOBP_REGULATION_OF_MACROAUTOPHAGY,6.113985494900852e-4,0.017296795450776937,0.47727081536286214,0.3285121206153534,1.3868772092150479,195,
GOBP_NEGATIVE_REGULATION_OF_T_CELL_MEDIATED_IMMUNITY,6.280324649013954e-4,0.017648133762027802,0.47727081536286214,-0.6363746075133456,-1.717389115575272,33,
GOBP_FOLIC_ACID_METABOLIC_PROCESS,6.592841587006931e-4,0.01840281848319868,0.47727081536286214,0.7546128856648827,2.0306896998213997,16,
GOBP_IMPORT_ACROSS_PLASMA_MEMBRANE,6.716490770740679e-4,0.01856266512571495,0.47727081536286214,0.3124307916679155,1.3194249641654539,219,
GOBP_TRANSLATIONAL_INITIATION,6.738775015783789e-4,0.01856266512571495,0.47727081536286214,0.36126309883972285,1.494514534241471,127,
GOBP_TERPENOID_BIOSYNTHETIC_PROCESS,6.992402991655661e-4,0.01913541916736095,0.47727081536286214,0.7499079626505739,2.018028587236248,16,
GOBP_NEUTRAL_AMINO_ACID_TRANSPORT,7.587553826802576e-4,0.020629277839495055,0.47727081536286214,0.4654708387250802,1.7155509219206735,59,
GOBP_LIPID_HOMEOSTASIS,7.647027490278339e-4,0.020656841355997036,0.47727081536286214,0.3208556440025174,1.3632367884741334,193,
GOBP_MODIFIED_AMINO_ACID_BIOSYNTHETIC_PROCESS,7.745271276625646e-4,0.020788109509763834,0.47727081536286214,0.5252296424471151,1.8410937770748712,47,
GOBP_SYNAPTIC_VESICLE_LUMEN_ACIDIFICATION,7.827402118782173e-4,0.020874734185567487,0.47727081536286214,0.7278207954623712,2.044484518169861,18,
GOBP_L_AMINO_ACID_CATABOLIC_PROCESS,8.071318819095753e-4,0.021381182065242556,0.47727081536286214,0.42681678128315714,1.6266487051547083,77,
GOBP_APOPTOTIC_MITOCHONDRIAL_CHANGES,8.1194362273073e-4,0.021381182065242556,0.47727081536286214,0.3871198814206727,1.5512446806976066,111,
GOBP_DICARBOXYLIC_ACID_TRANSPORT,8.312110045436629e-4,0.021751752975151976,0.47727081536286214,0.38491136383716484,1.5401701779019714,107,
GOBP_SPLICEOSOMAL_SNRNP_ASSEMBLY,8.510792274896785e-4,0.022133346121113565,0.47727081536286214,0.4951728558495191,1.7862438037801098,52,
GOBP_POSITIVE_REGULATION_OF_NATURAL_KILLER_CELL_MEDIATED_IMMUNITY,8.573164697837354e-4,0.022157926290027777,0.47727081536286214,-0.6234086773209482,-1.7141140257365095,36,
GOBP_REGULATION_OF_MITOCHONDRION_ORGANIZATION,9.133168780754674e-4,0.02335666446910909,0.47727081536286214,0.37783120858434716,1.5476976001239608,118,
GOBP_PIGMENTATION,9.148538268292073e-4,0.02335666446910909,0.47727081536286214,0.3711357967452663,1.513259014857103,114,
GOBP_NEGATIVE_REGULATION_OF_ESTABLISHMENT_OF_PROTEIN_LOCALIZATION,9.591349428830455e-4,0.02433877579303825,0.47727081536286214,0.34817706255385283,1.457419844415294,144,
GOBP_REGULATION_OF_LEUKOCYTE_DIFFERENTIATION,9.978046167404486e-4,0.02515678280657816,0.45505986738722953,-0.39682984305737556,-1.383701477178317,345,
GOBP_REGULATION_OF_CELL_KILLING,0.0010033873247429074,0.02515678280657816,0.45505986738722953,-0.483096248418466,-1.5767741006801583,113,
GOBP_PROTEIN_LOCALIZATION_TO_CENP_A_CONTAINING_CHROMATIN,0.001013772060218608,0.025265854857948283,0.45505986738722953,-0.7436180923365914,-1.7641937363970113,18,
GOBP_NEGATIVE_REGULATION_OF_APOPTOTIC_SIGNALING_PATHWAY,0.001040131924838665,0.02576942230354728,0.45505986738722953,0.3051512867306228,1.3199648160922142,242,
GOBP_RRNA_TRANSCRIPTION,0.0011177443246464835,0.02752938521938133,0.45505986738722953,0.5438338451507793,1.8662117259860516,42,
GOBP_RESPONSE_TO_OXIDATIVE_STRESS,0.0011503848369078694,0.028167610012475138,0.45505986738722953,0.2693494154234462,1.2090497391592632,411,
GOBP_REGULATION_OF_LYSOSOMAL_LUMEN_PH,0.0011703883910027084,0.028490791820513603,0.45505986738722953,0.581308534565705,1.8325048713009744,30,
GOBP_RRNA_MODIFICATION,0.001193174776612921,0.028877588379643358,0.45505986738722953,0.5517985722045624,1.8161793200102982,36,
GOBP_CELLULAR_RESPONSE_TO_ZINC_ION,0.001210769547863649,0.029118708350496035,0.45505986738722953,0.6164329785742555,1.863719876076467,25,
GOBP_LEUKOCYTE_MEDIATED_CYTOTOXICITY,0.0012170465634909974,0.029118708350496035,0.45505986738722953,-0.44948182392828834,-1.5014467008075632,155,
GOBP_MATURATION_OF_5_8S_RRNA_FROM_TRICISTRONIC_RRNA_TRANSCRIPT_SSU_RRNA_5_8S_RRNA_LSU_RRNA,0.0012483120490042142,0.02969705993852639,0.45505986738722953,0.650599897590632,1.9292843266395974,23,
GOBP_TRNA_PROCESSING,0.0013391039558210748,0.03167699583628723,0.45505986738722953,0.35952702145881715,1.4796986718549416,135,
GOBP_LYMPHOCYTE_ACTIVATION_INVOLVED_IN_IMMUNE_RESPONSE,0.0013475909122921468,0.03169866938071471,0.45505986738722953,-0.4115839073790996,-1.4101222703328427,235,
GOBP_REGULATION_OF_HEMOPOIESIS,0.001379681376528295,0.03227221186326241,0.45505986738722953,-0.38121085400821997,-1.3389435593664714,446,
GOBP_REGULATION_OF_MEMBRANE_PERMEABILITY,0.001654357657151492,0.038399074695239746,0.45505986738722953,0.4234969945077412,1.601558772954643,74,
GOBP_POSITIVE_T_CELL_SELECTION,0.0016599552232716488,0.038399074695239746,0.45505986738722953,-0.5584092669486818,-1.6290730079207623,51,
GOBP_MONOCARBOXYLIC_ACID_BIOSYNTHETIC_PROCESS,0.0017383715466149998,0.03999209706415937,0.45505986738722953,0.3024600830861193,1.3009314539796315,235,
GOBP_PIGMENT_BIOSYNTHETIC_PROCESS,0.001772391567053414,0.040497569272482214,0.45505986738722953,0.45684808010084715,1.673291726015831,58,
GOBP_PIGMENT_METABOLIC_PROCESS,0.0017796877826932716,0.040497569272482214,0.45505986738722953,0.4130470057157547,1.5766905760829606,81,
GOBP_ZINC_ION_TRANSPORT,0.001838658598892034,0.04161331650573484,0.45505986738722953,0.5513427678852785,1.785923067877177,32,
GOBP_FOLIC_ACID_CONTAINING_COMPOUND_METABOLIC_PROCESS,0.0018660597861232889,0.041970421119922954,0.45505986738722953,0.6034094588697115,1.8603822230250606,28,
GOBP_ENDOSOME_ORGANIZATION,0.0018807709682286183,0.041970421119922954,0.45505986738722953,0.37697470931882326,1.4897922918828677,101,
GOBP_EXCRETION,0.0018845089970254397,0.041970421119922954,0.45505986738722953,0.5600504249036942,1.79964892616768,31,
GOBP_RENAL_SYSTEM_PROCESS,0.0019891841073883215,0.04406726908801535,0.4317076958033464,0.3490830868218354,1.45362301401397,138,
GOBP_PYRIDINE_CONTAINING_COMPOUND_CATABOLIC_PROCESS,0.002087541065076171,0.0456603217812411,0.4317076958033464,0.3679077697529212,1.4628402268520029,106,
GOBP_VASCULAR_PROCESS_IN_CIRCULATORY_SYSTEM,0.002091220423966248,0.0456603217812411,0.4317076958033464,0.2868716134128497,1.2659357794518695,281,
GOBP_REGULATION_OF_ADAPTIVE_IMMUNE_RESPONSE,0.0020938098356814644,0.0456603217812411,0.4317076958033464,-0.412057934373163,-1.4112609676971506,221,
GOBP_POSITIVE_REGULATION_OF_CELL_KILLING,0.002144377015602298,0.046520759400657107,0.4317076958033464,-0.5108585855979748,-1.5832393754098657,72,
GOBP_NUCLEOSIDE_MONOPHOSPHATE_BIOSYNTHETIC_PROCESS,0.002163779167633928,0.04661805516109396,0.4317076958033464,0.49377823666883314,1.6956693806125935,43,
GOBP_PYRIMIDINE_CONTAINING_COMPOUND_BIOSYNTHETIC_PROCESS,0.0021760121117807515,0.04661805516109396,0.4317076958033464,0.4897745362291811,1.6937821488680607,44,
GOBP_NEURON_CELLULAR_HOMEOSTASIS,0.00218890549689378,0.04661805516109396,0.4317076958033464,0.4238973337750085,1.5391694137348522,64,
GOBP_ALPHA_BETA_T_CELL_ACTIVATION,0.0021933978664283524,0.04661805516109396,0.4317076958033464,-0.4197460820376431,-1.4312170561207476,203,
GOBP_POSITIVE_REGULATION_OF_PROTEIN_CATABOLIC_PROCESS,0.0022126095021315125,0.04678886861325578,0.4317076958033464,0.3051160735265984,1.2881388899407735,216,
GOBP_ALANINE_TRANSPORT,0.0022585525815237016,0.04752040029567708,0.4317076958033464,0.6915551556117723,1.9426125468297581,18,
GOBP_RESPONSE_TO_INCREASED_OXYGEN_LEVELS,0.002292016107280715,0.04784448006476927,0.4317076958033464,0.6067786463575926,1.8224631348309093,24,
GOBP_NUCLEOSIDE_MONOPHOSPHATE_METABOLIC_PROCESS,0.002296809288994178,0.04784448006476927,0.4317076958033464,0.4034890434574626,1.5377439661838652,77,
GOBP_T_CELL_MEDIATED_CYTOTOXICITY,0.0023257941088049745,0.04820841551270509,0.4317076958033464,-0.535543982159172,-1.6060148299440256,60,
GOBP_NEGATIVE_REGULATION_OF_OXIDATIVE_STRESS_INDUCED_INTRINSIC_APOPTOTIC_SIGNALING_PATHWAY,0.002463386565519989,0.05080886477749849,0.4317076958033464,0.5522982891838151,1.7985518007449306,34,
GOBP_NEGATIVE_REGULATION_OF_PROTEIN_SECRETION,0.002489545510051869,0.051096701228368506,0.4317076958033464,0.40161435321913735,1.5305993022848259,77,
GOBP_REGULATION_OF_T_CELL_MEDIATED_CYTOTOXICITY,0.0025136147965092548,0.05133904952675244,0.4317076958033464,-0.5576924762282364,-1.6035277242503367,48,
GOBP_GLYCEROPHOSPHOLIPID_METABOLIC_PROCESS,0.0025409607133262506,0.05137588837694265,0.4317076958033464,0.28260937954709076,1.240018178380332,300,
GOBP_ESTABLISHMENT_OF_PROTEIN_LOCALIZATION_TO_MITOCHONDRIAL_MEMBRANE,0.002551294839586592,0.05137588837694265,0.4317076958033464,0.5420936189695373,1.7591053937114522,33,
GOBP_MUSCLE_CELL_DIFFERENTIATION,0.0025522294679732674,0.05137588837694265,0.4317076958033464,-0.3737170900845217,-1.3119368032762084,439,
GOBP_CELL_FATE_COMMITMENT,0.0026211310688503096,0.05238846630786433,0.4317076958033464,-0.3894527324907795,-1.350206566214844,302,
GOBP_ESTABLISHMENT_OF_PROTEIN_LOCALIZATION_TO_MEMBRANE,0.0026275562275260354,0.05238846630786433,0.4317076958033464,0.28457538022035855,1.2513640717157122,279,
GOBP_PIGMENT_GRANULE_LOCALIZATION,0.0026885197374702007,0.05334282415409144,0.4317076958033464,0.5971427086720025,1.8142032717589078,26,
GOBP_GLYCEROLIPID_BIOSYNTHETIC_PROCESS,0.0027009024888147563,0.05334282415409144,0.4317076958033464,0.28921328613844,1.2455917853930458,241,
GOBP_POSITIVE_REGULATION_OF_LYMPHOCYTE_CHEMOTAXIS,0.00277257236483095,0.05450122296501027,0.4317076958033464,-0.7006746877120908,-1.6818937506467384,19,
GOBP_REGULATION_OF_INTRINSIC_APOPTOTIC_SIGNALING_PATHWAY,0.0027949004961903764,0.05453219712768786,0.4317076958033464,0.30407412557664243,1.2919362403546502,193,
GOBP_RIBONUCLEOSIDE_MONOPHOSPHATE_BIOSYNTHETIC_PROCESS,0.002800196413291829,0.05453219712768786,0.4317076958033464,0.5312155801815973,1.7540047839753046,35,
GOBP_POSITIVE_REGULATION_OF_ANTIGEN_RECEPTOR_MEDIATED_SIGNALING_PATHWAY,0.0029061472493713283,0.056333511727397,0.4317076958033464,-0.6391336764440971,-1.684686169028944,28,
GOBP_PTERIDINE_CONTAINING_COMPOUND_METABOLIC_PROCESS,0.0029246473595758177,0.05643086863845137,0.4317076958033464,0.529757910747511,1.7491917490112927,35,
GOBP_GLYCEROPHOSPHOLIPID_BIOSYNTHETIC_PROCESS,0.0029630117338903202,0.05690885380641639,0.4317076958033464,0.3120747467497257,1.3344618212624242,199,
GOBP_LIPID_CATABOLIC_PROCESS,0.0029896973048276795,0.05715919002426253,0.4317076958033464,0.2720349008213075,1.2177278884580602,351,
GOBP_VACUOLAR_ACIDIFICATION,0.0031059946275177673,0.05911272502462223,0.4317076958033464,0.5455212181634932,1.7764823619541843,34,
GOBP_REGULATION_OF_LYMPHOCYTE_DIFFERENTIATION,0.0031979691653530873,0.06051923346753552,0.4317076958033464,-0.404368726181632,-1.3860594692066894,228,
GOBP_NUCLEOLAR_LARGE_RRNA_TRANSCRIPTION_BY_RNA_POLYMERASE_I,0.003208805786910171,0.06051923346753552,0.4317076958033464,0.5959895413443091,1.7900579962147745,24,
GOBP_SYNAPSE_ASSEMBLY,0.003251032480214256,0.06094531359824426,0.4317076958033464,-0.3952310866822078,-1.3637765255543344,275,
GOBP_VACUOLAR_LOCALIZATION,0.00327155544360805,0.06094531359824426,0.4317076958033464,0.37299635177898244,1.4602980956866591,90,
GOBP_INTRACELLULAR_PH_REDUCTION,0.0032903839148153953,0.06094531359824426,0.4317076958033464,0.4487754165447892,1.611943294971851,55,
GOBP_HIGH_DENSITY_LIPOPROTEIN_PARTICLE_CLEARANCE,0.0032957977820022508,0.06094531359824426,0.4317076958033464,0.6770899293614983,1.9019790127168428,18,
GOBP_NUCLEOSIDE_DIPHOSPHATE_METABOLIC_PROCESS,0.0033041763044665507,0.06094531359824426,0.4317076958033464,0.344228647461574,1.4167354386787285,135,
GOBP_ALDEHYDE_METABOLIC_PROCESS,0.0033366894903944884,0.06127508287842861,0.4317076958033464,0.40677201975223143,1.5563053115975025,76,
GOBP_CRANIAL_NERVE_DEVELOPMENT,0.003432423432318356,0.06253104431341844,0.4317076958033464,-0.5229552768091856,-1.5836870987149918,62,
GOBP_MATURATION_OF_LSU_RRNA_FROM_TRICISTRONIC_RRNA_TRANSCRIPT_SSU_RRNA_5_8S_RRNA_LSU_RRNA,0.0034349510848068407,0.06253104431341844,0.4317076958033464,0.7053254135197027,1.9506479797631984,17,
GOBP_THYMIC_T_CELL_SELECTION,0.0034720549697474993,0.06293287514429775,0.4317076958033464,-0.6476753534929899,-1.6485125645108922,24,
GOBP_CELLULAR_RESPONSE_TO_NUTRIENT_LEVELS,0.003504461754798763,0.06324647141095871,0.4317076958033464,0.28557453535336746,1.2435571666621856,256,
GOBP_MEMBRANE_LIPID_METABOLIC_PROCESS,0.0035789008462859414,0.06431269460686367,0.4317076958033464,0.2912759098836563,1.2451998224918301,222,
GOBP_POSITIVE_REGULATION_OF_NATURAL_KILLER_CELL_MEDIATED_CYTOTOXICITY,0.00361260801106531,0.064640981804831,0.4317076958033464,-0.6299521355998825,-1.6750312909340863,30,
GOBP_REGULATION_OF_AMIDE_METABOLIC_PROCESS,0.0037337893488652136,0.06652500427105809,0.4317076958033464,0.3842838479989237,1.498702321051349,88,
GOBP_CELLULAR_PIGMENTATION,0.003784135298984139,0.06713633261375673,0.4317076958033464,0.4145008852636402,1.5050509492056348,64,
GOBP_POSITIVE_REGULATION_OF_TRANSLATION,0.0038304924787575393,0.0676720337913832,0.4317076958033464,0.3417446490910196,1.4065120928092436,135,
GOBP_UNSATURATED_FATTY_ACID_METABOLIC_PROCESS,0.003913036903139039,0.06874771521452507,0.40701791892395395,0.35196730445889124,1.4410232646141314,119,
GOBP_RESPONSE_TO_ACTIVITY,0.003924218757170167,0.06874771521452507,0.40701791892395395,0.38132876668287236,1.4716111217270424,83,
GOBP_CELLULAR_COMPONENT_ASSEMBLY_INVOLVED_IN_MORPHOGENESIS,0.003965171203251981,0.0689970653505011,0.40701791892395395,-0.43453560935552227,-1.4421570130998573,136,
GOBP_NEGATIVE_REGULATION_OF_CELL_KILLING,0.003971409780145872,0.0689970653505011,0.40701791892395395,-0.5912864388687336,-1.6123279732407312,34,
GOBP_CELLULAR_RESPONSE_TO_STARVATION,0.004105788675607658,0.07103693051557547,0.40701791892395395,0.3049463318517629,1.284731797990466,188,
GOBP_RIBOSOMAL_SMALL_SUBUNIT_ASSEMBLY,0.00413138744290012,0.07117181038922839,0.40701791892395395,0.647424187476626,1.8675844561838293,21,
GOBP_REGULATION_OF_RRNA_PROCESSING,0.004147581021010682,0.07117181038922839,0.40701791892395395,0.6949221190180898,1.8357746510671262,15,
GOBP_PYRIMIDINE_NUCLEOTIDE_BIOSYNTHETIC_PROCESS,0.004177012455146485,0.07134858310933695,0.40701791892395395,0.5393107589015393,1.7562580865801887,34,
GOBP_POSITIVE_REGULATION_OF_HEMOPOIESIS,0.004191963564580103,0.07134858310933695,0.40701791892395395,-0.4129269083506225,-1.4070249619757278,200,
GOBP_ARTERY_DEVELOPMENT,0.0042594403688481965,0.07220354989622428,0.40701791892395395,-0.4583697280816133,-1.500880418211764,119,
GOBP_CELL_MATRIX_ADHESION,0.004281072127403274,0.07227761692515124,0.40701791892395395,-0.40146367450408904,-1.3790933192039334,242,
GOBP_REGULATION_OF_GENERATION_OF_PRECURSOR_METABOLITES_AND_ENERGY,0.004477016260814639,0.07528219712462207,0.40701791892395395,0.33910080962362454,1.4101641909474887,139,
GOBP_RESPONSE_TO_ZINC_ION,0.004557358230000896,0.07632663563605502,0.40701791892395395,0.4579117769556541,1.6518314051397558,52,
GOBP_RESPONSE_TO_OXYGEN_LEVELS,0.004637781992329289,0.07736411634216228,0.40701791892395395,0.26470060690975017,1.1767722503874816,354,
GOBP_PSEUDOURIDINE_SYNTHESIS,0.0046739099175737596,0.07765738422571956,0.40701791892395395,0.6643739786616555,1.8662592799176116,18,
GOBP_TRNA_MODIFICATION,0.0047005787759460925,0.07779179183749522,0.40701791892395395,0.3699760347315626,1.4551307141272396,93,
GOBP_REGULATION_OF_PROTEIN_SUMOYLATION,0.0047540791204411905,0.07836743809955617,0.40701791892395395,0.5809084193197034,1.744761759956762,24,
GOBP_REGULATION_OF_ANTIGEN_RECEPTOR_MEDIATED_SIGNALING_PATHWAY,0.0048903131007975095,0.08029702334525166,0.40701791892395395,-0.48827663561644796,-1.5219726773038469,74,
GOBP_ERAD_PATHWAY,0.0049732521228422425,0.08133986968101746,0.40701791892395395,0.35802346495976883,1.449087947993695,112,
GOBP_PARASYMPATHETIC_NERVOUS_SYSTEM_DEVELOPMENT,0.0050109306414722835,0.08134552287789343,0.40701791892395395,-0.6804548714111092,-1.6333582700988527,19,
GOBP_MITOPHAGY,0.00501245400107392,0.08134552287789343,0.40701791892395395,0.36039635658298796,1.421407280424447,97,
GOBP_GLUTAMINE_FAMILY_AMINO_ACID_CATABOLIC_PROCESS,0.005194341563600709,0.08369759243083712,0.40701791892395395,0.5633815384449157,1.7033244610676623,25,
GOBP_CHAPERONE_MEDIATED_PROTEIN_FOLDING,0.005197366618585539,0.08369759243083712,0.40701791892395395,0.4046766588732993,1.5198662659305482,73,
GOBP_REGULATION_OF_T_CELL_ACTIVATION,0.005300765156049084,0.08497759661714949,0.40701791892395395,-0.3673215259570978,-1.2875721904792319,399,
GOBP_PROSTANOID_METABOLIC_PROCESS,0.0053174421575574796,0.08497759661714949,0.40701791892395395,0.44295858259063103,1.5913879395004376,51,
GOBP_PHOSPHATE_ION_TRANSPORT,0.005361201238242184,0.08535113910463887,0.40701791892395395,0.5833150467233827,1.7804996870437755,27,
GOBP_AUTOPHAGY_OF_MITOCHONDRION,0.005457181207811227,0.08631308897468584,0.40701791892395395,0.3377759360807726,1.3774841358202348,116,
GOBP_NEURON_MIGRATION,0.005462853732575053,0.08631308897468584,0.40701791892395395,-0.40684776303259285,-1.3833266133313933,196,
GOBP_HEART_MORPHOGENESIS,0.005535002662917152,0.087124271239226,0.40701791892395395,-0.38907831052239,-1.3428398918041173,276,
GOBP_POSITIVE_REGULATION_OF_DNA_BIOSYNTHETIC_PROCESS,0.005630377031099767,0.08812928753351743,0.40701791892395395,0.46331194285408966,1.6187636705659287,46,
GOBP_POSITIVE_REGULATION_OF_MITOCHONDRIAL_TRANSLATION,0.005677203034971189,0.08812928753351743,0.40701791892395395,0.6696916282443848,1.8021636223906603,16,
GOBP_AUTONOMIC_NERVOUS_SYSTEM_DEVELOPMENT,0.005693834661361911,0.08812928753351743,0.40701791892395395,-0.5464540896376167,-1.5616722982882698,46,
GOBP_SNRNA_3_END_PROCESSING,0.0057122480275834,0.08812928753351743,0.40701791892395395,0.5727646331718016,1.720301851682813,24,
GOBP_SULFUR_COMPOUND_BIOSYNTHETIC_PROCESS,0.005715924435299833,0.08812928753351743,0.40701791892395395,0.30731707701855404,1.3033765952503436,162,
GOBP_MITOCHONDRIAL_ELECTRON_TRANSPORT_CYTOCHROME_C_TO_OXYGEN,0.00572514120112652,0.08812928753351743,0.40701791892395395,0.5880942986552979,1.7439306664257765,23,
GOBP_REGULATION_OF_LIPID_TRANSPORT,0.005758020720080061,0.0883107426922169,0.40701791892395395,0.31441653826074334,1.328766610030565,157,
GOBP_GLYCINE_TRANSPORT,0.005874673147143447,0.08952629239893936,0.40701791892395395,0.6807981778953307,1.8828154563594168,17,
GOBP_REGULATION_OF_RESPONSE_TO_WOUNDING,0.005880040699715387,0.08952629239893936,0.40701791892395395,0.29646666363377816,1.245907643527963,177,
GOBP_PHOSPHATIDYLINOSITOL_BIOSYNTHETIC_PROCESS,0.0060050764683792154,0.09109875062718759,0.40701791892395395,0.3393078451359215,1.3870319837804248,120,
GOBP_NERVE_DEVELOPMENT,0.006029751504295222,0.09110442927966084,0.40701791892395395,-0.4552816812747696,-1.4670746414618188,97,
GOBP_NEGATIVE_REGULATION_OF_GROWTH,0.006062036899657264,0.09110442927966084,0.40701791892395395,0.288294856454229,1.234475902887067,231,
GOBP_REGULATION_OF_RESPONSE_TO_ENDOPLASMIC_RETICULUM_STRESS,0.006070727434684828,0.09110442927966084,0.40701791892395395,0.3614579643894327,1.4080784616267719,95,
GOBP_SENSORY_PERCEPTION_OF_TASTE,0.006159339794000696,0.09210412756243183,0.40701791892395395,-0.5011474442978189,-1.5426558335716223,68,
GOBP_NEGATIVE_REGULATION_OF_AMIDE_METABOLIC_PROCESS,0.006218993436360933,0.09266521536670189,0.40701791892395395,0.4831726913903575,1.599576235537745,38,
GOBP_TYROSINE_METABOLIC_PROCESS,0.006388300865296045,0.09485041036522887,0.40701791892395395,0.6765217922402366,1.8709886840938734,17,
GOBP_REGULATION_OF_CELL_GROWTH,0.0064458208345469,0.09536626089840237,0.40701791892395395,0.2550457514176566,1.1332603221231663,415,
GOBP_DOLICHOL_LINKED_OLIGOSACCHARIDE_BIOSYNTHETIC_PROCESS,0.0065013131529508775,0.095831000670679,0.40701791892395395,0.588676519603327,1.716622389049244,22,
GOBP_ESTABLISHMENT_OF_PIGMENT_GRANULE_LOCALIZATION,0.006523008166024245,0.095831000670679,0.40701791892395395,0.5663020099887486,1.7008913259892693,24,
GOBP_TELOMERASE_RNA_LOCALIZATION,0.006556896164906441,0.09588093461390827,0.40701791892395395,0.6312212795375404,1.798456220993982,19,
GOBP_INTRINSIC_APOPTOTIC_SIGNALING_PATHWAY_IN_RESPONSE_TO_OXIDATIVE_STRESS,0.006572206408930421,0.09588093461390827,0.40701791892395395,0.4094440904151875,1.4978451204026242,65,
GOBP_SNRNA_PROCESSING,0.006696705367688416,0.0973067770150421,0.40701791892395395,0.49773428730439645,1.6382331615153005,36,
GOBP_MATURE_B_CELL_DIFFERENTIATION,0.006728962090204768,0.0973067770150421,0.40701791892395395,-0.5608151439129427,-1.5721114657459463,42,
GOBP_NEGATIVE_REGULATION_OF_HEMOPOIESIS,0.006748328503394074,0.0973067770150421,0.40701791892395395,-0.4341111333854874,-1.432611446714846,128,
GOBP_VITAMIN_TRANSMEMBRANE_TRANSPORT,0.006763720560467288,0.0973067770150421,0.40701791892395395,0.6307183942833474,1.819394289212171,21,
GOBP_NEGATIVE_REGULATION_OF_INTRINSIC_APOPTOTIC_SIGNALING_PATHWAY,0.006786142557533388,0.0973067770150421,0.40701791892395395,0.3496792628303985,1.4131898794963818,113,
GOBP_POSITIVE_REGULATION_OF_LEUKOCYTE_MEDIATED_IMMUNITY,0.006910189551685221,0.09874731622152225,0.40701791892395395,-0.4174507055113604,-1.3982391432758194,156,
GOBP_CELLULAR_OXIDANT_DETOXIFICATION,0.007068802598987545,0.10067032816993488,0.40701791892395395,0.3604409983598643,1.4092797404235713,96,
GOBP_NEGATIVE_REGULATION_OF_PROTEOLYSIS,0.007148900557594304,0.10140643226577982,0.40701791892395395,0.32538665489664087,1.3603992671082286,140,
GOBP_NUCLEOSOME_ORGANIZATION,0.007191692473289682,0.10140643226577982,0.40701791892395395,-0.4229681825750619,-1.4020867856533705,137,
GOBP_RESPONSE_TO_STARVATION,0.0071931479300063545,0.10140643226577982,0.40701791892395395,0.2880878201063188,1.2336803575812056,223,
GOBP_PHOSPHATE_ION_TRANSMEMBRANE_TRANSPORT,0.007317993237797431,0.1028202606934827,0.40701791892395395,0.6724075654274132,1.7762979908332326,15,
GOBP_AORTA_DEVELOPMENT,0.007374605535460125,0.10326914172900183,0.40701791892395395,-0.48828413815430566,-1.5101933238569722,69,
GOBP_RESPONSE_TO_ACID_CHEMICAL,0.007496225620946325,0.10462232224967422,0.40701791892395395,0.32324228208347083,1.3488233836639087,142,
GOBP_NEGATIVE_REGULATION_OF_PROTEIN_LOCALIZATION,0.007705248054709434,0.10695936858727928,0.40701791892395395,0.2904765530597253,1.2461225008236207,229,
GOBP_REGULATION_OF_MITOCHONDRIAL_MEMBRANE_PERMEABILITY,0.007714766972380784,0.10695936858727928,0.40701791892395395,0.41853110192797516,1.5329486112358748,58,
GOBP_RESPONSE_TO_ENDOPLASMIC_RETICULUM_STRESS,0.007852589423157065,0.108510864405144,0.3807304007227924,0.2732089416458198,1.2100017261905434,283,
GOBP_NEGATIVE_REGULATION_OF_T_CELL_DIFFERENTIATION,0.007927304820136401,0.1091829779010234,0.3807304007227924,-0.5202035767775812,-1.5341959217687975,54,
GOBP_NUCLEOSIDE_DIPHOSPHATE_CATABOLIC_PROCESS,0.0080220082393515,0.11009329426113017,0.3807304007227924,0.34405132589145915,1.3860508764745223,109,
GOBP_REGULATION_OF_SYSTEMIC_ARTERIAL_BLOOD_PRESSURE_BY_RENIN_ANGIOTENSIN,0.008045987113423891,0.11009329426113017,0.3807304007227924,0.500670353834334,1.6246860119393705,33,
GOBP_T_CELL_CHEMOTAXIS,0.008254395477286111,0.11257704841497378,0.3807304007227924,-0.5974318116533726,-1.5756055708381196,29,
GOBP_AORTA_MORPHOGENESIS,0.008306765045711205,0.11263814609415174,0.3807304007227924,-0.5429164000869424,-1.505795012354917,38,
GOBP_DICARBOXYLIC_ACID_CATABOLIC_PROCESS,0.008312679040624047,0.11263814609415174,0.3807304007227924,0.6373281705458796,1.7902862707389322,18,
GOBP_MONOATOMIC_ANION_TRANSPORT,0.008380196533045461,0.11318671898019789,0.3807304007227924,0.2913375355217433,1.224352370361357,177,
GOBP_POSITIVE_REGULATION_OF_MEMBRANE_PERMEABILITY,0.008516069782379307,0.11465203916019986,0.3807304007227924,0.44240450475489973,1.5785518157612761,50,
GOBP_POSITIVE_REGULATION_OF_LEUKOCYTE_CELL_CELL_ADHESION,0.008643021383512091,0.11582839025971649,0.3807304007227924,-0.3816171364137744,-1.3189326452512473,285,
GOBP_MITOCHONDRIAL_FUSION,0.008658773859873719,0.11582839025971649,0.3807304007227924,0.4863137699139853,1.600643887905159,36,
GOBP_REGULATION_OF_DNA_BIOSYNTHETIC_PROCESS,0.008693242972020676,0.11591913478933302,0.3807304007227924,0.36284114828547964,1.4150760536516438,88,
GOBP_MITOCHONDRIAL_OUTER_MEMBRANE_PERMEABILIZATION,0.008739696980059454,0.11611667665282899,0.3807304007227924,0.5115457643065087,1.665841762639801,34,
GOBP_BASIC_AMINO_ACID_TRANSPORT,0.008763522766251244,0.11611667665282899,0.3807304007227924,0.5724263964317774,1.6974691801834596,23,
GOBP_PHOSPHATIDYLINOSITOL_METABOLIC_PROCESS,0.00888851405955012,0.11740128822503582,0.3807304007227924,0.3108693243356255,1.3058429055554275,152,
GOBP_POSITIVE_REGULATION_OF_T_CELL_RECEPTOR_SIGNALING_PATHWAY,0.009048887782326029,0.11891029233372682,0.3807304007227924,-0.6583024897866929,-1.580183875662391,19,
GOBP_RNA_5_END_PROCESSING,0.009075079739793886,0.11891029233372682,0.3807304007227924,0.47035685430463997,1.5571485304829593,38,
GOBP_FATTY_ACID_BETA_OXIDATION,0.009087961200571431,0.11891029233372682,0.3807304007227924,0.39201082133455817,1.4738706748235022,72,
GOBP_REGULATION_OF_POST_TRANSLATIONAL_PROTEIN_MODIFICATION,0.009194281254089585,0.11992665299337411,0.3807304007227924,0.2798629781808019,1.2039458059460342,248,
GOBP_ORGANOPHOSPHATE_ESTER_TRANSPORT,0.009242000432583528,0.12002154628144118,0.3807304007227924,0.3002314195527127,1.2704370373277536,179,
GOBP_NADH_METABOLIC_PROCESS,0.009258886899666946,0.12002154628144118,0.3807304007227924,0.46360229768572875,1.569989404030274,40,
GOBP_NEURONAL_STEM_CELL_POPULATION_MAINTENANCE,0.00935399201673914,0.12083157843147126,0.3807304007227924,-0.618796917007717,-1.5750089718040603,24,
GOBP_C4_DICARBOXYLATE_TRANSPORT,0.00937909314311635,0.12083157843147126,0.3807304007227924,0.5379963660818853,1.658705976180152,28,
GOBP_BICARBONATE_TRANSPORT,0.009435229848578563,0.12100985391247257,0.3807304007227924,0.4727337816414068,1.5628848514162543,37,
GOBP_PHENOL_CONTAINING_COMPOUND_BIOSYNTHETIC_PROCESS,0.009450733754329718,0.12100985391247257,0.3807304007227924,0.4298722851972595,1.5434177773169295,49,
GOBP_SYNAPSE_MATURATION,0.009607049075333472,0.12231999076349441,0.3807304007227924,-0.5510865108508994,-1.5448395638565644,42,
GOBP_TRICARBOXYLIC_ACID_CYCLE,0.009635909647959512,0.12231999076349441,0.3807304007227924,0.49629465257232364,1.6104867677093715,33,
GOBP_REGULATION_OF_MITOCHONDRIAL_MEMBRANE_PERMEABILITY_INVOLVED_IN_APOPTOTIC_PROCESS,0.009640696668725378,0.12231999076349441,0.3807304007227924,0.42928422943358,1.5413064159871332,49,
GOBP_LIPID_MODIFICATION,0.009773525961254,0.12363067431954834,0.3807304007227924,0.29433124760147544,1.2434571978758027,194,
GOBP_ENDOTHELIAL_CELL_APOPTOTIC_PROCESS,0.009840366604278027,0.12410124991600029,0.3807304007227924,-0.47183207379434117,-1.473819498796346,75,
GOBP_PENTOSE_PHOSPHATE_SHUNT,0.009948690553589915,0.1245876854002398,0.3807304007227924,0.6175381237610356,1.758766169438559,20,
GOBP_RENAL_TUBULAR_SECRETION,0.009948690553589915,0.1245876854002398,0.3807304007227924,0.6145711978330145,1.7503162798711696,20,
GOBP_T_CELL_DIFFERENTIATION_IN_THYMUS,0.009968205065459836,0.1245876854002398,0.3807304007227924,-0.46208366033778564,-1.472670221065222,89,
GOBP_GLUCOSE_6_PHOSPHATE_METABOLIC_PROCESS,0.010152230694144462,0.12651008903685376,0.3807304007227924,0.5163343808957805,1.6276817076470151,30,
GOBP_GPI_ANCHOR_METABOLIC_PROCESS,0.010360101991367348,0.12860039795312608,0.3807304007227924,0.4937266996542916,1.5992916811469615,32,
GOBP_REGULATION_OF_SYNAPSE_MATURATION,0.010381403035146074,0.12860039795312608,0.3807304007227924,-0.6035376142583887,-1.5908588589585408,28,
GOBP_FUCOSYLATION,0.010522631339740584,0.1299653611194508,0.3807304007227924,-0.6763951889880184,-1.553176316403867,16,
GOBP_GLYCOSPHINGOLIPID_BIOSYNTHETIC_PROCESS,0.01056609364134353,0.13011833551854518,0.3807304007227924,-0.5441312317902393,-1.513239406884241,40,
GOBP_POSITIVE_REGULATION_OF_LYMPHOCYTE_MIGRATION,0.01067305142367739,0.1310500478326605,0.3807304007227924,-0.5388623300289895,-1.525048945441207,44,
GOBP_REGULATION_OF_CELLULAR_RESPIRATION,0.010841977018511131,0.13273496425878978,0.3807304007227924,0.45106085079431935,1.5577626993784979,45,
GOBP_REGULATION_OF_TRANSCRIPTION_OF_NUCLEOLAR_LARGE_RRNA_BY_RNA_POLYMERASE_I,0.011008729792578208,0.13438353248258006,0.3807304007227924,0.6533677349262828,1.7260005010310981,15,
GOBP_ESTABLISHMENT_OF_SKIN_BARRIER,0.01137513198985454,0.13845255128349115,0.3807304007227924,0.4642921177739267,1.5349762290761646,37,
GOBP_MACROMOLECULE_METHYLATION,0.011440765226492641,0.13884777971978168,0.3807304007227924,0.32683507980651816,1.336688409223015,123,
GOBP_TETRAHYDROFOLATE_METABOLIC_PROCESS,0.011546264088136632,0.13896938426708735,0.3807304007227924,0.6109714811998236,1.7400641843479605,20,
GOBP_ACYL_COA_METABOLIC_PROCESS,0.011580045871146536,0.13896938426708735,0.3807304007227924,0.3466562307616874,1.3643222085042404,99,
GOBP_RELEASE_OF_CYTOCHROME_C_FROM_MITOCHONDRIA,0.011587124375447358,0.13896938426708735,0.3807304007227924,0.41792709719453985,1.5131633560626383,54,
GOBP_DETECTION_OF_CHEMICAL_STIMULUS_INVOLVED_IN_SENSORY_PERCEPTION_OF_TASTE,0.011629978905835803,0.13896938426708735,0.3807304007227924,-0.5319072706757647,-1.5200999784324447,46,
GOBP_NUCLEOBASE_METABOLIC_PROCESS,0.01164229283188311,0.13896938426708735,0.3807304007227924,0.45670648626182003,1.5466367353274397,40,
GOBP_NADPH_REGENERATION,0.011659231588319758,0.13896938426708735,0.3807304007227924,0.5340663759177863,1.6146931694735807,25,
GOBP_PROTEIN_LOCALIZATION_TO_CHROMOSOME_CENTROMERIC_REGION,0.011688128800364982,0.13896938426708735,0.3807304007227924,-0.5361102269768775,-1.497362466529116,41,
GOBP_ADENYLATE_CYCLASE_ACTIVATING_ADRENERGIC_RECEPTOR_SIGNALING_PATHWAY,0.011716310639188402,0.13896938426708735,0.3807304007227924,-0.650497095125427,-1.5916135360579413,20,
GOBP_MONOSACCHARIDE_BIOSYNTHETIC_PROCESS,0.011796495326681986,0.13902430734949478,0.3807304007227924,0.34752766862810475,1.3587902177133695,96,
GOBP_EMBRYONIC_DIGESTIVE_TRACT_MORPHOGENESIS,0.011816592647642826,0.13902430734949478,0.3807304007227924,-0.6700478582713362,-1.589652332064912,18,
GOBP_EPIDERMIS_DEVELOPMENT,0.011820552523625542,0.13902430734949478,0.3807304007227924,0.24881716680701912,1.1051631284312675,401,
GOBP_POSITIVE_REGULATION_OF_NUCLEOTIDE_CATABOLIC_PROCESS,0.011925328175673518,0.13950372457525922,0.3807304007227924,0.5426797177038517,1.6299416360028915,24,
GOBP_SENSORY_PERCEPTION_OF_BITTER_TASTE,0.011927951611641462,0.13950372457525922,0.3807304007227924,-0.5326940387867235,-1.5170789044072788,45,
GOBP_REGULATION_OF_MYELOID_CELL_DIFFERENTIATION,0.011990259081372424,0.13952135573341018,0.3807304007227924,-0.3871870314086609,-1.3271655706552998,228,
GOBP_B_CELL_ACTIVATION,0.01199610414712865,0.13952135573341018,0.3807304007227924,-0.3722304709202681,-1.2873341837597467,292,
GOBP_SIGNAL_TRANSDUCTION_BY_P53_CLASS_MEDIATOR,0.012195227669174637,0.14135873957113795,0.3807304007227924,0.29099386394293764,1.2293577987596718,194,
GOBP_PROTEIN_IMPORT_INTO_MITOCHONDRIAL_MATRIX,0.012221605857356564,0.14135873957113795,0.3807304007227924,0.5413422942899733,1.6259246771298586,24,
GOBP_NEGATIVE_REGULATION_OF_RELEASE_OF_CYTOCHROME_C_FROM_MITOCHONDRIA,0.012272434928450773,0.14155560618573937,0.3807304007227924,0.6077962487548388,1.7310210318858401,20,
GOBP_POSITIVE_REGULATION_OF_LYMPHOCYTE_DIFFERENTIATION,0.01231774237338989,0.14168787724555898,0.3807304007227924,-0.4157329123556136,-1.3793360466672593,141,
GOBP_BRANCHING_INVOLVED_IN_BLOOD_VESSEL_MORPHOGENESIS,0.01235727343176395,0.1417531612569744,0.3807304007227924,-0.5495741860873388,-1.5232331745190928,39,
GOBP_REGULATION_OF_OXIDATIVE_STRESS_INDUCED_INTRINSIC_APOPTOTIC_SIGNALING_PATHWAY,0.012443085460531154,0.14234753776842607,0.3807304007227924,0.4439794389091384,1.5562864622727604,47,
GOBP_LACTATE_METABOLIC_PROCESS,0.012562903410353954,0.1433266391802507,0.3807304007227924,0.6069313417415823,1.7285577520718565,20,
GOBP_ALPHA_BETA_T_CELL_DIFFERENTIATION,0.01263026201708838,0.1437035518085572,0.3807304007227924,-0.41687486309862687,-1.3834613376749503,140,
GOBP_POSITIVE_REGULATION_OF_MITOCHONDRIAL_MEMBRANE_PERMEABILITY,0.012760864681417905,0.14479604450161726,0.3807304007227924,0.4437951257252531,1.5326701304344204,45,
GOBP_STRIATED_MUSCLE_CELL_DIFFERENTIATION,0.013012639501026626,0.14688673511293726,0.3807304007227924,-0.37019673830848493,-1.287863443820079,320,
GOBP_NEGATIVE_REGULATION_OF_RESPONSE_TO_ENDOPLASMIC_RETICULUM_STRESS,0.013015280326462795,0.14688673511293726,0.3807304007227924,0.41853739335603657,1.503651551622142,51,
GOBP_REGULATION_OF_IMMUNE_EFFECTOR_PROCESS,0.013058557254898694,0.14697897641467966,0.3807304007227924,-0.35991106941524986,-1.2627876595013858,420,
GOBP_POSITIVE_REGULATION_OF_NUCLEOTIDE_METABOLIC_PROCESS,0.013109009770777615,0.1471512705368522,0.3807304007227924,0.45248451360647407,1.5437036309994705,41,
GOBP_FATTY_ACID_BIOSYNTHETIC_PROCESS,0.013187830252917835,0.1476402279918903,0.3807304007227924,0.289328778912268,1.225785717122731,180,
GOBP_NEGATIVE_REGULATION_OF_D_GLUCOSE_TRANSMEMBRANE_TRANSPORT,0.013365502416721683,0.14923028965016982,0.3807304007227924,0.5618712923154132,1.6384564493970342,22,
GOBP_NEGATIVE_REGULATION_OF_CARTILAGE_DEVELOPMENT,0.013490190243974569,0.15022187912638701,0.3807304007227924,0.48598692265196647,1.5770379635447163,33,
GOBP_REGULATION_OF_CD4_POSITIVE_ALPHA_BETA_T_CELL_DIFFERENTIATION,0.013592708712411647,0.15096199304739408,0.3807304007227924,-0.47562398334750094,-1.4476670106451845,64,
GOBP_FOREBRAIN_DEVELOPMENT,0.01369004334300487,0.15164077110360155,0.3807304007227924,-0.35853487002387313,-1.2572277093653061,410,
GOBP_CRANIAL_NERVE_MORPHOGENESIS,0.013769377737576284,0.15211710972884407,0.3807304007227924,-0.5730886040910265,-1.5258147745042432,31,
GOBP_NEURON_PROJECTION_REGENERATION,0.01394402770039119,0.15323791071269796,0.3807304007227924,0.405108111535602,1.4892165545574645,60,
GOBP_RIBONUCLEOSIDE_MONOPHOSPHATE_METABOLIC_PROCESS,0.01394402770039119,0.15323791071269796,0.3807304007227924,0.4058098873145531,1.4917963501178146,60,
GOBP_POSITIVE_REGULATION_OF_CELL_CELL_ADHESION,0.014020936456774869,0.15366361420156485,0.3807304007227924,-0.36562794486165245,-1.2748608884368848,339,
GOBP_CARDIAC_CHAMBER_DEVELOPMENT,0.014115396073487945,0.15366361420156485,0.3807304007227924,-0.38819352787606715,-1.3155019965860704,177,
GOBP_REGULATION_OF_MYELOID_LEUKOCYTE_DIFFERENTIATION,0.014118570231246328,0.15366361420156485,0.3807304007227924,-0.41899316225350014,-1.3807830069087408,132,
GOBP_CELL_SUBSTRATE_ADHESION,0.01412956567174647,0.15366361420156485,0.3807304007227924,-0.36793761769069344,-1.2852867612407852,363,
GOBP_POSITIVE_REGULATION_OF_TOR_SIGNALING,0.014214314659133321,0.15418480693728293,0.3807304007227924,0.34579020689985185,1.3168263440722685,78,
GOBP_CAMP_MEDIATED_SIGNALING,0.014262203757518858,0.15430451455486166,0.3807304007227924,-0.5890479062871686,-1.552665580287646,28,
GOBP_NEGATIVE_REGULATION_OF_IMMUNE_RESPONSE,0.014355460874312028,0.15491318216686717,0.3807304007227924,-0.38255644410531486,-1.3092807560153978,215,
GOBP_NEGATIVE_REGULATION_OF_AMYLOID_PRECURSOR_PROTEIN_CATABOLIC_PROCESS,0.014450636368674932,0.15553936883198444,0.3807304007227924,0.489878710839304,1.595283300313462,34,
GOBP_RETINOL_METABOLIC_PROCESS,0.01453419466466244,0.15603762323318368,0.3807304007227924,0.42426942392882555,1.5304728857280665,52,
GOBP_REGULATION_OF_CARBOHYDRATE_CATABOLIC_PROCESS,0.01469070010224482,0.1573144790999976,0.3807304007227924,0.3910511569386361,1.4454556731173416,68,
GOBP_SNRNA_METABOLIC_PROCESS,0.014792198120248165,0.1579972794119364,0.3807304007227924,0.39048831309743004,1.4391934570346039,59,
GOBP_SPHINGOLIPID_METABOLIC_PROCESS,0.014883150091208136,0.15855034436088009,0.3807304007227924,0.2863958396009058,1.2029278128182523,174,
GOBP_SECONDARY_METABOLIC_PROCESS,0.01501133781754691,0.15855034436088009,0.3807304007227924,0.3896985102824818,1.4362825400993322,59,
GOBP_POSITIVE_REGULATION_OF_SMALL_MOLECULE_METABOLIC_PROCESS,0.015026488094702053,0.15855034436088009,0.3807304007227924,0.2905233658988302,1.2300575504604587,158,
GOBP_SYNAPTIC_VESICLE_MATURATION,0.015085424137437464,0.15855034436088009,0.3807304007227924,0.5456812446280617,1.665626989640579,27,
GOBP_CELLULAR_RESPONSE_TO_ACID_CHEMICAL,0.015099555939870939,0.15855034436088009,0.3807304007227924,0.33700557203637904,1.3318355081394966,101,
GOBP_EXCITATORY_SYNAPSE_ASSEMBLY,0.015109048817767172,0.15855034436088009,0.3807304007227924,-0.5279819402987168,-1.4919718489539169,43,
GOBP_POSITIVE_REGULATION_OF_INTERLEUKIN_12_PRODUCTION,0.015109048817767172,0.15855034436088009,0.3807304007227924,-0.5277125307683248,-1.4912105512569591,43,
GOBP_NEUROTRANSMITTER_UPTAKE,0.015186391313505519,0.15879639740270218,0.3807304007227924,0.43838394223825383,1.536672500554204,47,
GOBP_VITAMIN_TRANSPORT,0.015282627055213422,0.15879639740270218,0.3807304007227924,0.40096197753809737,1.468598399961186,58,
GOBP_NEGATIVE_REGULATION_OF_MAPK_CASCADE,0.015306105824668362,0.15879639740270218,0.3807304007227924,0.28780774559144306,1.2165624248579407,182,
GOBP_NADP_METABOLIC_PROCESS,0.01530909001433879,0.15879639740270218,0.3807304007227924,0.44682708857021,1.5244026664184294,41,
GOBP_GLAND_MORPHOGENESIS,0.015322126713802646,0.15879639740270218,0.3807304007227924,0.3196758643532396,1.3278508582240862,130,
GOBP_MITOCHONDRIAL_GENOME_MAINTENANCE,0.015457447063524673,0.1591435809363048,0.3807304007227924,0.48357866798669785,1.5539169186587245,31,
GOBP_PROTEIN_LOCALIZATION_TO_CHROMATIN,0.01547356485693036,0.1591435809363048,0.3807304007227924,-0.4731440322316913,-1.4343761615156676,63,
GOBP_REGULATION_OF_PROTEASOMAL_PROTEIN_CATABOLIC_PROCESS,0.015507620274108722,0.1591435809363048,0.3807304007227924,0.2870709962305825,1.2244690456896925,202,
GOBP_UBIQUINONE_METABOLIC_PROCESS,0.015507662054457215,0.1591435809363048,0.3807304007227924,0.5947266578063141,1.7155711561013174,21,
GOBP_QUINONE_METABOLIC_PROCESS,0.015631723350892874,0.15966228003974714,0.35248785758361917,0.531747514984139,1.5971067026070431,24,
GOBP_REGULATION_OF_ALPHA_BETA_T_CELL_DIFFERENTIATION,0.01563447213190741,0.15966228003974714,0.35248785758361917,-0.4490977495351446,-1.419507160036296,82,
GOBP_REGULATION_OF_ALPHA_BETA_T_CELL_ACTIVATION,0.015847516247226617,0.16144416186651542,0.35248785758361917,-0.4186476881906519,-1.379021690220553,123,
GOBP_POSITIVE_REGULATION_OF_MRNA_PROCESSING,0.015960377863768818,0.16219927697961176,0.35248785758361917,0.45482845639995795,1.5036888246749949,37,
GOBP_B_CELL_DIFFERENTIATION,0.016197937663099096,0.1639405445663651,0.35248785758361917,-0.40710547339670056,-1.3568497681605176,149,
GOBP_ENDONUCLEOLYTIC_CLEAVAGE_OF_TRICISTRONIC_RRNA_TRANSCRIPT_SSU_RRNA_5_8S_RRNA_LSU_RRNA,0.016210027573555087,0.1639405445663651,0.35248785758361917,0.6332828179624683,1.7514069758422603,17,
GOBP_MAMMARY_GLAND_DEVELOPMENT,0.016342654400543496,0.16488359993994126,0.35248785758361917,0.31040748678248453,1.2977733142065577,140,
GOBP_CELL_CELL_JUNCTION_MAINTENANCE,0.016393788106921263,0.165001900970383,0.35248785758361917,0.5929801389440409,1.7105330813078405,21,
GOBP_REGULATION_OF_EXTRACELLULAR_MATRIX_ORGANIZATION,0.016502124457143823,0.1654515951657277,0.35248785758361917,0.36237233695458276,1.3864326094059556,76,
GOBP_NEGATIVE_REGULATION_OF_POST_TRANSLATIONAL_PROTEIN_MODIFICATION,0.016517498633693378,0.1654515951657277,0.35248785758361917,0.3433600394411118,1.33757704561035,95,
GOBP_OLEFINIC_COMPOUND_METABOLIC_PROCESS,0.016559086210572265,0.16547230062927462,0.35248785758361917,0.2887482396694032,1.2141335637162725,166,
GOBP_FORMATION_OF_CYTOPLASMIC_TRANSLATION_INITIATION_COMPLEX,0.016754579378107447,0.16652138651485832,0.35248785758361917,0.6371510882303792,1.6831610113747384,15,
GOBP_MORPHOGENESIS_OF_AN_EPITHELIAL_BUD,0.016754579378107447,0.16652138651485832,0.35248785758361917,0.6393128748528953,1.6888717996401033,15,
GOBP_CRISTAE_FORMATION,0.016784721430667143,0.16652138651485832,0.35248785758361917,0.5921953588302933,1.6865892529289133,20,
GOBP_REGULATION_OF_B_CELL_RECEPTOR_SIGNALING_PATHWAY,0.01685299687682368,0.16652138651485832,0.35248785758361917,-0.6006829751937376,-1.54495754134012,25,
GOBP_RETINA_DEVELOPMENT_IN_CAMERA_TYPE_EYE,0.01686751364152657,0.16652138651485832,0.35248785758361917,0.2845855596151889,1.2056903415800737,180,
GOBP_LYSOSOMAL_LUMEN_ACIDIFICATION,0.016958343817281684,0.16652138651485832,0.35248785758361917,0.5475851840673531,1.5967971467845805,22,
GOBP_REGULATION_OF_SMOOTH_MUSCLE_CONTRACTION,0.016974487010878708,0.16652138651485832,0.35248785758361917,0.3786601758903372,1.396285861211395,63,
GOBP_NEURON_PROJECTION_GUIDANCE,0.016982238366812636,0.16652138651485832,0.35248785758361917,-0.3737773488145104,-1.2841687425702488,244,
GOBP_REGULATION_OF_GLYCOLYTIC_PROCESS,0.017067429373263263,0.16670507256466835,0.35248785758361917,0.387077815179512,1.394704727053297,56,
GOBP_GLUTAMINE_FAMILY_AMINO_ACID_METABOLIC_PROCESS,0.01710310335773372,0.16670507256466835,0.35248785758361917,0.38172200270306705,1.415626051745847,70,
GOBP_INTESTINAL_LIPID_ABSORPTION,0.017120415859280484,0.16670507256466835,0.35248785758361917,0.5278057905609035,1.5852677107569975,24,
GOBP_AXON_EXTENSION,0.017206446698608945,0.16683525542560948,0.35248785758361917,-0.4284766526582789,-1.398501625441059,113,
GOBP_RENAL_SYSTEM_PROCESS_INVOLVED_IN_REGULATION_OF_SYSTEMIC_ARTERIAL_BLOOD_PRESSURE,0.017213477512267327,0.16683525542560948,0.35248785758361917,0.49851831523908885,1.5626472667738442,29,
GOBP_SPERM_EGG_RECOGNITION,0.017434690315312164,0.1678153214426926,0.35248785758361917,0.40581421458478245,1.4693069748315322,54,
GOBP_IMMUNE_SYSTEM_DEVELOPMENT,0.0174383974336419,0.1678153214426926,0.35248785758361917,-0.38544758728709866,-1.3163813467800025,210,
GOBP_CARDIAC_SEPTUM_DEVELOPMENT,0.017462929045535026,0.1678153214426926,0.35248785758361917,-0.42631628344506767,-1.3954243228550185,115,
GOBP_MUSCLE_CELL_DEVELOPMENT,0.017474917637691417,0.1678153214426926,0.35248785758361917,-0.3879895022209526,-1.3236402266384564,205,
GOBP_B_CELL_RECEPTOR_SIGNALING_PATHWAY,0.017657112074171186,0.16880171375365002,0.35248785758361917,-0.45793847427327966,-1.4392230322291617,78,
GOBP_B_CELL_ACTIVATION_INVOLVED_IN_IMMUNE_RESPONSE,0.017658263822330718,0.16880171375365002,0.35248785758361917,-0.4322667149682189,-1.4063499915904354,109,
GOBP_NEGATIVE_REGULATION_OF_IMMUNE_EFFECTOR_PROCESS,0.017735779246725317,0.1691565095809542,0.35248785758361917,-0.41422302455894705,-1.3752203948264734,135,
GOBP_POSITIVE_REGULATION_OF_RESPONSE_TO_WOUNDING,0.018013741317667198,0.17141712476607399,0.35248785758361917,0.36094933619493597,1.3809882240178097,76,
GOBP_LYMPHOCYTE_CHEMOTAXIS,0.01816524668945086,0.1724668659608407,0.35248785758361917,-0.5051570546862506,-1.4524731403379003,48,
GOBP_PROTEASOME_ASSEMBLY,0.018289321449935694,0.1724756049578462,0.35248785758361917,0.6324570097234732,1.670760671685921,15,
GOBP_NEGATIVE_REGULATION_OF_MYELOID_CELL_DIFFERENTIATION,0.01831045812734547,0.1724756049578462,0.35248785758361917,-0.4315317860340711,-1.396400835613445,103,
GOBP_PROTEIN_TRANSMEMBRANE_IMPORT_INTO_INTRACELLULAR_ORGANELLE,0.01832763049521859,0.1724756049578462,0.35248785758361917,0.43665276422533383,1.4994964688031243,43,
GOBP_LYMPHOCYTE_MIGRATION,0.01833093962413221,0.1724756049578462,0.35248785758361917,-0.4252700448375104,-1.388059927732419,114,
GOBP_PURINE_NUCLEOBASE_METABOLIC_PROCESS,0.018461420292104402,0.17331382682296217,0.35248785758361917,0.588354179401179,1.6971888623177274,21,
GOBP_SYNAPTIC_TRANSMISSION_CHOLINERGIC,0.018693369244091217,0.17509874054812063,0.35248785758361917,0.4757332147976381,1.5437644621403324,33,
GOBP_POSITIVE_THYMIC_T_CELL_SELECTION,0.018832415165804032,0.1760074158464765,0.35248785758361917,-0.6784914154863444,-1.5227756321565806,15,
GOBP_GLYCEROL_ETHER_METABOLIC_PROCESS,0.0190593257455383,0.1777313962061667,0.35248785758361917,0.5409169999514599,1.5773522500264117,22,
GOBP_NEGATIVE_CHEMOTAXIS,0.019141906092395612,0.1781048017974676,0.35248785758361917,-0.5175771578052789,-1.4740269842288232,45,
GOBP_FAT_SOLUBLE_VITAMIN_METABOLIC_PROCESS,0.019263800663132546,0.17884153742025713,0.35248785758361917,0.42208950590780225,1.5056822862978647,48,
GOBP_BINDING_OF_SPERM_TO_ZONA_PELLUCIDA,0.01934619226595653,0.17916188293076432,0.35248785758361917,0.43801778489951265,1.4943487006934069,41,
GOBP_PORPHYRIN_CONTAINING_COMPOUND_METABOLIC_PROCESS,0.019383886545888757,0.17916188293076432,0.35248785758361917,0.40167315599472453,1.454313694530142,54,
GOBP_ASPARTATE_FAMILY_AMINO_ACID_METABOLIC_PROCESS,0.01953965418861609,0.18013953544279318,0.35248785758361917,0.44478209184070855,1.4724815304728593,38,
GOBP_PROSTATE_GLAND_DEVELOPMENT,0.019575707816209913,0.18013953544279318,0.35248785758361917,0.4043596117193329,1.4527159752674281,51,
GOBP_INORGANIC_ANION_TRANSMEMBRANE_TRANSPORT,0.019962135093428382,0.18300006610156377,0.35248785758361917,0.31146723646874097,1.2818999091057675,135,
GOBP_CELL_KILLING,0.019973974255651936,0.18300006610156377,0.35248785758361917,-0.37365179950336025,-1.2890826844234171,268,
GOBP_REGULATION_OF_PROTEOLYSIS_INVOLVED_IN_PROTEIN_CATABOLIC_PROCESS,0.020442212921396415,0.18688110371591002,0.35248785758361917,0.2667182695058423,1.1487096251577402,241,
GOBP_ANATOMICAL_STRUCTURE_ARRANGEMENT,0.02065317382135518,0.18839642299653395,0.35248785758361917,-0.647811920670038,-1.5368987718121465,18,
GOBP_INTESTINAL_ABSORPTION,0.020697959058611326,0.18839642299653395,0.35248785758361917,0.4257446949232758,1.4723484193120415,44,
GOBP_GLUTAMINE_FAMILY_AMINO_ACID_BIOSYNTHETIC_PROCESS,0.02078236485543743,0.1887543636653287,0.35248785758361917,0.5937538632371394,1.6678838919691694,18,
GOBP_STEROL_HOMEOSTASIS,0.02087780423724561,0.1888232975260428,0.35248785758361917,0.32668644692086135,1.3202669692801097,113,
GOBP_RESPONSE_TO_REACTIVE_OXYGEN_SPECIES,0.020922024516219273,0.1888232975260428,0.35248785758361917,0.277248755447857,1.185322074101176,203,
GOBP_POSITIVE_REGULATION_OF_MUSCLE_ORGAN_DEVELOPMENT,0.020936986547962416,0.1888232975260428,0.35248785758361917,-0.609683939263608,-1.52650672948283,22,
GOBP_PHENOL_CONTAINING_COMPOUND_METABOLIC_PROCESS,0.020986714431778315,0.1888232975260428,0.35248785758361917,0.3093508699530037,1.2615638659959227,116,
GOBP_METALLO_SULFUR_CLUSTER_ASSEMBLY,0.021015442237195113,0.1888232975260428,0.35248785758361917,0.5310765366014074,1.6210478583171333,27,
GOBP_UNSATURATED_FATTY_ACID_BIOSYNTHETIC_PROCESS,0.021083243372804168,0.18902685225252902,0.35248785758361917,0.3895759003428215,1.4321186456819996,60,
GOBP_POSITIVE_REGULATION_OF_NEURON_MIGRATION,0.021237925012289816,0.19000682056935353,0.35248785758361917,-0.6647051839112027,-1.546928554185495,17,
GOBP_NEGATIVE_REGULATION_OF_NATURAL_KILLER_CELL_MEDIATED_IMMUNITY,0.02142203924702509,0.19124536956779117,0.35248785758361917,-0.5795233464852209,-1.4987065046767585,26,
GOBP_MYOFIBRIL_ASSEMBLY,0.02152813398376838,0.19158495082271368,0.35248785758361917,-0.4513905897764031,-1.4099682699307505,75,
GOBP_REGULATION_OF_AXON_EXTENSION,0.021576755791508723,0.19158495082271368,0.35248785758361917,-0.4466517517286387,-1.4143103356229985,84,
GOBP_FERROPTOSIS,0.021597348170126787,0.19158495082271368,0.35248785758361917,0.5891422819866798,1.6549297327453218,18,
GOBP_VIRAL_LIFE_CYCLE,0.021724399597303372,0.19230456895118228,0.35248785758361917,0.2604147936720854,1.147642537255933,298,
GOBP_REGULATION_OF_CD4_POSITIVE_ALPHA_BETA_T_CELL_ACTIVATION,0.021821761827872915,0.19275889614621075,0.35248785758361917,-0.44320879559882753,-1.4064373054187944,85,
GOBP_DNA_TEMPLATED_TRANSCRIPTION_INITIATION,0.02207560848562425,0.19459067943012365,0.35248785758361917,0.2773180921437276,1.1889609340140024,232,
GOBP_DNA_TEMPLATED_TRANSCRIPTION_ELONGATION,0.02217825003545481,0.19467575031121445,0.35248785758361917,0.3021119083808886,1.2608170968249006,137,
GOBP_SKIN_EPIDERMIS_DEVELOPMENT,0.02217825003545481,0.19467575031121445,0.35248785758361917,0.302163757577091,1.261033481387095,137,
GOBP_RESPONSE_TO_UV,0.02226541849681813,0.19503202352756804,0.35248785758361917,0.2817608125800143,1.1929574540954893,158,
GOBP_NEGATIVE_REGULATION_OF_EPITHELIAL_CELL_PROLIFERATION,0.02288929242374867,0.20007821999631667,0.35248785758361917,0.27554774491855927,1.15799542971553,177,
GOBP_POSITIVE_REGULATION_OF_MACROAUTOPHAGY,0.023017260593585567,0.20074731906257276,0.35248785758361917,0.33584001796336255,1.3130929486182361,96,
GOBP_POSITIVE_REGULATION_OF_TORC1_SIGNALING,0.023061729273727606,0.20074731906257276,0.35248785758361917,0.384299118950721,1.3803527671493558,55,
GOBP_U2_TYPE_PRESPLICEOSOME_ASSEMBLY,0.023433613046871835,0.20356128179927876,0.35248785758361917,0.5065018539312349,1.5313547542906327,25,
GOBP_PROTEIN_LOCALIZATION_TO_CILIUM,0.02362839552326391,0.20482834794183438,0.35248785758361917,-0.44901724974057883,-1.4025548806841424,75,
GOBP_REGULATION_OF_CARBOHYDRATE_METABOLIC_PROCESS,0.02395461756120601,0.20722723910902802,0.35248785758361917,0.2812606218321789,1.1827397421920367,186,
GOBP_HISTAMINE_TRANSPORT,0.02425005817043971,0.20904554394922897,0.35248785758361917,0.6096908591302582,1.6861610539562746,17,
GOBP_FOREBRAIN_GENERATION_OF_NEURONS,0.024282766599439544,0.20904554394922897,0.35248785758361917,-0.4389263301482193,-1.3952384117874546,87,
GOBP_VESICLE_BUDDING_FROM_MEMBRANE,0.02434166734901763,0.20904554394922897,0.35248785758361917,0.33564514271749885,1.3090119635778596,88,
GOBP_RESPONSE_TO_LECTIN,0.024364515272802423,0.20904554394922897,0.35248785758361917,-0.6052176783550358,-1.5247466227744233,23,
GOBP_RESPONSE_TO_LIGHT_STIMULUS,0.024784078323477576,0.21221050294560453,0.35248785758361917,0.2516218831454603,1.124936009015847,339,
GOBP_NEGATIVE_REGULATION_OF_PROTEIN_CATABOLIC_PROCESS,0.024871726383974783,0.21252636401980085,0.35248785758361917,0.32057721316415716,1.3131699346054189,118,
GOBP_RNA_3_END_PROCESSING,0.02526552579591847,0.21524336616342163,0.35248785758361917,0.32975127315553726,1.290534399279858,94,
GOBP_PTERIDINE_CONTAINING_COMPOUND_BIOSYNTHETIC_PROCESS,0.025292509231526976,0.21524336616342163,0.35248785758361917,0.5941808719075554,1.5989615329063054,16,
GOBP_REGULATION_OF_AXON_EXTENSION_INVOLVED_IN_AXON_GUIDANCE,0.025443328667743032,0.21608766152503056,0.35248785758361917,-0.6548868915598821,-1.5240790305783074,17,
GOBP_REGULATION_OF_GLIOGENESIS,0.025547443817950495,0.21653268677279094,0.35248785758361917,0.31842009549556666,1.2827924766898489,109,
GOBP_REGULATION_OF_TRANSCRIPTION_BY_RNA_POLYMERASE_I,0.025622550168273542,0.21673054051426527,0.35248785758361917,0.4131997618993335,1.4739706945716355,48,
GOBP_CENTRAL_NERVOUS_SYSTEM_NEURON_DIFFERENTIATION,0.025906735751295335,0.21869254554571282,0.2878571172551493,-0.37378721972019785,-1.2840201748183002,242,
GOBP_AZOLE_TRANSMEMBRANE_TRANSPORT,0.025963056020390857,0.21872699307319218,0.35248785758361917,0.612621408128933,1.6183609946582629,15,
GOBP_POSITIVE_REGULATION_OF_CARBOHYDRATE_METABOLIC_PROCESS,0.02623320933313072,0.22055913148156292,0.35248785758361917,0.33028862808235443,1.274638739411398,83,
GOBP_DESMOSOME_ORGANIZATION,0.02647715930727644,0.2221640601594518,0.35248785758361917,0.611386806909689,1.6150995505907364,15,
GOBP_PRESYNAPSE_ASSEMBLY,0.026740725394917664,0.22360915994041425,0.35248785758361917,-0.5027982045595045,-1.4369112475859953,46,
GOBP_MITOCHONDRIAL_DNA_METABOLIC_PROCESS,0.026803107215453925,0.22360915994041425,0.35248785758361917,0.5271895239850726,1.5633240791454375,23,
GOBP_POSITIVE_REGULATION_OF_CHROMOSOME_ORGANIZATION,0.02685054618587465,0.22360915994041425,0.35248785758361917,0.3237022078068928,1.2801297147749933,105,
GOBP_LINOLEIC_ACID_METABOLIC_PROCESS,0.026863006317178972,0.22360915994041425,0.35248785758361917,0.5282280759742,1.540350449772877,22,
GOBP_REGULATION_OF_RELEASE_OF_CYTOCHROME_C_FROM_MITOCHONDRIA,0.027084468648687205,0.2244554308642324,0.35248785758361917,0.42512912950420934,1.4503775513299737,41,
GOBP_VESICLE_TARGETING_ROUGH_ER_TO_CIS_GOLGI,0.02710942512565164,0.2244554308642324,0.35248785758361917,0.5004029239985922,1.51291528506471,25,
GOBP_REGULATION_OF_CELL_COMMUNICATION_BY_ELECTRICAL_COUPLING,0.027125495108025217,0.2244554308642324,0.35248785758361917,-0.6499039147110521,-1.512482447072002,17,
GOBP_COLLAGEN_CATABOLIC_PROCESS,0.02719045339113261,0.2245491683405764,0.35248785758361917,0.41582004312897125,1.436056691019808,45,
GOBP_POSITIVE_REGULATION_OF_PROTEASOMAL_PROTEIN_CATABOLIC_PROCESS,0.027335504364309933,0.225302670813712,0.35248785758361917,0.30537197946962263,1.2453375516450007,116,
GOBP_NEURON_FATE_COMMITMENT,0.027446931190376497,0.22577662258174142,0.35248785758361917,-0.446860069063783,-1.4007943119453454,77,
GOBP_POSITIVE_REGULATION_OF_MUSCLE_CONTRACTION,0.02756155396479154,0.22627495382467092,0.35248785758361917,0.4062954729754346,1.4497105018319902,50,
GOBP_CHAPERONE_MEDIATED_PROTEIN_COMPLEX_ASSEMBLY,0.027839066779664787,0.22788747539716842,0.35248785758361917,0.5022486587527379,1.5085067191960864,24,
GOBP_CYTOPLASMIC_TRANSLATIONAL_INITIATION,0.02786682288114407,0.22788747539716842,0.35248785758361917,0.40865726767098176,1.4577666596465564,48,
GOBP_LEUKOCYTE_CELL_CELL_ADHESION,0.028197381671701913,0.2301412028448653,0.27128855468895297,-0.3504385087161018,-1.2302241753383136,434,
GOBP_CELLULAR_RESPONSE_TO_LIGHT_STIMULUS,0.028692146563188126,0.23327738136874807,0.35248785758361917,0.3115765230596533,1.2742840432134666,123,
GOBP_CARBOHYDRATE_DERIVATIVE_CATABOLIC_PROCESS,0.028693062193672143,0.23327738136874807,0.35248785758361917,0.26192078447726114,1.1492649846340612,266,
GOBP_REGULATION_OF_OSTEOCLAST_DIFFERENTIATION,0.029069767441860465,0.23586659994096662,0.2878571172551493,-0.44806805466912253,-1.3966413443439376,74,
GOBP_RETINAL_METABOLIC_PROCESS,0.02921190416094023,0.23586659994096662,0.35248785758361917,0.5518055061729327,1.5721872464162125,19,
GOBP_ORGANIC_HYDROXY_COMPOUND_TRANSPORT,0.029223101724028432,0.23586659994096662,0.35248785758361917,0.25577194659800295,1.1339813346300762,297,
GOBP_REGULATION_OF_AMINO_ACID_TRANSMEMBRANE_TRANSPORT,0.029236867773910123,0.23586659994096662,0.35248785758361917,0.581916105038231,1.5659566157820721,16,
GOBP_LONG_CHAIN_FATTY_ACID_METABOLIC_PROCESS,0.029319496627117456,0.23607833149565535,0.35248785758361917,0.3161674914041722,1.2737175984950404,109,
GOBP_REGULATION_OF_LYMPHOCYTE_CHEMOTAXIS,0.0295146344484854,0.23710266833232882,0.35248785758361917,-0.5829086247923194,-1.4992418846141475,25,
GOBP_CELL_PROLIFERATION_INVOLVED_IN_KIDNEY_DEVELOPMENT,0.02955996963684634,0.23710266833232882,0.35248785758361917,0.5217969622200427,1.5473330146951716,23,
GOBP_REGULATION_OF_SYSTEMIC_ARTERIAL_BLOOD_PRESSURE,0.02980448482623759,0.2386068412379671,0.35248785758361917,0.3157711458855824,1.2653401023351305,111,
GOBP_REGULATION_OF_SUPEROXIDE_METABOLIC_PROCESS,0.0300039476413563,0.23947280522344694,0.35248785758361917,0.45043793255303577,1.4590696409765136,32,
GOBP_REGULATION_OF_INTESTINAL_ABSORPTION,0.030075890197504253,0.23947280522344694,0.35248785758361917,0.6072252329652189,1.6041059273533662,15,
GOBP_REGULATION_OF_T_CELL_RECEPTOR_SIGNALING_PATHWAY,0.030084235860409144,0.23947280522344694,0.2878571172551493,-0.4873868655394253,-1.4325755962768234,53,
GOBP_TRNA_THREONYLCARBAMOYLADENOSINE_METABOLIC_PROCESS,0.030215111209480172,0.24005819854666696,0.35248785758361917,0.5649046033450756,1.6088644038240603,20,
GOBP_NEGATIVE_REGULATION_OF_PROTEIN_UBIQUITINATION,0.030665765461856072,0.2431771969484685,0.35248785758361917,0.3292998402289664,1.254028298256233,78,
GOBP_VERY_LONG_CHAIN_FATTY_ACID_METABOLIC_PROCESS,0.031155345705127978,0.2464283838372746,0.35248785758361917,0.4438031433902687,1.465380281925655,35,
GOBP_ACTIVATION_OF_PROTEIN_KINASE_ACTIVITY,0.03125,0.2464283838372746,0.2878571172551493,-0.5211445748999555,-1.4555632159655132,41,
GOBP_OLIGOSACCHARIDE_CATABOLIC_PROCESS,0.03134397433006373,0.2464283838372746,0.3217759180753611,0.5720088536955198,1.5392958554937568,16,
GOBP_REGULATION_OF_RESPONSE_TO_TUMOR_CELL,0.031371455745105484,0.2464283838372746,0.3217759180753611,-0.5665530476898061,-1.4941690762079696,29,
GOBP_RESPONSE_TO_HYPEROXIA,0.031395910392277286,0.2464283838372746,0.3217759180753611,0.5665414166740779,1.5914427871717174,18,
GOBP_PROTEIN_TETRAMERIZATION,0.031428888695749856,0.2464283838372746,0.3217759180753611,0.32169344048205056,1.2660770706917446,99,
GOBP_GLUTAMATE_METABOLIC_PROCESS,0.03182661735788729,0.24899253589384174,0.3217759180753611,0.44759053430064616,1.4575724336435325,34,
GOBP_POSITIVE_REGULATION_OF_PROTEIN_CONTAINING_COMPLEX_DISASSEMBLY,0.03187485054671583,0.24899253589384174,0.3217759180753611,0.4229764382196855,1.4324099114140658,40,
