pathway,pathway_size,overlap,pval,odds_ratio,gene_list,fdr
GOBP_SARCOPLASMIC_RETICULUM_CALCIUM_ION_TRANSPORT,49,3,5.4390534599829404e-5,45.69694979126511,"CASQ2, JPH2, ATP2A1",0.020995703800149985
GOBP_REGULATION_OF_CALCIUM_ION_TRANSMEMBRANE_TRANSPORT,172,4,1.28732137376852e-4,16.85104407294976,"CASQ2, JPH2, NPSR1, ATP2A1",0.020995703800149985
GOBP_POSITIVE_REGULATION_OF_CALCIUM_ION_TRANSMEMBRANE_TRANSPORT,72,3,1.7180612369414142e-4,30.452587663246433,"JPH2, NPSR1, ATP2A1",0.020995703800149985
GOBP_MUSCLE_CONTRACTION,368,5,2.235656662799636e-4,9.83573071333773,"CASQ2, MYH11, JPH2, TBX20, ATP2A1",0.020995703800149985
GOBP_POSITIVE_REGULATION_OF_CALCIUM_ION_TRANSMEMBRANE_TRANSPORTER_ACTIVITY,16,2,2.5473732462836905e-4,98.96080020340119,"JPH2, ATP2A1",0.020995703800149985
GOBP_REGULATION_OF_RELEASE_OF_SEQUESTERED_CALCIUM_ION_INTO_CYTOSOL,83,3,2.616037140012583e-4,26.260387611387408,"CASQ2, JPH2, NPSR1",0.020995703800149985
GOBP_REGULATION_OF_CARDIAC_MUSCLE_CONTRACTION,86,3,2.9045440039733177e-4,25.309910682260025,"CASQ2, JPH2, ATP2A1",0.020995703800149985
GOBP_MAINTENANCE_OF_LOCATION,221,4,3.3476068186492653e-4,13.034954870464489,"CASQ2, JPH2, NPSR1, ATP2A1",0.021173613127956604
GOBP_REGULATION_OF_STRIATED_MUSCLE_CONTRACTION,105,3,5.214001850894858e-4,20.588587220814173,"CASQ2, JPH2, ATP2A1",0.0251777721645104
GOBP_REGULATION_OF_CALCIUM_ION_TRANSPORT,250,4,5.323977957909597e-4,11.49256338030124,"CASQ2, JPH2, NPSR1, ATP2A1",0.0251777721645104
GOBP_CARDIAC_MUSCLE_TISSUE_DEVELOPMENT,255,4,5.733485946396842e-4,11.262656143102898,"MYH11, JPH2, TBX20, NRAP",0.0251777721645104
GOBP_POSITIVE_REGULATION_OF_CALCIUM_ION_TRANSPORT,110,3,5.971013161543969e-4,19.624814815356963,"JPH2, NPSR1, ATP2A1",0.0251777721645104
GOBP_MUSCLE_SYSTEM_PROCESS,478,5,7.33091403461678e-4,7.533996097042881,"CASQ2, MYH11, JPH2, TBX20, ATP2A1",0.02853417308858531
GOBP_POSITIVE_REGULATION_OF_MONOATOMIC_ION_TRANSMEMBRANE_TRANSPORT,132,3,0.0010126387329941447,16.271783293940103,"JPH2, NPSR1, ATP2A1",0.03486537434910617
GOBP_SEQUESTERING_OF_CALCIUM_ION,138,3,0.0011509107521881004,15.54698656430285,"CASQ2, JPH2, NPSR1",0.03486537434910617
GOBP_REGULATION_OF_CARDIAC_MUSCLE_CONTRACTION_BY_CALCIUM_ION_SIGNALING,34,2,0.0011705183598791922,43.281977945692724,"CASQ2, JPH2",0.03486537434910617
GOBP_POSITIVE_REGULATION_OF_RELEASE_OF_SEQUESTERED_CALCIUM_ION_INTO_CYTOSOL,35,2,0.0012402702337626702,41.969681829119104,"JPH2, NPSR1",0.03486537434910617
GOBP_REGULATION_OF_CALCIUM_ION_TRANSMEMBRANE_TRANSPORTER_ACTIVITY,35,2,0.0012402702337626702,41.969681829119104,"JPH2, ATP2A1",0.03486537434910617
GOBP_REGULATION_OF_MONOATOMIC_ION_TRANSMEMBRANE_TRANSPORT,321,4,0.0013441127206634182,8.907593717488894,"CASQ2, JPH2, NPSR1, ATP2A1",0.03505598817459453
GOBP_REGULATION_OF_RELEASE_OF_SEQUESTERED_CALCIUM_ION_INTO_CYTOSOL_BY_SARCOPLASMIC_RETICULUM,37,2,0.0013856121808140131,39.57005456800865,"CASQ2, JPH2",0.03505598817459453
GOBP_CALCIUM_ION_HOMEOSTASIS,330,4,0.0014871066871794659,8.660331862175227,"CASQ2, JPH2, NPSR1, ATP2A1",0.03583218970060999
GOBP_CARDIAC_MUSCLE_CONTRACTION,154,3,0.0015761448119718646,13.89579399219708,"CASQ2, JPH2, ATP2A1",0.03625133067535288
GOBP_CALCIUM_ION_TRANSMEMBRANE_TRANSPORT,348,4,0.0018043247183320641,8.204622511180427,"CASQ2, JPH2, NPSR1, ATP2A1",0.03804745166065784
GOBP_POSITIVE_REGULATION_OF_TRANSPORTER_ACTIVITY,43,2,0.0018679301202673007,33.77583223698251,"JPH2, ATP2A1",0.03804745166065784
GOBP_REGULATION_OF_DIGESTIVE_SYSTEM_PROCESS,44,2,0.0019550073975832093,32.97107908983019,"CLDN2, NPSR1",0.03804745166065784
GOBP_RELEASE_OF_SEQUESTERED_CALCIUM_ION_INTO_CYTOSOL_BY_ENDOPLASMIC_RETICULUM,44,2,0.0019550073975832093,32.97107908983019,"CASQ2, JPH2",0.03804745166065784
GOBP_HETEROPHILIC_CELL_CELL_ADHESION_VIA_PLASMA_MEMBRANE_CELL_ADHESION_MOLECULES,47,2,0.0022275959329851685,30.771420430841154,"ITGAL, CD6",0.04174679785520353
GOBP_REGULATION_OF_MUSCLE_CONTRACTION,179,3,0.0024171128562797107,11.91682558072114,"CASQ2, JPH2, ATP2A1",0.04368068233134049
GOBP_POSITIVE_REGULATION_OF_TRANSMEMBRANE_TRANSPORT,192,3,0.002945582435663486,11.094663664520708,"JPH2, NPSR1, ATP2A1",0.05022142081620624
GOBP_CALCIUM_ION_TRANSMEMBRANE_IMPORT_INTO_CYTOSOL,193,3,0.002988932036681152,11.036080466957484,"CASQ2, JPH2, NPSR1",0.05022142081620624
GOBP_POSITIVE_REGULATION_OF_MONOATOMIC_ION_TRANSPORT,195,3,0.0030768064136410932,10.92074479664001,"JPH2, NPSR1, ATP2A1",0.05022142081620624
GOBP_STRIATED_MUSCLE_CONTRACTION,202,3,0.003396825218883562,10.535326600755186,"CASQ2, JPH2, ATP2A1",0.053712298773596324
GOBP_CALCIUM_ION_TRANSPORT,445,4,0.004348116254228553,6.389248205595703,"CASQ2, JPH2, NPSR1, ATP2A1",0.06330771002711758
GOBP_REGULATION_OF_HEART_CONTRACTION,224,3,0.00453231309455543,9.482963011341491,"CASQ2, JPH2, ATP2A1",0.06330771002711758
GOBP_REGULATION_OF_MONOATOMIC_ION_TRANSPORT,452,4,0.004593430393330525,6.288654009999619,"CASQ2, JPH2, NPSR1, ATP2A1",0.06330771002711758
GOBP_REGULATION_OF_TRANSMEMBRANE_TRANSPORT,452,4,0.004593430393330525,6.288654009999619,"CASQ2, JPH2, NPSR1, ATP2A1",0.06330771002711758
GOBP_MUSCLE_TISSUE_DEVELOPMENT,453,4,0.0046292199031686765,6.274539456935753,"MYH11, JPH2, TBX20, NRAP",0.06330771002711758
GOBP_MYOFIBRIL_ASSEMBLY,75,2,0.005567484549681999,18.959553333406173,"MYH11, NRAP",0.07413545216155504
GOBP_PHAGOCYTOSIS,244,3,0.005742122526160586,8.692995616007819,"ITGAL, XKR6, TICAM2",0.07450035892916043
GOBP_REGULATION_OF_MUSCLE_SYSTEM_PROCESS,262,3,0.006981493660861254,8.086337252345107,"CASQ2, JPH2, ATP2A1",0.08831589480989487
GOBP_STRIATED_MUSCLE_CELL_PROLIFERATION,88,2,0.007585559157878608,16.089975624311236,"PAXBP1, TBX20",0.09361690082650186
GOBP_HEART_PROCESS,274,3,0.007889244183995803,7.726670176202811,"CASQ2, JPH2, ATP2A1",0.09437545845383757
GOBP_CARDIAC_MUSCLE_CELL_CONTRACTION,91,2,0.008091500308978969,15.54681439983756,"CASQ2, ATP2A1",0.09437545845383757
GOBP_REGULATION_OF_BLOOD_CIRCULATION,278,3,0.008206561604681528,7.6137565119931425,"CASQ2, JPH2, ATP2A1",0.09437545845383757
GOBP_CELL_CELL_ADHESION_VIA_PLASMA_MEMBRANE_ADHESION_MOLECULES,282,3,0.008531311920202239,7.5040805154346195,"ITGAL, CD6, CLDN2",0.09592986292494073
GOBP_CARDIAC_CELL_DEVELOPMENT,97,2,0.00914762426696943,14.56340669631495,"MYH11, NRAP",0.10062386693666373
GOBP_CARDIAC_CONDUCTION,100,2,0.009697532970101359,14.116859315250325,"CASQ2, ATP2A1",0.10440322729513378
GOBP_REGULATION_OF_TRANSPORTER_ACTIVITY,102,2,0.010072137803740925,13.834045972137384,"JPH2, ATP2A1",0.10617711934776891
GOBP_DIGESTIVE_SYSTEM_PROCESS,113,2,0.012244952763664203,12.46074512433021,"CLDN2, NPSR1",0.12644787955947115
GOBP_ACTIN_MEDIATED_CELL_CONTRACTION,123,2,0.014381482404087636,11.428963849964202,"CASQ2, ATP2A1",0.14554060192936685
GOBP_CARDIAC_MUSCLE_CELL_DIFFERENTIATION,136,2,0.017380401312923916,10.317873994503021,"MYH11, NRAP",0.1499601247717363
GOBP_CELLULAR_COMPONENT_ASSEMBLY_INVOLVED_IN_MORPHOGENESIS,136,2,0.017380401312923916,10.317873994503021,"MYH11, NRAP",0.1499601247717363
GOBP_MUSCLE_ORGAN_DEVELOPMENT,371,3,0.017742568867755968,5.680493528008986,"JPH2, PAXBP1, TBX20",0.1499601247717363
GOBP_T_CELL_ACTIVATION_INVOLVED_IN_IMMUNE_RESPONSE,139,2,0.01810702672063821,10.091413791152782,"ITGAL, LY9",0.1499601247717363
GOBP_DIGESTION,145,2,0.019598249029309997,9.666998862221206,"CLDN2, NPSR1",0.1499601247717363
GOBP_ACTIN_FILAMENT_BASED_MOVEMENT,146,2,0.01985165498958978,9.599701587326258,"CASQ2, ATP2A1",0.1499601247717363
GOBP_AZOLE_TRANSMEMBRANE_TRANSPORT,15,1,0.021906597321459165,48.89827823674098,SLC22A2,0.1499601247717363
GOBP_DEOXYRIBONUCLEOSIDE_MONOPHOSPHATE_CATABOLIC_PROCESS,15,1,0.021906597321459165,48.89827823674098,GDA,0.1499601247717363
GOBP_L_ARGININE_TRANSMEMBRANE_TRANSPORT,15,1,0.021906597321459165,48.89827823674098,SLC22A2,0.1499601247717363
GOBP_REGULATION_OF_INTESTINAL_ABSORPTION,15,1,0.021906597321459165,48.89827823674098,CLDN2,0.1499601247717363
GOBP_ATRIAL_SEPTUM_MORPHOGENESIS,16,1,0.023350054654581287,45.63761126461862,TBX20,0.1499601247717363
GOBP_HEART_VALVE_FORMATION,16,1,0.023350054654581287,45.63761126461862,TBX20,0.1499601247717363
GOBP_MYD88_INDEPENDENT_TOLL_LIKE_RECEPTOR_SIGNALING_PATHWAY,16,1,0.023350054654581287,45.63761126461862,TICAM2,0.1499601247717363
GOBP_NEGATIVE_REGULATION_OF_DIGESTIVE_SYSTEM_PROCESS,16,1,0.023350054654581287,45.63761126461862,NPSR1,0.1499601247717363
GOBP_OLIGOSACCHARIDE_CATABOLIC_PROCESS,16,1,0.023350054654581287,45.63761126461862,NEU1,0.1499601247717363
GOBP_POLYAMINE_TRANSPORT,16,1,0.023350054654581287,45.63761126461862,SLC22A2,0.1499601247717363
GOBP_POSITIVE_REGULATION_OF_MYOBLAST_PROLIFERATION,16,1,0.023350054654581287,45.63761126461862,PAXBP1,0.1499601247717363
GOBP_PYRIMIDINE_CONTAINING_COMPOUND_TRANSMEMBRANE_TRANSPORT,16,1,0.023350054654581287,45.63761126461862,SLC22A2,0.1499601247717363
GOBP_RESPONSE_TO_CAFFEINE,16,1,0.023350054654581287,45.63761126461862,CASQ2,0.1499601247717363
GOBP_RIBONUCLEOSIDE_MONOPHOSPHATE_CATABOLIC_PROCESS,16,1,0.023350054654581287,45.63761126461862,GDA,0.1499601247717363
GOBP_CELL_RECOGNITION,162,2,0.02409064516561058,8.63735054781618,"CD6, OPCML",0.1499601247717363
GOBP_AMIDE_CATABOLIC_PROCESS,17,1,0.024791406486470602,42.784527364318116,GDA,0.1499601247717363
GOBP_HISTAMINE_TRANSPORT,17,1,0.024791406486470602,42.784527364318116,SLC22A2,0.1499601247717363
GOBP_PURINE_DEOXYRIBONUCLEOTIDE_METABOLIC_PROCESS,17,1,0.024791406486470602,42.784527364318116,GDA,0.1499601247717363
GOBP_REGULATION_OF_CELL_COMMUNICATION_BY_ELECTRICAL_COUPLING,17,1,0.024791406486470602,42.784527364318116,CASQ2,0.1499601247717363
GOBP_REGULATION_OF_SKELETAL_MUSCLE_CELL_PROLIFERATION,17,1,0.024791406486470602,42.784527364318116,PAXBP1,0.1499601247717363
GOBP_RESOLUTION_OF_MEIOTIC_RECOMBINATION_INTERMEDIATES,17,1,0.024791406486470602,42.784527364318116,SHOC1,0.1499601247717363
GOBP_VENOUS_BLOOD_VESSEL_DEVELOPMENT,17,1,0.024791406486470602,42.784527364318116,TBX20,0.1499601247717363
GOBP_IMMUNOLOGICAL_SYNAPSE_FORMATION,18,1,0.026230655852240603,40.26710016117636,CD6,0.1499601247717363
GOBP_LATERAL_MESODERM_DEVELOPMENT,18,1,0.026230655852240603,40.26710016117636,TBX20,0.1499601247717363
GOBP_PERICARDIUM_DEVELOPMENT,18,1,0.026230655852240603,40.26710016117636,TBX20,0.1499601247717363
GOBP_QUATERNARY_AMMONIUM_GROUP_TRANSPORT,18,1,0.026230655852240603,40.26710016117636,SLC22A2,0.1499601247717363
GOBP_SKELETAL_MUSCLE_SATELLITE_CELL_PROLIFERATION,18,1,0.026230655852240603,40.26710016117636,PAXBP1,0.1499601247717363
GOBP_CARDIOCYTE_DIFFERENTIATION,171,2,0.026623377724122117,8.176105369392408,"MYH11, NRAP",0.1499601247717363
GOBP_MEMBRANELESS_ORGANELLE_ASSEMBLY,434,3,0.026629392178382276,4.844882876893667,"MYH11, LIAT1, NRAP",0.1499601247717363
GOBP_MUSCLE_CELL_DIFFERENTIATION,439,3,0.027419664399579238,4.78890779294496,"MYH11, NRAP, ZBED6",0.1499601247717363
GOBP_CATECHOLAMINE_UPTAKE,19,1,0.027667805782681576,38.02938690889744,SLC22A2,0.1499601247717363
GOBP_GLUTAMINE_METABOLIC_PROCESS,19,1,0.027667805782681576,38.02938690889744,GLYATL1,0.1499601247717363
GOBP_MEMBRANE_REPOLARIZATION_DURING_VENTRICULAR_CARDIAC_MUSCLE_CELL_ACTION_POTENTIAL,19,1,0.027667805782681576,38.02938690889744,CASQ2,0.1499601247717363
GOBP_NUCLEOSIDE_MONOPHOSPHATE_CATABOLIC_PROCESS,19,1,0.027667805782681576,38.02938690889744,GDA,0.1499601247717363
GOBP_REGULATION_OF_SKELETAL_MUSCLE_CONTRACTION,19,1,0.027667805782681576,38.02938690889744,ATP2A1,0.1499601247717363
GOBP_CARDIAC_MYOFIBRIL_ASSEMBLY,20,1,0.02910285930426504,36.02722227416577,NRAP,0.1499601247717363
GOBP_NUCLEOSIDE_CATABOLIC_PROCESS,20,1,0.02910285930426504,36.02722227416577,GDA,0.1499601247717363
GOBP_PULMONARY_VALVE_MORPHOGENESIS,20,1,0.02910285930426504,36.02722227416577,TBX20,0.1499601247717363
GOBP_REGULATION_OF_ADENYLATE_CYCLASE_ACTIVATING_G_PROTEIN_COUPLED_RECEPTOR_SIGNALING_PATHWAY,20,1,0.02910285930426504,36.02722227416577,APLP1,0.1499601247717363
GOBP_MONOCARBOXYLIC_ACID_TRANSPORT,181,2,0.029557949672567627,7.718009595769513,"SLC22A2, CLDN2",0.1499601247717363
GOBP_CARDIAC_RIGHT_VENTRICLE_MORPHOGENESIS,21,1,0.030535819439154177,34.22527398513295,TBX20,0.1499601247717363
GOBP_NEGATIVE_REGULATION_OF_TOLL_LIKE_RECEPTOR_4_SIGNALING_PATHWAY,21,1,0.030535819439154177,34.22527398513295,TICAM2,0.1499601247717363
GOBP_PURINE_NUCLEOBASE_METABOLIC_PROCESS,21,1,0.030535819439154177,34.22527398513295,GDA,0.1499601247717363
GOBP_SEROTONIN_TRANSPORT,21,1,0.030535819439154177,34.22527398513295,SLC22A2,0.1499601247717363
GOBP_VITAMIN_TRANSMEMBRANE_TRANSPORT,21,1,0.030535819439154177,34.22527398513295,SLC22A2,0.1499601247717363
GOBP_ATRIAL_SEPTUM_DEVELOPMENT,23,1,0.03339547161597489,31.112817586728564,TBX20,0.1499601247717363
GOBP_BASIC_AMINO_ACID_TRANSPORT,23,1,0.03339547161597489,31.112817586728564,SLC22A2,0.1499601247717363
GOBP_CALCIUM_INDEPENDENT_CELL_CELL_ADHESION_VIA_PLASMA_MEMBRANE_CELL_ADHESION_MOLECULES,23,1,0.03339547161597489,31.112817586728564,CLDN2,0.1499601247717363
GOBP_NOREPINEPHRINE_TRANSPORT,23,1,0.03339547161597489,31.112817586728564,SLC22A2,0.1499601247717363
GOBP_POSITIVE_REGULATION_OF_ATP_DEPENDENT_ACTIVITY,23,1,0.03339547161597489,31.112817586728564,ATP2A1,0.1499601247717363
GOBP_REFLEX,23,1,0.03339547161597489,31.112817586728564,NPSR1,0.1499601247717363
GOBP_REGULATION_OF_CELL_CELL_ADHESION_MEDIATED_BY_CADHERIN,23,1,0.03339547161597489,31.112817586728564,EPCAM,0.1499601247717363
GOBP_INTESTINAL_LIPID_ABSORPTION,24,1,0.034822169680730264,29.75957557054958,CLDN2,0.1499601247717363
GOBP_NEGATIVE_REGULATION_OF_MUSCLE_CONTRACTION,24,1,0.034822169680730264,29.75957557054958,ATP2A1,0.1499601247717363
GOBP_NUCLEOBASE_CONTAINING_SMALL_MOLECULE_CATABOLIC_PROCESS,24,1,0.034822169680730264,29.75957557054958,GDA,0.1499601247717363
GOBP_PULMONARY_VALVE_DEVELOPMENT,24,1,0.034822169680730264,29.75957557054958,TBX20,0.1499601247717363
GOBP_AMIDE_METABOLIC_PROCESS,490,3,0.03618943651253133,4.2836148466486526,"GDA, ACOT1, NEU1",0.1499601247717363
GOBP_DEOXYRIBONUCLEOSIDE_MONOPHOSPHATE_METABOLIC_PROCESS,25,1,0.03624678640444878,28.519103667106044,GDA,0.1499601247717363
GOBP_MITOCHONDRIAL_CALCIUM_ION_HOMEOSTASIS,25,1,0.03624678640444878,28.519103667106044,ATP2A1,0.1499601247717363
GOBP_REGULATION_OF_CARDIAC_MUSCLE_CONTRACTION_BY_REGULATION_OF_THE_RELEASE_OF_SEQUESTERED_CALCIUM_ION,25,1,0.03624678640444878,28.519103667106044,CASQ2,0.1499601247717363
GOBP_REGULATION_OF_VENTRICULAR_CARDIAC_MUSCLE_CELL_MEMBRANE_REPOLARIZATION,25,1,0.03624678640444878,28.519103667106044,CASQ2,0.1499601247717363
GOBP_SKELETAL_MUSCLE_CELL_PROLIFERATION,25,1,0.03624678640444878,28.519103667106044,PAXBP1,0.1499601247717363
GOBP_MUSCLE_CELL_DEVELOPMENT,205,2,0.03709357685857545,6.80272068949562,"MYH11, NRAP",0.1499601247717363
GOBP_CERAMIDE_CATABOLIC_PROCESS,26,1,0.03766932478782781,27.377869469237893,NEU1,0.1499601247717363
GOBP_ENDOPLASMIC_RETICULUM_CALCIUM_ION_HOMEOSTASIS,26,1,0.03766932478782781,27.377869469237893,ATP2A1,0.1499601247717363
GOBP_GLYCOLIPID_CATABOLIC_PROCESS,26,1,0.03766932478782781,27.377869469237893,NEU1,0.1499601247717363
GOBP_GLYCOSYL_COMPOUND_CATABOLIC_PROCESS,27,1,0.039089787827291,26.324422477636887,GDA,0.1499601247717363
GOBP_INNATE_IMMUNE_RESPONSE_IN_MUCOSA,27,1,0.039089787827291,26.324422477636887,CLDN2,0.1499601247717363
GOBP_PURINE_NUCLEOSIDE_METABOLIC_PROCESS,27,1,0.039089787827291,26.324422477636887,GDA,0.1499601247717363
GOBP_REGULATION_OF_MYOBLAST_PROLIFERATION,27,1,0.039089787827291,26.324422477636887,PAXBP1,0.1499601247717363
GOBP_CAMP_MEDIATED_SIGNALING,28,1,0.04050817851499222,25.3490085625235,PDE11A,0.1499601247717363
GOBP_GMP_METABOLIC_PROCESS,28,1,0.04050817851499222,25.3490085625235,GDA,0.1499601247717363
GOBP_OUTFLOW_TRACT_SEPTUM_MORPHOGENESIS,28,1,0.04050817851499222,25.3490085625235,TBX20,0.1499601247717363
GOBP_POSITIVE_REGULATION_OF_CATION_CHANNEL_ACTIVITY,28,1,0.04050817851499222,25.3490085625235,JPH2,0.1499601247717363
GOBP_POSITIVE_REGULATION_OF_INTERLEUKIN_17_PRODUCTION,28,1,0.04050817851499222,25.3490085625235,LY9,0.1499601247717363
GOBP_PROSTAGLANDIN_TRANSPORT,28,1,0.04050817851499222,25.3490085625235,SLC22A2,0.1499601247717363
GOBP_REGULATION_OF_CARDIAC_CONDUCTION,28,1,0.04050817851499222,25.3490085625235,ATP2A1,0.1499601247717363
GOBP_SYNAPTONEMAL_COMPLEX_ORGANIZATION,28,1,0.04050817851499222,25.3490085625235,SHOC1,0.1499601247717363
GOBP_ACTOMYOSIN_STRUCTURE_ORGANIZATION,216,2,0.04076809460170386,6.451824296182449,"MYH11, NRAP",0.1499601247717363
GOBP_GANGLIOSIDE_METABOLIC_PROCESS,29,1,0.041924499838823404,24.4432670406441,NEU1,0.1499601247717363
GOBP_REGULATION_OF_FEEDING_BEHAVIOR,29,1,0.041924499838823404,24.4432670406441,NPSR1,0.1499601247717363
GOBP_SIGNAL_TRANSDUCTION_INVOLVED_IN_REGULATION_OF_GENE_EXPRESSION,29,1,0.041924499838823404,24.4432670406441,EPCAM,0.1499601247717363
GOBP_T_HELPER_CELL_LINEAGE_COMMITMENT,29,1,0.041924499838823404,24.4432670406441,LY9,0.1499601247717363
GOBP_CARDIAC_ATRIUM_MORPHOGENESIS,30,1,0.043338754782418665,23.59999042596737,TBX20,0.1499601247717363
GOBP_DEOXYRIBONUCLEOTIDE_CATABOLIC_PROCESS,30,1,0.043338754782418665,23.59999042596737,GDA,0.1499601247717363
GOBP_ORGANISM_EMERGENCE_FROM_PROTECTIVE_STRUCTURE,30,1,0.043338754782418665,23.59999042596737,ZBED6,0.1499601247717363
GOBP_PLASMA_MEMBRANE_PHOSPHOLIPID_SCRAMBLING,30,1,0.043338754782418665,23.59999042596737,XKR6,0.1499601247717363
GOBP_POSITIVE_REGULATION_OF_CYTOKINE_PRODUCTION_INVOLVED_IN_INFLAMMATORY_RESPONSE,30,1,0.043338754782418665,23.59999042596737,CD6,0.1499601247717363
GOBP_REGULATION_OF_CARDIAC_MUSCLE_CELL_MEMBRANE_REPOLARIZATION,30,1,0.043338754782418665,23.59999042596737,CASQ2,0.1499601247717363
GOBP_ATRIOVENTRICULAR_VALVE_DEVELOPMENT,31,1,0.04475094632516241,22.812932230222653,TBX20,0.1499601247717363
GOBP_CALCIUM_ION_TRANSPORT_INTO_CYTOSOL,31,1,0.04475094632516241,22.812932230222653,JPH2,0.1499601247717363
GOBP_ENDOCARDIAL_CUSHION_FORMATION,31,1,0.04475094632516241,22.812932230222653,TBX20,0.1499601247717363
GOBP_EXCRETION,31,1,0.04475094632516241,22.812932230222653,NPSR1,0.1499601247717363
GOBP_SPINAL_CORD_MOTOR_NEURON_DIFFERENTIATION,31,1,0.04475094632516241,22.812932230222653,TBX20,0.1499601247717363
GOBP_VENTRICULAR_CARDIAC_MUSCLE_CELL_MEMBRANE_REPOLARIZATION,31,1,0.04475094632516241,22.812932230222653,CASQ2,0.1499601247717363
GOBP_ACUTE_INFLAMMATORY_RESPONSE_TO_ANTIGENIC_STIMULUS,32,1,0.046161077442194,22.076651963319936,CD6,0.15266343258660237
GOBP_NEGATIVE_REGULATION_OF_CHEMOKINE_PRODUCTION,32,1,0.046161077442194,22.076651963319936,TICAM2,0.15266343258660237
GOBP_LYMPHOCYTE_ACTIVATION_INVOLVED_IN_IMMUNE_RESPONSE,235,2,0.047421586282563696,5.92376834642508,"ITGAL, LY9",0.15429481063355036
GOBP_CELL_CELL_SIGNALING_INVOLVED_IN_CARDIAC_CONDUCTION,33,1,0.04756915110441473,21.386389196180442,CASQ2,0.15429481063355036
GOBP_POSITIVE_REGULATION_OF_CARDIAC_MUSCLE_CELL_PROLIFERATION,33,1,0.04756915110441473,21.386389196180442,TBX20,0.15429481063355036
GOBP_CELL_COMMUNICATION_BY_ELECTRICAL_COUPLING,34,1,0.0489751702784913,20.737960521226196,CASQ2,0.15473667113320994
GOBP_MEMBRANE_REPOLARIZATION_DURING_ACTION_POTENTIAL,34,1,0.0489751702784913,20.737960521226196,CASQ2,0.15473667113320994
GOBP_MYOBLAST_PROLIFERATION,34,1,0.0489751702784913,20.737960521226196,PAXBP1,0.15473667113320994
GOBP_RELAXATION_OF_MUSCLE,34,1,0.0489751702784913,20.737960521226196,ATP2A1,0.15473667113320994
GOBP_CALCIUM_MEDIATED_SIGNALING,240,2,0.0492343953605668,5.79881923775414,"CASQ2, JPH2",0.15473667113320994
GOBP_NEGATIVE_REGULATION_OF_POTASSIUM_ION_TRANSPORT,35,1,0.05037913792686555,20.127674696306332,CASQ2,0.15543807189630468
GOBP_NEUROTRANSMITTER_REUPTAKE,35,1,0.05037913792686555,20.127674696306332,SLC22A2,0.15543807189630468
GOBP_VERY_LONG_CHAIN_FATTY_ACID_METABOLIC_PROCESS,35,1,0.05037913792686555,20.127674696306332,ACOT1,0.15543807189630468
GOBP_CD4_POSITIVE_OR_CD8_POSITIVE_ALPHA_BETA_T_CELL_LINEAGE_COMMITMENT,36,1,0.051781057007757814,19.552262335374003,LY9,0.15783864365015335
GOBP_CGMP_MEDIATED_SIGNALING,36,1,0.051781057007757814,19.552262335374003,PDE11A,0.15783864365015335
GOBP_CELLULAR_RESPONSE_TO_MOLECULE_OF_BACTERIAL_ORIGIN,250,2,0.05293423249958032,5.564035831219478,"CD6, TICAM2",0.15829147541433888
GOBP_CARDIAC_ATRIUM_DEVELOPMENT,37,1,0.05318093047517314,19.00881731737996,TBX20,0.15829147541433888
GOBP_CELLULAR_RESPONSE_TO_ALKALOID,37,1,0.05318093047517314,19.00881731737996,CASQ2,0.15829147541433888
GOBP_ESTABLISHMENT_OF_SKIN_BARRIER,37,1,0.05318093047517314,19.00881731737996,FLG2,0.15829147541433888
GOBP_MUSCLE_CELL_PROLIFERATION,252,2,0.05368582862047822,5.519333070507949,"PAXBP1, TBX20",0.158717547167397
GOBP_EPIDERMIS_MORPHOGENESIS,38,1,0.05457876127890726,18.494747696423623,FLG2,0.158717547167397
GOBP_REGULATION_OF_TOLL_LIKE_RECEPTOR_4_SIGNALING_PATHWAY,38,1,0.05457876127890726,18.494747696423623,TICAM2,0.158717547167397
GOBP_VENTRICULAR_CARDIAC_MUSCLE_CELL_ACTION_POTENTIAL,38,1,0.05457876127890726,18.494747696423623,CASQ2,0.158717547167397
GOBP_AORTIC_VALVE_MORPHOGENESIS,39,1,0.05597455236455451,18.007734362930538,TBX20,0.16080326010518217
GOBP_BRANCHING_INVOLVED_IN_BLOOD_VESSEL_MORPHOGENESIS,39,1,0.05597455236455451,18.007734362930538,TBX20,0.16080326010518217
GOBP_NUCLEOBASE_METABOLIC_PROCESS,40,1,0.05736830667350945,17.545696064646737,GDA,0.16080326010518217
GOBP_POSITIVE_REGULATION_OF_BMP_SIGNALING_PATHWAY,40,1,0.05736830667350945,17.545696064646737,TBX20,0.16080326010518217
GOBP_PURINE_CONTAINING_COMPOUND_TRANSMEMBRANE_TRANSPORT,40,1,0.05736830667350945,17.545696064646737,SLC22A2,0.16080326010518217
GOBP_ACID_SECRETION,41,1,0.058760027142978566,17.106759674482447,CLDN2,0.16080326010518217
GOBP_EATING_BEHAVIOR,41,1,0.058760027142978566,17.106759674482447,NPSR1,0.16080326010518217
GOBP_REGULATION_OF_ATP_DEPENDENT_ACTIVITY,41,1,0.058760027142978566,17.106759674482447,ATP2A1,0.16080326010518217
GOBP_REGULATION_OF_MEMBRANE_REPOLARIZATION,41,1,0.058760027142978566,17.106759674482447,CASQ2,0.16080326010518217
GOBP_T_HELPER_17_CELL_DIFFERENTIATION,41,1,0.058760027142978566,17.106759674482447,LY9,0.16080326010518217
GOBP_CARBOHYDRATE_DERIVATIVE_CATABOLIC_PROCESS,266,2,0.0590520816784943,5.225378552246638,"GDA, NEU1",0.16080326010518217
GOBP_CARDIAC_MUSCLE_CELL_MEMBRANE_REPOLARIZATION,42,1,0.06014971670597946,16.689234809401775,CASQ2,0.16080326010518217
GOBP_NEGATIVE_REGULATION_OF_SMAD_PROTEIN_SIGNAL_TRANSDUCTION,42,1,0.06014971670597946,16.689234809401775,TBX20,0.16080326010518217
GOBP_T_CELL_LINEAGE_COMMITMENT,42,1,0.06014971670597946,16.689234809401775,LY9,0.16080326010518217
GOBP_DOPAMINE_TRANSPORT,43,1,0.06153737829135353,16.29159207518429,SLC22A2,0.16080326010518217
GOBP_ORGAN_OR_TISSUE_SPECIFIC_IMMUNE_RESPONSE,43,1,0.06153737829135353,16.29159207518429,CLDN2,0.16080326010518217
GOBP_POSITIVE_REGULATION_OF_HEART_GROWTH,43,1,0.06153737829135353,16.29159207518429,TBX20,0.16080326010518217
GOBP_REGULATION_OF_ACTIN_FILAMENT_BASED_MOVEMENT,43,1,0.06153737829135353,16.29159207518429,ATP2A1,0.16080326010518217
GOBP_APOPTOTIC_CELL_CLEARANCE,44,1,0.06292301482376694,15.912444346800452,XKR6,0.16080326010518217
GOBP_APOPTOTIC_PROCESS_INVOLVED_IN_DEVELOPMENT,44,1,0.06292301482376694,15.912444346800452,XKR6,0.16080326010518217
GOBP_DEOXYRIBONUCLEOTIDE_METABOLIC_PROCESS,44,1,0.06292301482376694,15.912444346800452,GDA,0.16080326010518217
GOBP_ENDOCARDIAL_CUSHION_MORPHOGENESIS,44,1,0.06292301482376694,15.912444346800452,TBX20,0.16080326010518217
GOBP_INTESTINAL_ABSORPTION,44,1,0.06292301482376694,15.912444346800452,CLDN2,0.16080326010518217
GOBP_PURINE_NUCLEOSIDE_MONOPHOSPHATE_METABOLIC_PROCESS,44,1,0.06292301482376694,15.912444346800452,GDA,0.16080326010518217
GOBP_CELLULAR_RESPONSE_TO_BIOTIC_STIMULUS,277,2,0.0633931173567557,5.015411038293895,"CD6, TICAM2",0.16119053961064514
GOBP_REGULATION_OF_MUSCLE_ORGAN_DEVELOPMENT,45,1,0.06430662922371821,15.550530601462405,JPH2,0.16269577193600707
GOBP_RESPONSE_TO_ENDOPLASMIC_RETICULUM_STRESS,283,2,0.065805404137966525,4.907812027291475,"UBXN10, ATP2A1",0.1656593755910998
GOBP_NEURON_RECOGNITION,47,1,0.06706780328742601,14.8739092394094,OPCML,0.1663544532521449
GOBP_NEUROTRANSMITTER_UPTAKE,47,1,0.06706780328742601,14.8739092394094,SLC22A2,0.1663544532521449
GOBP_VENTRAL_SPINAL_CORD_DEVELOPMENT,47,1,0.06706780328742601,14.8739092394094,TBX20,0.1663544532521449
GOBP_PHAGOCYTOSIS_ENGULFMENT,48,1,0.06844536877139407,14.557192851766494,XKR6,0.16894320291866047
GOBP_INTERLEUKIN_17_PRODUCTION,49,1,0.06982092376333571,14.253672977040937,LY9,0.1698528241550378
GOBP_REGULATION_OF_CARDIAC_MUSCLE_CELL_PROLIFERATION,49,1,0.06982092376333571,14.253672977040937,TBX20,0.1698528241550378
GOBP_SEMI_LUNAR_VALVE_DEVELOPMENT,49,1,0.06982092376333571,14.253672977040937,TBX20,0.1698528241550378
GOBP_EXTRACELLULAR_MATRIX_ASSEMBLY,50,1,0.07119447116299837,13.962541665656262,MYH11,0.16992642645508102
GOBP_NUCLEOSIDE_METABOLIC_PROCESS,50,1,0.07119447116299837,13.962541665656262,GDA,0.16992642645508102
GOBP_POSITIVE_REGULATION_OF_MUSCLE_CONTRACTION,50,1,0.07119447116299837,13.962541665656262,ATP2A1,0.16992642645508102
GOBP_RHYTHMIC_BEHAVIOR,50,1,0.07119447116299837,13.962541665656262,C3orf70,0.16992642645508102
GOBP_POSITIVE_T_CELL_SELECTION,51,1,0.07256601386599737,13.683055603986917,LY9,0.17158132250558256
GOBP_SKELETAL_MUSCLE_CONTRACTION,51,1,0.07256601386599737,13.683055603986917,ATP2A1,0.17158132250558256
GOBP_CELL_FATE_COMMITMENT,302,2,0.073641845233533,4.595476008116031,"LY9, TBX20",0.17320088291895436
GOBP_AMINO_ACID_IMPORT_ACROSS_PLASMA_MEMBRANE,52,1,0.07393555476382241,13.41452977750178,SLC22A2,0.17320088291895436
GOBP_CELL_CELL_ADHESION_MEDIATED_BY_CADHERIN,53,1,0.07530309674384073,13.156331865083288,EPCAM,0.17478608693753858
GOBP_CELL_DIFFERENTIATION_IN_SPINAL_CORD,53,1,0.07530309674384073,13.156331865083288,TBX20,0.17478608693753858
GOBP_HOMOLOGOUS_CHROMOSOME_PAIRING_AT_MEIOSIS,54,1,0.07666864268930462,12.907877267951772,SHOC1,0.17548573738913104
GOBP_MEMBRANE_LIPID_CATABOLIC_PROCESS,54,1,0.07666864268930462,12.907877267951772,NEU1,0.17548573738913104
GOBP_ENDOCARDIAL_CUSHION_DEVELOPMENT,55,1,0.07803219547935669,12.66862469093144,TBX20,0.17548573738913104
GOBP_POSITIVE_REGULATION_OF_ORGAN_GROWTH,55,1,0.07803219547935669,12.66862469093144,TBX20,0.17548573738913104
GOBP_POSITIVE_REGULATION_OF_STEM_CELL_PROLIFERATION,55,1,0.07803219547935669,12.66862469093144,EPCAM,0.17548573738913104
GOBP_REGULATION_OF_CATION_CHANNEL_ACTIVITY,55,1,0.07803219547935669,12.66862469093144,JPH2,0.17548573738913104
GOBP_T_HELPER_17_TYPE_IMMUNE_RESPONSE,55,1,0.07803219547935669,12.66862469093144,LY9,0.17548573738913104
GOBP_MITOCHONDRION_LOCALIZATION,56,1,0.07939375798903814,12.438072205759955,ATP2A1,0.17697463234560926
GOBP_PHOSPHOLIPID_TRANSLOCATION,56,1,0.07939375798903814,12.438072205759955,XKR6,0.17697463234560926
GOBP_STRIATED_MUSCLE_CELL_DIFFERENTIATION,320,2,0.08132745169550254,4.334007025531333,"MYH11, NRAP",0.18048987086808896
GOBP_MEMBRANE_REPOLARIZATION,58,1,0.08211092364696115,12.001235913057602,CASQ2,0.18064403202331455
GOBP_VITAMIN_TRANSPORT,58,1,0.08211092364696115,12.001235913057602,SLC22A2,0.18064403202331455
GOBP_CELL_ACTIVATION_INVOLVED_IN_IMMUNE_RESPONSE,327,2,0.08438103157347498,4.240146364829804,"ITGAL, LY9",0.18263405219684095
GOBP_CELL_COMMUNICATION_INVOLVED_IN_CARDIAC_CONDUCTION,60,1,0.0848201625815368,11.59401563429399,CASQ2,0.18263405219684095
GOBP_ENDODERM_FORMATION,60,1,0.0848201625815368,11.59401563429399,TBX20,0.18263405219684095
GOBP_POSITIVE_REGULATION_OF_EPITHELIAL_TO_MESENCHYMAL_TRANSITION,60,1,0.0848201625815368,11.59401563429399,TBX20,0.18263405219684095
GOBP_RIBONUCLEOSIDE_MONOPHOSPHATE_METABOLIC_PROCESS,60,1,0.0848201625815368,11.59401563429399,GDA,0.18263405219684095
GOBP_ICOSANOID_TRANSPORT,61,1,0.0861718166717319,11.400585999885097,SLC22A2,0.18362373792698233
GOBP_XENOBIOTIC_TRANSPORT,61,1,0.0861718166717319,11.400585999885097,SLC22A2,0.18362373792698233
GOBP_CARDIAC_MUSCLE_TISSUE_MORPHOGENESIS,62,1,0.0875214976459412,11.21349831947959,TBX20,0.18362373792698233
GOBP_CATECHOLAMINE_TRANSPORT,62,1,0.0875214976459412,11.21349831947959,SLC22A2,0.18362373792698233
GOBP_MESENCHYME_MORPHOGENESIS,62,1,0.0875214976459412,11.21349831947959,TBX20,0.18362373792698233
GOBP_RESPONSE_TO_MONOAMINE,62,1,0.0875214976459412,11.21349831947959,APLP1,0.18362373792698233
GOBP_CARDIAC_MUSCLE_CELL_ACTION_POTENTIAL_INVOLVED_IN_CONTRACTION,63,1,0.08886920835063894,11.0324457243936,CASQ2,0.18362373792698233
GOBP_HEART_VALVE_MORPHOGENESIS,63,1,0.08886920835063894,11.0324457243936,TBX20,0.18362373792698233
GOBP_LIPOPOLYSACCHARIDE_MEDIATED_SIGNALING_PATHWAY,63,1,0.08886920835063894,11.0324457243936,CD6,0.18362373792698233
GOBP_CARDIAC_MUSCLE_CELL_PROLIFERATION,64,1,0.09021495162824422,10.857140829665578,TBX20,0.18362373792698233
GOBP_MEMBRANE_INVAGINATION,64,1,0.09021495162824422,10.857140829665578,XKR6,0.18362373792698233
GOBP_OLIGOSACCHARIDE_METABOLIC_PROCESS,64,1,0.09021495162824422,10.857140829665578,NEU1,0.18362373792698233
GOBP_T_CELL_SELECTION,64,1,0.09021495162824422,10.857140829665578,LY9,0.18362373792698233
GOBP_MULTICELLULAR_ORGANISMAL_MOVEMENT,65,1,0.09155873031712314,10.687314211890769,ATP2A1,0.18362373792698233
GOBP_RECEPTOR_CLUSTERING,65,1,0.09155873031712314,10.687314211890769,ITGAL,0.18362373792698233
GOBP_REGULATION_OF_ACTION_POTENTIAL,65,1,0.09155873031712314,10.687314211890769,CASQ2,0.18362373792698233
GOBP_CHROMOSOME_ORGANIZATION_INVOLVED_IN_MEIOTIC_CELL_CYCLE,66,1,0.0929005472515958,10.522713027563253,SHOC1,0.18362373792698233
GOBP_MORPHOGENESIS_OF_AN_EPITHELIAL_SHEET,66,1,0.0929005472515958,10.522713027563253,TBX20,0.18362373792698233
GOBP_NEGATIVE_REGULATION_OF_G_PROTEIN_COUPLED_RECEPTOR_SIGNALING_PATHWAY,66,1,0.0929005472515958,10.522713027563253,APLP1,0.18362373792698233
GOBP_REGULATION_OF_MEMBRANE_LIPID_DISTRIBUTION,66,1,0.0929005472515958,10.522713027563253,XKR6,0.18362373792698233
GOBP_SULFUR_COMPOUND_TRANSPORT,66,1,0.0929005472515958,10.522713027563253,SLC22A2,0.18362373792698233
GOBP_INTRINSIC_APOPTOTIC_SIGNALING_PATHWAY_IN_RESPONSE_TO_ENDOPLASMIC_RETICULUM_STRESS,67,1,0.09424040526194144,10.363099757023216,ATP2A1,0.18529740777873166
GOBP_EXTERNAL_ENCAPSULATING_STRUCTURE_ORGANIZATION,352,2,0.09556260504058293,3.935578097429316,"APLP1, MYH11",0.18529740777873166
GOBP_EMBRYONIC_HEART_TUBE_MORPHOGENESIS,68,1,0.09557830717440507,10.208251060886557,TBX20,0.18529740777873166
GOBP_HOMOLOGOUS_CHROMOSOME_SEGREGATION,68,1,0.09557830717440507,10.208251060886557,SHOC1,0.18529740777873166
GOBP_HOMOLOGOUS_RECOMBINATION,68,1,0.09557830717440507,10.208251060886557,SHOC1,0.18529740777873166
GOBP_ORGANIC_ACID_TRANSPORT,357,2,0.09784797240326108,3.8798120764650545,"SLC22A2, CLDN2",0.18830915348184396
GOBP_GLUTAMINE_FAMILY_AMINO_ACID_METABOLIC_PROCESS,70,1,0.09824825399052728,9.91201877032928,GLYATL1,0.18830915348184396
GOBP_GLYCOSPHINGOLIPID_METABOLIC_PROCESS,70,1,0.09824825399052728,9.91201877032928,NEU1,0.18830915348184396
GOBP_POSITIVE_REGULATION_OF_CHEMOKINE_PRODUCTION,72,1,0.10091041022943903,9.6324756201366,TICAM2,0.19123845534118408
GOBP_POSITIVE_REGULATION_OF_RESPONSE_TO_CYTOKINE_STIMULUS,72,1,0.10091041022943903,9.6324756201366,TICAM2,0.19123845534118408
GOBP_REGULATION_OF_ORGANIC_ACID_TRANSPORT,72,1,0.10091041022943903,9.6324756201366,CLDN2,0.19123845534118408
GOBP_CARDIAC_VENTRICLE_MORPHOGENESIS,74,1,0.10356479835642751,9.368249900362626,TBX20,0.1929959189407508
GOBP_CELLULAR_EXTRAVASATION,74,1,0.10356479835642751,9.368249900362626,ITGAL,0.1929959189407508
GOBP_GLYCOSYL_COMPOUND_METABOLIC_PROCESS,74,1,0.10356479835642751,9.368249900362626,GDA,0.1929959189407508
GOBP_INSULIN_SECRETION_INVOLVED_IN_CELLULAR_RESPONSE_TO_GLUCOSE_STIMULUS,75,1,0.10488908638084282,9.241492966376317,ZBED6,0.1929959189407508
GOBP_L_ALPHA_AMINO_ACID_TRANSMEMBRANE_TRANSPORT,75,1,0.10488908638084282,9.241492966376317,SLC22A2,0.1929959189407508
GOBP_MONOAMINE_TRANSPORT,75,1,0.10488908638084282,9.241492966376317,SLC22A2,0.1929959189407508
GOBP_NEGATIVE_REGULATION_OF_MUSCLE_CELL_DIFFERENTIATION,75,1,0.10488908638084282,9.241492966376317,ZBED6,0.1929959189407508
GOBP_REGULATION_OF_HEART_GROWTH,75,1,0.10488908638084282,9.241492966376317,TBX20,0.1929959189407508
GOBP_RESPONSE_TO_MOLECULE_OF_BACTERIAL_ORIGIN,375,2,0.10620137940463102,3.6914335602121295,"CD6, TICAM2",0.1936338909150233
GOBP_CELL_SURFACE_TOLL_LIKE_RECEPTOR_SIGNALING_PATHWAY,76,1,0.10621144077276312,9.118116216766083,TICAM2,0.1936338909150233
GOBP_HEART_VALVE_DEVELOPMENT,77,1,0.1075318643223746,8.997986223221947,TBX20,0.1936338909150233
GOBP_NUCLEOSIDE_MONOPHOSPHATE_METABOLIC_PROCESS,77,1,0.1075318643223746,8.997986223221947,GDA,0.1936338909150233
GOBP_POSITIVE_REGULATION_OF_TYPE_I_INTERFERON_PRODUCTION,77,1,0.1075318643223746,8.997986223221947,TICAM2,0.1936338909150233
GOBP_REGULATION_OF_BEHAVIOR,77,1,0.1075318643223746,8.997986223221947,NPSR1,0.1936338909150233
GOBP_CARDIAC_SEPTUM_MORPHOGENESIS,78,1,0.10885035981588598,8.880976488773646,TBX20,0.19462290482981734
GOBP_CELL_CELL_RECOGNITION,78,1,0.10885035981588598,8.880976488773646,CD6,0.19462290482981734
GOBP_INFLAMMATORY_RESPONSE_TO_ANTIGENIC_STIMULUS,79,1,0.11016693003553246,8.766967003474056,CD6,0.19491072237055743
GOBP_MESODERM_MORPHOGENESIS,79,1,0.11016693003553246,8.766967003474056,TBX20,0.19491072237055743
GOBP_T_CELL_MIGRATION,79,1,0.11016693003553246,8.766967003474056,ITGAL,0.19491072237055743
GOBP_EXECUTION_PHASE_OF_APOPTOSIS,80,1,0.11148157775958212,8.65584383382817,XKR6,0.1965494019036535
GOBP_POSITIVE_REGULATION_OF_PATTERN_RECOGNITION_RECEPTOR_SIGNALING_PATHWAY,81,1,0.11279430576234273,8.54749874301489,TICAM2,0.19686442818107902
GOBP_TIGHT_JUNCTION_ASSEMBLY,81,1,0.11279430576234273,8.54749874301489,CLDN2,0.19686442818107902
GOBP_REGULATION_OF_BODY_FLUID_LEVELS,389,2,0.11282743907611249,3.5570320057514455,"SLC22A2, F5",0.19686442818107902
GOBP_APICAL_JUNCTION_ASSEMBLY,83,1,0.11541401368144799,8.338736249822633,CLDN2,0.20068553581722573
GOBP_REGULATION_OF_SMAD_PROTEIN_SIGNAL_TRANSDUCTION,84,1,0.11672099912664935,8.23812781883376,TBX20,0.20157278347469135
GOBP_TOLL_LIKE_RECEPTOR_SIGNALING_PATHWAY,84,1,0.11672099912664935,8.23812781883376,TICAM2,0.20157278347469135
GOBP_CELL_SURFACE_PATTERN_RECOGNITION_RECEPTOR_SIGNALING_PATHWAY,85,1,0.11802607590828484,8.13991482634246,TICAM2,0.20313331431834059
GOBP_EMBRYONIC_HEART_TUBE_DEVELOPMENT,86,1,0.11932924678093804,8.044012727472287,TBX20,0.20330167970085739
GOBP_MUSCLE_ORGAN_MORPHOGENESIS,86,1,0.11932924678093804,8.044012727472287,TBX20,0.20330167970085739
GOBP_OUTFLOW_TRACT_MORPHOGENESIS,86,1,0.11932924678093804,8.044012727472287,TBX20,0.20330167970085739
GOBP_CARDIAC_MUSCLE_CELL_ACTION_POTENTIAL,88,1,0.12192988179799147,7.858822466690674,CASQ2,0.20443619614610128
GOBP_ENDODERM_DEVELOPMENT,88,1,0.12192988179799147,7.858822466690674,TBX20,0.20443619614610128
GOBP_RESPONSE_TO_VITAMIN,88,1,0.12192988179799147,7.858822466690674,F5,0.20443619614610128
GOBP_VASCULAR_TRANSPORT,88,1,0.12192988179799147,7.858822466690674,SLC22A2,0.20443619614610128
GOBP_CALCIUM_ION_IMPORT,89,1,0.12322735143193853,7.769383988050269,ATP2A1,0.20443619614610128
GOBP_CELL_ADHESION_MEDIATED_BY_INTEGRIN,89,1,0.12322735143193853,7.769383988050269,ITGAL,0.20443619614610128
GOBP_CYTOKINE_PRODUCTION_INVOLVED_IN_INFLAMMATORY_RESPONSE,89,1,0.12322735143193853,7.769383988050269,CD6,0.20443619614610128
GOBP_TIGHT_JUNCTION_ORGANIZATION,89,1,0.12322735143193853,7.769383988050269,CLDN2,0.20443619614610128
GOBP_AMINE_TRANSPORT,90,1,0.12452292613600824,7.68195536259678,SLC22A2,0.20591045955823584
GOBP_DORSAL_VENTRAL_PATTERN_FORMATION,92,1,0.1271084016906031,7.512862635699724,TBX20,0.20950114415454454
GOBP_RESPONSE_TO_ALKALOID,93,1,0.12839830799942664,7.431073218532837,CASQ2,0.21094007742762946
GOBP_BODY_FLUID_SECRETION,95,1,0.13097247129669265,7.2727149846414285,SLC22A2,0.21241048229527718
GOBP_L_AMINO_ACID_TRANSPORT,95,1,0.13097247129669265,7.2727149846414285,SLC22A2,0.21241048229527718
GOBP_REGULATION_OF_POTASSIUM_ION_TRANSPORT,95,1,0.13097247129669265,7.2727149846414285,CASQ2,0.21241048229527718
GOBP_REGULATION_OF_STEM_CELL_PROLIFERATION,95,1,0.13097247129669265,7.2727149846414285,EPCAM,0.21241048229527718
GOBP_MEIOTIC_CHROMOSOME_SEGREGATION,97,1,0.1335391202769156,7.120955009686886,SHOC1,0.21588113373840032
GOBP_LEUKOCYTE_CELL_CELL_ADHESION,434,2,0.13480204722473968,3.184027690034511,"ITGAL, CD6",0.21588207164400416
GOBP_EXPORT_ACROSS_PLASMA_MEMBRANE,98,1,0.13481963367491168,7.047421825661392,SLC22A2,0.21588207164400416
GOBP_T_CELL_DIFFERENTIATION_INVOLVED_IN_IMMUNE_RESPONSE,98,1,0.13481963367491168,7.047421825661392,LY9,0.21588207164400416
GOBP_ACYL_COA_METABOLIC_PROCESS,99,1,0.13609827661804652,6.975389318680754,ACOT1,0.21724204406539918
GOBP_SMAD_PROTEIN_SIGNAL_TRANSDUCTION,102,1,0.139923009699927,6.767850114403015,TBX20,0.22248933831142262
GOBP_INNATE_IMMUNE_RESPONSE_ACTIVATING_CELL_SURFACE_RECEPTOR_SIGNALING_PATHWAY,103,1,0.1411941977860257,6.701383310105731,TICAM2,0.22248933831142262
GOBP_MESONEPHROS_DEVELOPMENT,103,1,0.1411941977860257,6.701383310105731,EPCAM,0.22248933831142262
GOBP_CHEMOKINE_PRODUCTION,104,1,0.14246352887925084,6.636207123220203,TICAM2,0.22248933831142262
GOBP_HEART_GROWTH,104,1,0.14246352887925084,6.636207123220203,TBX20,0.22248933831142262
GOBP_REGULATION_OF_ORGAN_GROWTH,104,1,0.14246352887925084,6.636207123220203,TBX20,0.22248933831142262
GOBP_SPINAL_CORD_DEVELOPMENT,104,1,0.14246352887925084,6.636207123220203,TBX20,0.22248933831142262
GOBP_CD4_POSITIVE_ALPHA_BETA_T_CELL_DIFFERENTIATION,108,1,0.14752233688382443,6.387684839177038,LY9,0.2270327449231288
GOBP_FEEDING_BEHAVIOR,108,1,0.14752233688382443,6.387684839177038,NPSR1,0.2270327449231288
GOBP_PHOSPHOLIPID_TRANSPORT,108,1,0.14752233688382443,6.387684839177038,XKR6,0.2270327449231288
GOBP_POSITIVE_REGULATION_OF_T_CELL_PROLIFERATION,108,1,0.14752233688382443,6.387684839177038,CD6,0.2270327449231288
GOBP_LONG_CHAIN_FATTY_ACID_METABOLIC_PROCESS,109,1,0.14878242314958168,6.328430683177485,ACOT1,0.2270327449231288
GOBP_SMOOTH_MUSCLE_CONTRACTION,110,1,0.15004066845052888,6.27026375928076,MYH11,0.2270327449231288
GOBP_ORGANIC_ANION_TRANSPORT,466,2,0.15096628915669877,2.9627975430316726,"SLC22A2, CLDN2",0.2270327449231288
GOBP_APOPTOTIC_MITOCHONDRIAL_CHANGES,111,1,0.15129707544468962,6.21315441570541,ATP2A1,0.2270327449231288
GOBP_CELL_FATE_SPECIFICATION,111,1,0.15129707544468962,6.21315441570541,TBX20,0.2270327449231288
GOBP_NEUROPEPTIDE_SIGNALING_PATHWAY,111,1,0.15129707544468962,6.21315441570541,NPSR1,0.2270327449231288
GOBP_POSITIVE_REGULATION_OF_TRANSMEMBRANE_RECEPTOR_PROTEIN_SERINE_THREONINE_KINASE_SIGNALING_PATHWAY,111,1,0.15129707544468962,6.21315441570541,TBX20,0.2270327449231288
GOBP_REGULATION_OF_HEART_RATE,111,1,0.15129707544468962,6.21315441570541,CASQ2,0.2270327449231288
GOBP_NEGATIVE_REGULATION_OF_TRANSPORT,468,2,0.15198936164298302,2.949979487278268,"CASQ2, NPSR1",0.2270327449231288
GOBP_ACUTE_INFLAMMATORY_RESPONSE,112,1,0.15255164678629207,6.157074069202536,CD6,0.2270327449231288
GOBP_AMINO_ACID_TRANSMEMBRANE_TRANSPORT,112,1,0.15255164678629207,6.157074069202536,SLC22A2,0.2270327449231288
GOBP_ERAD_PATHWAY,112,1,0.15255164678629207,6.157074069202536,UBXN10,0.2270327449231288
GOBP_CERAMIDE_METABOLIC_PROCESS,113,1,0.15380438512577954,6.10199515735345,NEU1,0.22822586179954385
GOBP_LIPOSACCHARIDE_METABOLIC_PROCESS,114,1,0.15505529310981425,6.047891093400199,NEU1,0.22874046155558606
GOBP_LYMPHOCYTE_MIGRATION,114,1,0.15505529310981425,6.047891093400199,ITGAL,0.22874046155558606
GOBP_CARDIAC_SEPTUM_DEVELOPMENT,115,1,0.15630437338128045,5.994736223453434,TBX20,0.2299128282875811
GOBP_FATTY_ACID_TRANSPORT,118,1,0.16004067429259616,5.8407233945979495,SLC22A2,0.2340479225203863
GOBP_NEGATIVE_REGULATION_OF_MONOATOMIC_ION_TRANSPORT,118,1,0.16004067429259616,5.8407233945979495,CASQ2,0.2340479225203863
GOBP_LIPID_LOCALIZATION,486,2,0.16125814339463862,2.8393840309085,"SLC22A2, XKR6",0.23450841912085815
GOBP_INTEGRIN_MEDIATED_SIGNALING_PATHWAY,119,1,0.16128247006730956,5.791126042759118,ITGAL,0.23450841912085815
GOBP_ORGANIC_CATION_TRANSPORT,120,1,0.16252245128742682,5.742362259776346,SLC22A2,0.2356342703479598
GOBP_PRODUCTION_OF_MOLECULAR_MEDIATOR_INVOLVED_IN_INFLAMMATORY_RESPONSE,121,1,0.16376062057328789,5.694411206430273,CD6,0.23675106860023906
GOBP_REGULATION_OF_EPITHELIAL_TO_MESENCHYMAL_TRANSITION,123,1,0.16623153380491684,5.600867348035935,TBX20,0.23963862138258665
GOBP_REGULATION_OF_BMP_SIGNALING_PATHWAY,124,1,0.16746428297269145,5.55523619749056,TBX20,0.24072990677324396
GOBP_BLASTOCYST_DEVELOPMENT,127,1,0.17115173193771227,5.422688569310124,ZBED6,0.2453336440806867
GOBP_STEM_CELL_PROLIFERATION,131,1,0.17604323085616724,5.255474637513608,EPCAM,0.2509235910231567
GOBP_TYPE_I_INTERFERON_PRODUCTION,131,1,0.17604323085616724,5.255474637513608,TICAM2,0.2509235910231567
GOBP_FORMATION_OF_PRIMARY_GERM_LAYER,133,1,0.17847826984773574,5.175667987908379,TBX20,0.2536797880420064
GOBP_CARDIAC_VENTRICLE_DEVELOPMENT,134,1,0.17969312074520283,5.136664738021695,TBX20,0.25397966228232577
GOBP_CD4_POSITIVE_ALPHA_BETA_T_CELL_ACTIVATION,134,1,0.17969312074520283,5.136664738021695,LY9,0.25397966228232577
GOBP_CARDIAC_CHAMBER_MORPHOGENESIS,135,1,0.18090619600297775,5.098243626141912,TBX20,0.2549819921379018
GOBP_CELLULAR_RESPONSE_TO_TOXIC_SUBSTANCE,136,1,0.1821174981858673,5.0603917158700025,SLC22A2,0.25597626133902457
GOBP_POSITIVE_REGULATION_OF_INTRACELLULAR_TRANSPORT,137,1,0.18332702985501637,5.023096451289234,ATP2A1,0.2562526991896085
GOBP_SKIN_EPIDERMIS_DEVELOPMENT,137,1,0.18332702985501637,5.023096451289234,FLG2,0.2562526991896085
GOBP_ALPHA_BETA_T_CELL_DIFFERENTIATION,140,1,0.18694502733667273,4.914430392346137,LY9,0.25987413140757254
GOBP_RESPONSE_TO_CALCIUM_ION,140,1,0.18694502733667273,4.914430392346137,CASQ2,0.25987413140757254
GOBP_MEIOSIS_I_CELL_CYCLE_PROCESS,142,1,0.18934821987914763,4.844555290400059,SHOC1,0.26106321323936976
GOBP_MESODERM_DEVELOPMENT,142,1,0.18934821987914763,4.844555290400059,TBX20,0.26106321323936976
GOBP_PURINE_NUCLEOTIDE_CATABOLIC_PROCESS,142,1,0.18934821987914763,4.844555290400059,GDA,0.26106321323936976
GOBP_SPECIFICATION_OF_SYMMETRY,144,1,0.19174439152418465,4.776634736599363,TBX20,0.2636485383457539
GOBP_RESPONSE_TO_PURINE_CONTAINING_COMPOUND,149,1,0.1977042370956652,4.61486449802349,CASQ2,0.2711066232260341
GOBP_KIDNEY_EPITHELIUM_DEVELOPMENT,151,1,0.20007599485350203,4.5531761134763835,EPCAM,0.2736174416104649
GOBP_ORGANIC_ACID_TRANSMEMBRANE_TRANSPORT,159,1,0.20949392438876147,4.3220398866686605,SLC22A2,0.28572486722564233
GOBP_PURINE_CONTAINING_COMPOUND_CATABOLIC_PROCESS,160,1,0.21066343277518074,4.294783256027876,GDA,0.28654757253828345
GOBP_RESPONSE_TO_NUTRIENT,161,1,0.21183123103046353,4.267867333245049,F5,0.2873635466525859
GOBP_PROTEINOGENIC_AMINO_ACID_METABOLIC_PROCESS,162,1,0.21299732162589724,4.241285769727017,GLYATL1,0.28817284690562567
GOBP_CELL_CELL_JUNCTION_ASSEMBLY,163,1,0.2141617070292413,4.215032373635993,CLDN2,0.28897553001812293
GOBP_REGULATION_OF_G_PROTEIN_COUPLED_RECEPTOR_SIGNALING_PATHWAY,164,1,0.21532438970473056,4.189101105081118,APLP1,0.2897716521026427
GOBP_BRANCHING_MORPHOGENESIS_OF_AN_EPITHELIAL_TUBE,166,1,0.2176446567114967,4.138181523124312,TBX20,0.2905877597179967
GOBP_CELLULAR_RESPONSE_TO_CARBOHYDRATE_STIMULUS,166,1,0.2176446567114967,4.138181523124312,ZBED6,0.2905877597179967
GOBP_AMINO_ACID_TRANSPORT,167,1,0.21880224595366948,4.113181848817729,SLC22A2,0.2905877597179967
GOBP_DETOXIFICATION,167,1,0.21880224595366948,4.113181848817729,SLC22A2,0.2905877597179967
GOBP_POSITIVE_REGULATION_OF_CYTOSOLIC_CALCIUM_ION_CONCENTRATION,167,1,0.21880224595366948,4.113181848817729,JPH2,0.2905877597179967
GOBP_REGULATION_OF_MUSCLE_CELL_DIFFERENTIATION,169,1,0.221112348166548,4.064075345652987,ZBED6,0.29288703710019187
GOBP_POSITIVE_REGULATION_OF_LEUKOCYTE_PROLIFERATION,173,1,0.22571231589158802,3.9692883741936815,CD6,0.29738394212742797
GOBP_INTRACELLULAR_GLUCOSE_HOMEOSTASIS,174,1,0.22685810604977708,3.946276508243692,ZBED6,0.29738394212742797
GOBP_POSITIVE_REGULATION_OF_DEVELOPMENTAL_GROWTH,174,1,0.22685810604977708,3.946276508243692,TBX20,0.29738394212742797
GOBP_SPHINGOLIPID_METABOLIC_PROCESS,174,1,0.22685810604977708,3.946276508243692,NEU1,0.29738394212742797
GOBP_CARDIAC_CHAMBER_DEVELOPMENT,177,1,0.23028543109570065,3.878809901149071,TBX20,0.3009625461107951
GOBP_ACTION_POTENTIAL,179,1,0.23256196744925073,3.835095582610999,CASQ2,0.3009625461107951
GOBP_NEGATIVE_REGULATION_OF_SECRETION,179,1,0.23256196744925073,3.835095582610999,NPSR1,0.3009625461107951
GOBP_ORGANOPHOSPHATE_ESTER_TRANSPORT,179,1,0.23256196744925073,3.835095582610999,XKR6,0.3009625461107951
GOBP_REGULATION_OF_INSULIN_SECRETION,179,1,0.23256196744925073,3.835095582610999,ZBED6,0.3009625461107951
GOBP_PLASMA_MEMBRANE_ORGANIZATION,180,1,0.23369773875882538,3.8136047444229546,XKR6,0.30166085666317766
GOBP_CARBOHYDRATE_CATABOLIC_PROCESS,181,1,0.2348318486981935,3.7923526933102814,NEU1,0.3023534744053077
GOBP_NEUROMUSCULAR_PROCESS,185,1,0.23935172273518157,3.7096544942676153,ATP2A1,0.3072768844963292
GOBP_NUCLEOSIDE_PHOSPHATE_CATABOLIC_PROCESS,186,1,0.2404775617797359,3.689538716086568,GDA,0.3072768844963292
GOBP_SODIUM_ION_TRANSMEMBRANE_TRANSPORT,186,1,0.2404775617797359,3.689538716086568,SLC5A4,0.3072768844963292
GOBP_RESPONSE_TO_BMP,187,1,0.2416017538126245,3.6696392365819586,TBX20,0.3079357365974509
GOBP_ORGAN_GROWTH,188,1,0.24272430121498823,3.6499525857217625,TBX20,0.3085891869718192
GOBP_ADENYLATE_CYCLASE_ACTIVATING_G_PROTEIN_COUPLED_RECEPTOR_SIGNALING_PATHWAY,190,1,0.24496447163569401,3.6112042570056486,APLP1,0.3098800566191529
GOBP_EPITHELIAL_TO_MESENCHYMAL_TRANSITION,190,1,0.24496447163569401,3.6112042570056486,TBX20,0.3098800566191529
GOBP_NEURON_MIGRATION,196,1,0.25164575835143776,3.4997282956423352,TBX20,0.31753803921652746
GOBP_GASTRULATION,199,1,0.25496445463687745,3.44652385938658,TBX20,0.3201290671123077
GOBP_REGULATION_OF_PATTERN_RECOGNITION_RECEPTOR_SIGNALING_PATHWAY,199,1,0.25496445463687745,3.44652385938658,TICAM2,0.3201290671123077
GOBP_ALPHA_AMINO_ACID_METABOLIC_PROCESS,200,1,0.2560674509684533,3.429145525915133,GLYATL1,0.32071814403474597
GOBP_POSITIVE_REGULATION_OF_ERK1_AND_ERK2_CASCADE,201,1,0.25716883331651763,3.411940975768178,NPSR1,0.32130229545224176
GOBP_ALPHA_BETA_T_CELL_ACTIVATION,203,1,0.2593667653945866,3.3780429016864937,LY9,0.3232502051469478
GOBP_REGULATION_OF_RESPONSE_TO_CYTOKINE_STIMULUS,207,1,0.263743364219307,3.31222139850249,TICAM2,0.32789715551589516
GOBP_NEGATIVE_REGULATION_OF_TRANSMEMBRANE_RECEPTOR_PROTEIN_SERINE_THREONINE_KINASE_SIGNALING_PATHWAY,208,1,0.26483351384702547,3.296163495529213,TBX20,0.3284454853102816
GOBP_CIRCADIAN_RHYTHM,211,1,0.26809439952644176,3.2489073810135922,C3orf70,0.3316766898786786
GOBP_INSULIN_SECRETION,213,1,0.2702603770091194,3.2181463252970963,ZBED6,0.33354085552832785
GOBP_MORPHOGENESIS_OF_A_BRANCHING_STRUCTURE,214,1,0.2713409887519601,3.202982424579816,TBX20,0.33405970877978547
GOBP_NEGATIVE_REGULATION_OF_CELL_CELL_ADHESION,215,1,0.27242001888484535,3.1879602425530376,EPCAM,0.33457410086342654
GOBP_NEUROTRANSMITTER_TRANSPORT,217,1,0.2745733434682369,3.15833316131083,SLC22A2,0.335589642016734
GOBP_REGULATION_OF_PEPTIDE_TRANSPORT,217,1,0.2745733434682369,3.15833316131083,ZBED6,0.335589642016734
GOBP_IMPORT_ACROSS_PLASMA_MEMBRANE,219,1,0.27672036902159536,3.1292496962088667,SLC22A2,0.3373988113853669
GOBP_MEMBRANE_LIPID_METABOLIC_PROCESS,222,1,0.279929136490763,3.086611493925393,NEU1,0.3404907285200146
GOBP_CELL_CELL_JUNCTION_ORGANIZATION,225,1,0.28312383334287183,3.0451153862859566,CLDN2,0.34237600408227
GOBP_T_CELL_PROLIFERATION,225,1,0.28312383334287183,3.0451153862859566,CD6,0.34237600408227
GOBP_MEIOTIC_CELL_CYCLE_PROCESS,226,1,0.2841856160366668,3.0315292532533724,SHOC1,0.34237600408227
GOBP_RESPONSE_TO_KETONE,226,1,0.2841856160366668,3.0315292532533724,F5,0.34237600408227
GOBP_POSITIVE_REGULATION_OF_CANONICAL_NF_KAPPAB_SIGNAL_TRANSDUCTION,227,1,0.28524584435798794,3.0180633514803046,TICAM2,0.342837048088223
GOBP_MONONUCLEAR_CELL_MIGRATION,235,1,0.2936719826962986,2.914479491479161,ITGAL,0.3521280171666519
GOBP_POTASSIUM_ION_TRANSPORT,241,1,0.29992708521929246,2.8413233901312065,CASQ2,0.358324514358146
GOBP_CELL_MATRIX_ADHESION,242,1,0.30096426601227677,2.8294848508916353,ITGAL,0.358324514358146
GOBP_CENTRAL_NERVOUS_SYSTEM_NEURON_DIFFERENTIATION,242,1,0.30096426601227677,2.8294848508916353,TBX20,0.358324514358146
GOBP_RESPONSE_TO_CARBOHYDRATE,246,1,0.3050978233911066,2.7830971052534403,ZBED6,0.3623931892861501
GOBP_ORGANOPHOSPHATE_CATABOLIC_PROCESS,248,1,0.3071555332978244,2.7604666463221412,GDA,0.3639829036269301
GOBP_HEMOSTASIS,250,1,0.30920722065950923,2.738199728882602,F5,0.36555806928437307
GOBP_SODIUM_ION_TRANSPORT,252,1,0.31125290289628693,2.7162876627003674,SLC5A4,0.3671188085443384
GOBP_POSITIVE_REGULATION_OF_GROWTH,262,1,0.32139184343356564,2.6117645881557543,TBX20,0.37819598320321907
GOBP_STEM_CELL_DIFFERENTIATION,264,1,0.32340185796515253,2.5918137959376515,EPCAM,0.37967828336512105
GOBP_RESPONSE_TO_TOXIC_SUBSTANCE,271,1,0.33039067944629363,2.5243136154983175,SLC22A2,0.3866239532599317
GOBP_MESENCHYMAL_CELL_DIFFERENTIATION,273,1,0.3323743471700994,2.505665981588842,TBX20,0.3866239532599317
GOBP_REGULATION_OF_HORMONE_SECRETION,273,1,0.3323743471700994,2.505665981588842,ZBED6,0.3866239532599317
GOBP_REGULATION_OF_INTRACELLULAR_TRANSPORT,273,1,0.3323743471700994,2.505665981588842,ATP2A1,0.3866239532599317
GOBP_POSITIVE_REGULATION_OF_CELL_CYCLE_PROCESS,274,1,0.3333640018540377,2.4964446241566636,TBX20,0.38688574527097036
GOBP_HEART_MORPHOGENESIS,276,1,0.33533896337835867,2.4782031025367655,TBX20,0.388287220753889
GOBP_ADENYLATE_CYCLASE_MODULATING_G_PROTEIN_COUPLED_RECEPTOR_SIGNALING_PATHWAY,279,1,0.3382905675029052,2.4513329474679244,APLP1,0.3895182305021072
GOBP_CARBOHYDRATE_HOMEOSTASIS,279,1,0.3382905675029052,2.4513329474679244,ZBED6,0.3895182305021072
GOBP_AMINO_ACID_METABOLIC_PROCESS,281,1,0.34025110253346125,2.4337393935403617,GLYATL1,0.3895182305021072
GOBP_REGULATION_OF_PROTEIN_SECRETION,281,1,0.34025110253346125,2.4337393935403617,ZBED6,0.3895182305021072
GOBP_VASCULAR_PROCESS_IN_CIRCULATORY_SYSTEM,281,1,0.34025110253346125,2.4337393935403617,SLC22A2,0.3895182305021072
GOBP_PROTEIN_POLYMERIZATION,284,1,0.34318114516059506,2.4078153228927324,CASQ2,0.3911028366019394
GOBP_REGULATION_OF_LEUKOCYTE_PROLIFERATION,284,1,0.34318114516059506,2.4078153228927324,CD6,0.3911028366019394
GOBP_POSITIVE_REGULATION_OF_LEUKOCYTE_CELL_CELL_ADHESION,285,1,0.3441549650298512,2.3992956752570143,CD6,0.3913312636069769
GOBP_PEPTIDE_TRANSPORT,291,1,0.34996798839575627,2.349411669395064,ZBED6,0.3970488836956338
GOBP_ORGANIC_HYDROXY_COMPOUND_TRANSPORT,297,1,0.35573008240723714,2.3015499880147066,SLC22A2,0.4026832700180358
GOBP_MEIOTIC_CELL_CYCLE,298,1,0.356685510964848,2.2937610499599503,SHOC1,0.4028635458665471
GOBP_RHYTHMIC_PROCESS,301,1,0.35954340226294323,2.2707057933056554,C3orf70,0.4051869967595752
GOBP_EMBRYONIC_ORGAN_MORPHOGENESIS,304,1,0.362388744506815,2.248107076369362,TBX20,0.4074860104898853
GOBP_NEGATIVE_REGULATION_OF_CELL_ADHESION,318,1,0.37550267576677865,2.1483020171348297,EPCAM,0.42129568500662973
GOBP_SULFUR_COMPOUND_METABOLIC_PROCESS,323,1,0.3801213213036978,2.1147606096178073,ACOT1,0.4255340455302458
GOBP_SKIN_DEVELOPMENT,327,1,0.3837919157708576,2.0886682753999177,FLG2,0.4277504611895461
GOBP_T_CELL_DIFFERENTIATION,327,1,0.3837919157708576,2.0886682753999177,LY9,0.4277504611895461
GOBP_NUCLEAR_CHROMOSOME_SEGREGATION,328,1,0.3847062026354189,2.0822449331806103,SHOC1,0.4278271176560922
GOBP_ERK1_AND_ERK2_CASCADE,330,1,0.3865307558935195,2.0695153917570037,NPSR1,0.4289135142151773
GOBP_REGULATION_OF_DEVELOPMENTAL_GROWTH,332,1,0.38834996146431555,2.0569396816442267,TBX20,0.4299892352318242
GOBP_INTRINSIC_APOPTOTIC_SIGNALING_PATHWAY,333,1,0.38925756370932585,2.0507086445532017,ATP2A1,0.43005311623781417
GOBP_REGULATION_OF_TRANSMEMBRANE_RECEPTOR_PROTEIN_SERINE_THREONINE_KINASE_SIGNALING_PATHWAY,334,1,0.3901638348377857,2.0445150311070472,TBX20,0.43011525147694896
GOBP_RENAL_SYSTEM_DEVELOPMENT,335,1,0.39106877677901475,2.0383585051652515,EPCAM,0.43017565445691625
GOBP_AMIDE_TRANSPORT,338,1,0.393775646731108,2.0201081508078844,ZBED6,0.4307295035378838
GOBP_ACTIVATION_OF_INNATE_IMMUNE_RESPONSE,339,1,0.39467529116142197,2.014096692861236,TICAM2,0.4307295035378838
GOBP_POSITIVE_REGULATION_OF_CELL_CELL_ADHESION,339,1,0.39467529116142197,2.014096692861236,CD6,0.4307295035378838
GOBP_MESENCHYME_DEVELOPMENT,341,1,0.3964706231888674,2.0021798615162676,TBX20,0.4307295035378838
GOBP_CANONICAL_NF_KAPPAB_SIGNAL_TRANSDUCTION,342,1,0.3973663146088606,1.9962738659212051,TICAM2,0.4307295035378838
GOBP_EPITHELIAL_TUBE_MORPHOGENESIS,342,1,0.3973663146088606,1.9962738659212051,TBX20,0.4307295035378838
GOBP_RNA_SPLICING_VIA_TRANSESTERIFICATION_REACTIONS,343,1,0.39826069217704585,1.9904024083108907,PAXBP1,0.4307295035378838
GOBP_HORMONE_TRANSPORT,344,1,0.39915375779801643,1.9845651866038352,ZBED6,0.4307295035378838
GOBP_POSITIVE_REGULATION_OF_CELL_CYCLE,345,1,0.4000455133736378,1.9787619022311251,TBX20,0.4307295035378838
GOBP_DNA_RECOMBINATION,346,1,0.40093596080304994,1.9729922600855154,SHOC1,0.4307295035378838
GOBP_RESPONSE_TO_METAL_ION,346,1,0.40093596080304994,1.9729922600855154,CASQ2,0.4307295035378838
GOBP_LIPID_CATABOLIC_PROCESS,351,1,0.40536864203669,1.9446385900961818,NEU1,0.43456892557323124
GOBP_LEUKOCYTE_PROLIFERATION,356,1,0.4097689029264937,1.9170836150096564,CD6,0.4383574310376444
GOBP_CELL_SUBSTRATE_ADHESION,363,1,0.415875247879547,1.8797854442708664,ITGAL,0.4439512139811198
GOBP_SMALL_MOLECULE_CATABOLIC_PROCESS,375,1,0.42619833223715164,1.8190939975119849,GDA,0.4540133812884184
GOBP_IMMUNE_RESPONSE_REGULATING_CELL_SURFACE_RECEPTOR_SIGNALING_PATHWAY,378,1,0.42875080060446236,1.804524830565616,TICAM2,0.4557729098862562
GOBP_RIBOSE_PHOSPHATE_METABOLIC_PROCESS,385,1,0.4346630000987516,1.7714153869051659,GDA,0.46108905251565685
GOBP_REGULATION_OF_CELLULAR_RESPONSE_TO_GROWTH_FACTOR_STIMULUS,388,1,0.437178248364132,1.757592285830908,TBX20,0.4627039399862958
GOBP_ADAPTIVE_IMMUNE_RESPONSE_BASED_ON_SOMATIC_RECOMBINATION_OF_IMMUNE_RECEPTORS_BUILT_FROM_IMMUNOGLOBULIN_SUPERFAMILY_DOMAINS,389,1,0.43801420405817326,1.753032087536929,LY9,0.4627039399862958
GOBP_PROTEIN_LOCALIZATION_TO_EXTRACELLULAR_REGION,391,1,0.43968243555655917,1.743981847843685,ZBED6,0.4634985674825395
GOBP_LEUKOCYTE_MIGRATION,396,1,0.44383163118889035,1.7217572085850423,ITGAL,0.46638463151202114
GOBP_POSITIVE_REGULATION_OF_CELL_ACTIVATION,398,1,0.44548279337214236,1.7130241009623917,CD6,0.46638463151202114
GOBP_REGULATION_OF_T_CELL_ACTIVATION,399,1,0.44630655664743546,1.7086904608722893,CD6,0.46638463151202114
GOBP_NEGATIVE_REGULATION_OF_CYTOKINE_PRODUCTION,400,1,0.4471291103895033,1.7043785432882637,TICAM2,0.46638463151202114
GOBP_EPIDERMIS_DEVELOPMENT,401,1,0.4479504563534432,1.7000881852915242,FLG2,0.46638463151202114
GOBP_REGULATION_OF_ACTIN_FILAMENT_BASED_PROCESS,401,1,0.4479504563534432,1.7000881852915242,ATP2A1,0.46638463151202114
GOBP_FOREBRAIN_DEVELOPMENT,410,1,0.4552885083612406,1.6624190518504518,APLP1,0.47305130437533416
GOBP_FATTY_ACID_METABOLIC_PROCESS,413,1,0.45771303665759666,1.650228393768464,ACOT1,0.47459589456709816
GOBP_IN_UTERO_EMBRYONIC_DEVELOPMENT,429,1,0.47046483253759397,1.58809781231177,ZBED6,0.4858269495184133
GOBP_MITOCHONDRION_ORGANIZATION,429,1,0.47046483253759397,1.58809781231177,ATP2A1,0.4858269495184133
GOBP_CHROMOSOME_SEGREGATION,437,1,0.47672913187183974,1.5587425375406765,SHOC1,0.49129315830376963
GOBP_POSITIVE_REGULATION_OF_RESPONSE_TO_BIOTIC_STIMULUS,439,1,0.4782837275519328,1.5515712717815937,TICAM2,0.4916917083449987
GOBP_LYMPHOCYTE_DIFFERENTIATION,440,1,0.47905931267605606,1.5480101420873607,LY9,0.4916917083449987
GOBP_CELL_SURFACE_RECEPTOR_PROTEIN_SERINE_THREONINE_KINASE_SIGNALING_PATHWAY,442,1,0.48060706577830914,1.5409363334417412,TBX20,0.4922817313437741
GOBP_REGULATION_OF_TRANSLATION,447,1,0.4844565922399374,1.5235293715766456,APLP1,0.49522229428971376
GOBP_WOUND_HEALING,450,1,0.48675275816163044,1.513271282241025,F5,0.496566321834244
GOBP_CILIUM_ORGANIZATION,456,1,0.49131480865500854,1.4931609180824585,UBXN10,0.4992074160229605
GOBP_REGULATION_OF_PROTEIN_TRANSPORT,456,1,0.49131480865500854,1.4931609180824585,ZBED6,0.4992074160229605
GOBP_ACTIN_FILAMENT_ORGANIZATION,467,1,0.4995747149424451,1.4576369235638242,NRAP,0.5065827770759062
GOBP_POSITIVE_REGULATION_OF_MAPK_CASCADE,470,1,0.501804316429322,1.448237766255167,NPSR1,0.5072955010070245
GOBP_EMBRYONIC_ORGAN_DEVELOPMENT,471,1,0.5025453328562246,1.4451313780943336,TBX20,0.5072955010070245
GOBP_REGULATION_OF_MEMBRANE_POTENTIAL,472,1,0.5032852598923444,1.4420381805410722,CASQ2,0.5072955010070245
GOBP_PATTERN_SPECIFICATION_PROCESS,481,1,0.5098958410346737,1.414779377088741,TBX20,0.5129369693112223
GOBP_RNA_SPLICING,486,1,0.5135307345745497,1.4000727374148518,PAXBP1,0.5155685549498455
GOBP_REGULATION_OF_INNATE_IMMUNE_RESPONSE,495,1,0.5200065215786895,1.3743510032305073,TICAM2,0.5210362374630038
GOBP_NUCLEOTIDE_METABOLIC_PROCESS,499,1,0.5228572298696481,1.3632175439825764,GDA,0.5228572298696481
