target_ensembl_id,concordance_r,pval
ENSG00000198952,0.89234036,0.0
ENSG00000133858,0.84954333,0.0
ENSG00000044574,0.7669534,0.0
ENSG00000137200,0.6740283,0.0
ENSG00000113013,0.67256826,0.0
ENSG00000099821,0.67177045,0.0
ENSG00000204152,0.6627145,0.0
ENSG00000198258,0.649514,0.0
ENSG00000151247,0.6479867,0.0
ENSG00000205571,0.6476385,0.0
ENSG00000164941,0.64653397,0.0
ENSG00000151461,0.644354,0.0
ENSG00000156502,0.6328187,0.0
ENSG00000204394,0.62209165,0.0
ENSG00000204560,0.62205267,0.0
ENSG00000100804,0.6212889,0.0
ENSG00000125352,0.6200911,0.0
ENSG00000183258,0.6195141,0.0
ENSG00000189091,0.6189232,0.0
ENSG00000100353,0.61560756,0.0
ENSG00000134597,0.61530375,0.0
ENSG00000125107,0.6094683,0.0
ENSG00000087365,0.6085922,0.0
ENSG00000117682,0.6062245,0.0
ENSG00000182004,0.6022528,0.0
ENSG00000197734,0.60086393,0.0
ENSG00000119718,0.6000481,0.0
ENSG00000167085,0.59712476,0.0
ENSG00000149100,0.59625953,0.0
ENSG00000169976,0.5960683,0.0
ENSG00000107862,0.59457254,0.0
ENSG00000145191,0.5941666,0.0
ENSG00000164609,0.59015906,0.0
ENSG00000173674,0.58998936,0.0
ENSG00000172053,0.58715564,0.0
ENSG00000101166,0.5866607,0.0
ENSG00000167088,0.583002,0.0
ENSG00000170445,0.5829156,0.0
ENSG00000175467,0.5818827,0.0
ENSG00000108506,0.58067787,0.0
ENSG00000198793,0.57992744,0.0
ENSG00000164167,0.57715285,0.0
ENSG00000148840,0.5726506,0.0
ENSG00000138035,0.5710926,0.0
ENSG00000142507,0.5706269,0.0
ENSG00000100216,0.5698006,0.0
ENSG00000119707,0.5694793,0.0
ENSG00000100567,0.56594384,0.0
ENSG00000103342,0.5658497,0.0
ENSG00000115211,0.5628946,0.0
ENSG00000114867,0.56240577,0.0
ENSG00000137656,0.5623957,0.0
ENSG00000165630,0.55909276,0.0
ENSG00000179115,0.55795676,0.0
ENSG00000215021,0.5559994,0.0
ENSG00000163872,0.55547225,0.0
ENSG00000139343,0.55513257,0.0
ENSG00000174243,0.5529001,0.0
ENSG00000164151,0.5523625,0.0
ENSG00000113643,0.5517975,0.0
ENSG00000160201,0.5502197,0.0
ENSG00000100028,0.54968,0.0
ENSG00000136875,0.54846776,0.0
ENSG00000096401,0.54631674,0.0
ENSG00000204392,0.5441574,0.0
ENSG00000138867,0.54313385,0.0
ENSG00000076924,0.54274166,0.0
ENSG00000134371,0.542518,0.0
ENSG00000147677,0.54189605,0.0
ENSG00000114503,0.5408099,0.0
ENSG00000150316,0.5405876,0.0
ENSG00000104129,0.54029256,0.0
ENSG00000100410,0.539505,0.0
ENSG00000125835,0.53745544,0.0
ENSG00000163714,0.53725487,0.0
ENSG00000164163,0.5355041,0.0
ENSG00000131876,0.5350769,0.0
ENSG00000134440,0.5347413,0.0
ENSG00000163636,0.5346719,0.0
ENSG00000092199,0.5344081,0.0
ENSG00000100764,0.5342631,0.0
ENSG00000143368,0.5341209,0.0
ENSG00000147416,0.53403777,0.0
ENSG00000109606,0.53201586,0.0
ENSG00000117360,0.5319058,0.0
ENSG00000126653,0.5308219,0.0
ENSG00000101882,0.52969176,0.0
ENSG00000217930,0.52869767,0.0
ENSG00000185085,0.52784306,0.0
ENSG00000067596,0.5275977,0.0
ENSG00000113048,0.5275869,0.0
ENSG00000064313,0.5254559,0.0
ENSG00000104852,0.5243812,0.0
ENSG00000143977,0.52182627,0.0
ENSG00000119720,0.52014714,0.0
ENSG00000165819,0.5197048,0.0
ENSG00000152253,0.5188244,0.0
ENSG00000196367,0.5163514,0.0
ENSG00000134001,0.51575303,0.0
ENSG00000115866,0.5148492,0.0
ENSG00000070785,0.5137105,0.0
ENSG00000138095,0.5129135,0.0
ENSG00000013275,0.5125871,0.0
ENSG00000154743,0.5122991,0.0
ENSG00000137413,0.5098395,0.0
ENSG00000105258,0.5098163,0.0
ENSG00000105298,0.5089106,0.0
ENSG00000171566,0.50620085,0.0
ENSG00000130332,0.50568813,0.0
ENSG00000106290,0.5053676,0.0
ENSG00000101161,0.50409317,0.0
ENSG00000100347,0.5039275,0.0
ENSG00000163528,0.5037577,0.0
ENSG00000105058,0.5036255,0.0
ENSG00000067704,0.50297415,0.0
ENSG00000074319,0.5029652,0.0
ENSG00000142676,0.50291616,0.0
ENSG00000109519,0.50286347,0.0
ENSG00000138750,0.50103176,0.0
ENSG00000130520,0.49992794,0.0
ENSG00000176108,0.4960279,0.0
ENSG00000041357,0.49583468,0.0
ENSG00000146007,0.49322397,0.0
ENSG00000005007,0.49288982,0.0
ENSG00000075856,0.49142894,0.0
ENSG00000156603,0.49009526,0.0
ENSG00000108064,0.48990372,0.0
ENSG00000136937,0.48672888,0.0
ENSG00000133706,0.4861835,0.0
ENSG00000215251,0.48612562,0.0
ENSG00000183011,0.48606718,0.0
ENSG00000175166,0.48605725,0.0
ENSG00000174231,0.4860448,0.0
ENSG00000174953,0.48515362,0.0
ENSG00000122406,0.48483226,0.0
ENSG00000164902,0.48399964,0.0
ENSG00000108883,0.48382133,0.0
ENSG00000110107,0.48268074,0.0
ENSG00000087087,0.48108047,0.0
ENSG00000092201,0.480996,0.0
ENSG00000144028,0.48067406,0.0
ENSG00000159086,0.47880718,0.0
ENSG00000175792,0.4780695,0.0
ENSG00000112742,0.47732863,0.0
ENSG00000023608,0.47688797,0.0
ENSG00000161057,0.4766332,0.0
ENSG00000108424,0.47607383,0.0
ENSG00000071859,0.47543517,0.0
ENSG00000107951,0.4744101,0.0
ENSG00000131013,0.47409704,0.0
ENSG00000130741,0.47298715,0.0
ENSG00000110713,0.47256836,0.0
ENSG00000101654,0.472201,0.0
ENSG00000117748,0.47188565,0.0
ENSG00000108592,0.4712477,0.0
ENSG00000101343,0.47120848,0.0
ENSG00000140259,0.47100934,0.0
ENSG00000072849,0.47056302,0.0
ENSG00000088038,0.47031498,0.0
ENSG00000120705,0.47006276,0.0
ENSG00000155827,0.46783996,0.0
ENSG00000111231,0.46678412,0.0
ENSG00000178896,0.46565422,0.0
ENSG00000167881,0.46519524,0.0
ENSG00000161888,0.46517983,0.0
ENSG00000104897,0.46472767,0.0
ENSG00000104299,0.46401712,0.0
ENSG00000169136,0.46374005,0.0
ENSG00000197958,0.4632718,0.0
ENSG00000173692,0.4622456,0.0
ENSG00000100836,0.46105453,0.0
ENSG00000160948,0.46101078,0.0
ENSG00000126814,0.45999938,0.0
ENSG00000116120,0.4598191,0.0
ENSG00000213024,0.4595711,0.0
ENSG00000131153,0.45909083,0.0
ENSG00000077348,0.45781195,0.0
ENSG00000047315,0.45737508,0.0
ENSG00000145388,0.4561436,0.0
ENSG00000087263,0.4556789,0.0
ENSG00000105618,0.4556513,0.0
ENSG00000105819,0.45524797,0.0
ENSG00000166986,0.45503533,0.0
ENSG00000115875,0.45395702,0.0
ENSG00000104408,0.45357615,0.0
ENSG00000198730,0.45304906,0.0
ENSG00000116560,0.45285353,0.0
ENSG00000115524,0.45008984,0.0
ENSG00000167005,0.44996667,0.0
ENSG00000084463,0.44949776,0.0
ENSG00000172171,0.44914666,0.0
ENSG00000120699,0.44740644,0.0
ENSG00000168883,0.44692078,0.0
ENSG00000159352,0.44588938,0.0
ENSG00000184634,0.44446865,0.0
ENSG00000168566,0.44263002,0.0
ENSG00000021776,0.44214454,0.0
ENSG00000137815,0.44206572,0.0
ENSG00000197170,0.44154447,0.0
ENSG00000125743,0.44151664,0.0
ENSG00000111361,0.44121307,0.0
ENSG00000006712,0.4405921,0.0
ENSG00000113407,0.44014198,0.0
ENSG00000079246,0.43985555,0.0
ENSG00000133119,0.43980956,0.0
ENSG00000133226,0.43946168,0.0
ENSG00000030066,0.4392311,0.0
ENSG00000170860,0.43902922,0.0
ENSG00000113812,0.43732762,0.0
ENSG00000165688,0.43725955,0.0
ENSG00000068394,0.43710452,0.0
ENSG00000147403,0.43638542,0.0
ENSG00000196363,0.43326476,0.0
ENSG00000143493,0.43304846,0.0
ENSG00000111581,0.43218538,0.0
ENSG00000106399,0.43216896,0.0
ENSG00000139697,0.4309388,0.0
ENSG00000082068,0.4308921,0.0
ENSG00000090861,0.42975926,1.1e-322
ENSG00000181817,0.42917717,9.9e-322
ENSG00000124207,0.42893538,2.47e-321
ENSG00000232838,0.42852086,1.1917e-320
ENSG00000112339,0.42836654,2.1393e-320
ENSG00000110321,0.42799953,8.5967e-320
ENSG00000196305,0.4272481,1.47516e-318
ENSG00000105229,0.42710605,2.52251e-318
ENSG00000182446,0.42698494,3.984916e-318
ENSG00000114391,0.42649445,2.5340044e-317
ENSG00000130713,0.42436233,7.596777818e-314
ENSG00000115561,0.42421862,1.3003753739e-313
ENSG00000140307,0.4241483,1.69152333665e-313
ENSG00000196419,0.42350298,1.883121170886e-312
ENSG00000163510,0.4227801,2.7834233994966e-311
ENSG00000125450,0.42243358,1.00984372320255e-310
ENSG00000154781,0.4218254,9.65989017203427e-310
ENSG00000170312,0.42033902,2.362430062809082e-307
ENSG00000085872,0.42004016,7.1141096470270845e-307
ENSG00000122692,0.41979977,1.7252770678524496e-306
ENSG00000147536,0.4194271,6.803166766299183e-306
ENSG00000051596,0.41732398,1.517565746937955e-302
ENSG00000131931,0.41728154,1.7720207220315945e-302
ENSG00000130204,0.41642717,3.996831062716825e-301
ENSG00000126756,0.41637564,4.821763246185394e-301
ENSG00000102898,0.41553232,1.0347874002174912e-299
ENSG00000100401,0.41541883,1.5622918848890912e-299
ENSG00000180182,0.41538224,1.7841956620335183e-299
ENSG00000101407,0.41533074,2.1507803732194947e-299
ENSG00000154832,0.41526768,2.703661025044334e-299
ENSG00000185627,0.41270447,2.833722465039438e-295
ENSG00000103047,0.41222456,1.5892533509771962e-294
ENSG00000136930,0.41208276,2.6437418829499844e-294
ENSG00000103035,0.41185385,6.009008657529575e-294
ENSG00000132383,0.41119647,6.328159418006982e-293
ENSG00000168002,0.41051427,7.243335359527281e-292
ENSG00000131495,0.41013464,2.8052793165682848e-291
ENSG00000148297,0.4100364,3.981149476688839e-291
ENSG00000116752,0.40993983,5.61634925564926e-291
ENSG00000149636,0.40949285,2.7566626492994653e-290
ENSG00000165119,0.40873203,4.111767273914453e-289
ENSG00000113272,0.40868062,4.934256970707153e-289
ENSG00000119523,0.40741682,4.321808119454148e-287
ENSG00000082898,0.40663943,6.704081101881071e-286
ENSG00000082516,0.40563783,2.268478943156195e-284
ENSG00000164758,0.40461272,8.233803695702093e-283
ENSG00000166337,0.40349507,4.074059115759229e-281
ENSG00000265241,0.40342402,5.2182160753861535e-281
ENSG00000196531,0.40338373,6.004435282101462e-281
ENSG00000196504,0.40283322,4.077286088591128e-280
ENSG00000145734,0.4026498,7.71287114536278e-280
ENSG00000155868,0.4020271,6.694252602397345e-279
ENSG00000124562,0.4012389,1.0251167254157079e-277
ENSG00000130724,0.400749,5.568023126049945e-277
ENSG00000136146,0.40032706,2.386153554373922e-276
ENSG00000077549,0.40001482,6.995013748660596e-276
ENSG00000008018,0.39963448,2.5886341920447167e-275
ENSG00000068784,0.399055,1.8943715399769347e-274
ENSG00000101003,0.39899808,2.3029374935911744e-274
ENSG00000149136,0.39899617,2.318055859915305e-274
ENSG00000138231,0.39776948,1.5448853442268057e-272
ENSG00000131051,0.39776355,1.5765031527592237e-272
ENSG00000049541,0.3972766,8.307932783334827e-272
ENSG00000104980,0.39585862,1.0339461066199691e-269
ENSG00000115364,0.39566675,1.9823590573230597e-269
ENSG00000178028,0.39467207,5.750080943575026e-268
ENSG00000125686,0.39461067,7.075798117026218e-268
ENSG00000085415,0.39443678,1.2731689863829522e-267
ENSG00000129562,0.39387098,8.587398023916094e-267
ENSG00000125676,0.39384285,9.441450402983789e-267
ENSG00000129084,0.39378506,1.1471097686484833e-266
ENSG00000111605,0.3934872,3.127890992752159e-266
ENSG00000106355,0.39348567,3.143933599020871e-266
ENSG00000160917,0.39307833,1.2373195197711527e-265
ENSG00000103932,0.3924922,8.854630105943589e-265
ENSG00000265681,0.3915244,2.2626876172014503e-263
ENSG00000101158,0.3914739,2.6789072758875023e-263
ENSG00000151657,0.3902113,1.8058246345531159e-261
ENSG00000083896,0.3900051,3.5857296595546774e-261
ENSG00000125952,0.388632,3.4109867221556875e-259
ENSG00000127922,0.3885279,4.813658696141534e-259
ENSG00000143256,0.38827989,1.0931111889717927e-258
ENSG00000109111,0.38816997,1.571866350820275e-258
ENSG00000094804,0.3872484,3.2865991533838972e-257
ENSG00000075914,0.38722718,3.524498430694596e-257
ENSG00000177084,0.38614258,1.2457764440425578e-255
ENSG00000198056,0.3851848,2.8700253628546605e-254
ENSG00000137692,0.38430256,5.1148594221235684e-253
ENSG00000125691,0.38371485,3.4674548138673524e-252
ENSG00000163159,0.38289607,4.956362721291328e-251
ENSG00000149262,0.38237253,2.7041928202642504e-250
ENSG00000132646,0.38229004,3.532013456901148e-250
ENSG00000185049,0.38217795,5.076471637282414e-250
ENSG00000100142,0.38192657,1.1446153247516023e-249
ENSG00000119203,0.38191885,1.1735365796930766e-249
ENSG00000029364,0.38190952,1.2094635440484812e-249
ENSG00000061273,0.3816847,2.500977041253927e-249
ENSG00000070756,0.3815671,3.6563381721109835e-249
ENSG00000006744,0.38156235,3.712708757342043e-249
ENSG00000127337,0.3810756,1.785048277876643e-248
ENSG00000160783,0.3799477,6.720139411347106e-247
ENSG00000107581,0.37994367,6.807503510041383e-247
ENSG00000010244,0.3791307,9.223011629462239e-246
ENSG00000141564,0.37910643,9.967776135819855e-246
ENSG00000117614,0.37829122,1.3497471867080406e-244
ENSG00000100632,0.37792304,4.3679969602106935e-244
ENSG00000126067,0.3761554,1.2015971720156843e-241
ENSG00000100726,0.37579614,3.74729923850645e-241
ENSG00000117408,0.37499776,4.6684141792863357e-240
ENSG00000103423,0.37362805,3.478328608268334e-238
ENSG00000161016,0.37300277,2.471888552022769e-237
ENSG00000100109,0.37277165,5.097319371028694e-237
ENSG00000047410,0.3725461,1.0323514597480063e-236
ENSG00000100296,0.3723232,2.072568458222401e-236
ENSG00000196235,0.37222365,2.8286951540287237e-236
ENSG00000063322,0.37216648,3.38168321817221e-236
ENSG00000204574,0.36947227,1.4670092967592887e-232
ENSG00000183495,0.36935213,2.127197143365224e-232
ENSG00000110768,0.3690846,4.863404371720579e-232
ENSG00000136824,0.36866328,1.7857082897828292e-231
ENSG00000171848,0.36820796,7.266403572173037e-231
ENSG00000178913,0.36765456,3.9883357106800395e-230
ENSG00000254772,0.36705855,2.4864561484821267e-229
ENSG00000099381,0.36636376,2.0890191791105617e-228
ENSG00000099800,0.36605734,5.332075426203721e-228
ENSG00000143228,0.3652853,5.626313714522762e-227
ENSG00000159259,0.3652838,5.6524381429344405e-227
ENSG00000089157,0.3647035,3.3078013399603447e-226
ENSG00000112110,0.364045,2.445458628534108e-225
ENSG00000182993,0.36400568,2.7552373809530976e-225
ENSG00000148835,0.3637859,5.3659885044963964e-225
ENSG00000131165,0.36339158,1.7718829334220913e-224
ENSG00000080986,0.363313,2.247728141774794e-224
ENSG00000105879,0.36232975,4.3833057263559555e-223
ENSG00000168924,0.36170945,2.840114051103689e-222
ENSG00000064419,0.36128548,1.0161687918678063e-221
ENSG00000132432,0.3601848,2.7564318025666887e-220
ENSG00000176102,0.35986915,7.085024726534394e-220
ENSG00000111596,0.35980737,8.521890299146565e-220
ENSG00000169045,0.35906097,7.906786988952997e-219
ENSG00000134453,0.35776374,3.743382158743458e-217
ENSG00000031698,0.35764706,5.2912343224458804e-217
ENSG00000198755,0.3576295,5.573944264281392e-217
ENSG00000213593,0.3569636,4.0055353378891e-216
ENSG00000107371,0.35660264,1.1643442308131464e-215
ENSG00000101868,0.35653132,1.4373719472353878e-215
ENSG00000145833,0.356268,3.1273580443426646e-215
ENSG00000123737,0.3561948,3.881146818110201e-215
ENSG00000143314,0.35504368,1.1497265407959469e-213
ENSG00000074071,0.35454243,5.006025049392896e-213
ENSG00000063177,0.35387394,3.5462391793386125e-212
ENSG00000064703,0.35362774,7.284375095668042e-212
ENSG00000175054,0.35345763,1.19739996824741e-211
ENSG00000132507,0.35342434,1.3196622468105194e-211
ENSG00000244038,0.3528667,6.714227723423721e-211
ENSG00000149016,0.3524988,1.9604870212109284e-210
ENSG00000014138,0.3524609,2.189167724330292e-210
ENSG00000147604,0.3516138,2.5660398481762273e-209
ENSG00000122882,0.3515217,3.351777998151598e-209
ENSG00000168522,0.35144857,4.1436324229660255e-209
ENSG00000109475,0.35087228,2.199374471690918e-208
ENSG00000089009,0.3496933,6.61628616294921e-207
ENSG00000155858,0.34962353,8.089019026888627e-207
ENSG00000112739,0.3495494,1.0013745099456677e-206
ENSG00000100519,0.34857738,1.636849227830153e-205
ENSG00000188986,0.34851232,1.972736026624748e-205
ENSG00000062822,0.34843025,2.496344058326846e-205
ENSG00000152944,0.34842142,2.5603001791380923e-205
ENSG00000161920,0.34752294,3.352896484385633e-204
ENSG00000071082,0.3465385,5.561648167219306e-203
ENSG00000144867,0.34571716,5.748531499735672e-202
ENSG00000087191,0.34569874,6.05713909047577e-202
ENSG00000174748,0.34506926,3.61034448685962e-201
ENSG00000163634,0.34451982,1.7091342999239568e-200
ENSG00000112081,0.3444771,1.928590350401607e-200
ENSG00000088325,0.34438807,2.4802462613127537e-200
ENSG00000115541,0.3443428,2.818650298778784e-200
ENSG00000108671,0.3429269,1.5230361859537103e-198
ENSG00000140395,0.34274545,2.5356209770376963e-198
ENSG00000106459,0.34224948,1.0196979120270898e-197
ENSG00000142751,0.3421135,1.492769687419074e-197
ENSG00000108559,0.3420652,1.7091258263140033e-197
ENSG00000106245,0.34139514,1.1142420297255691e-196
ENSG00000141026,0.34123674,1.7344590290171659e-196
ENSG00000089289,0.34066072,8.651574330305451e-196
ENSG00000165494,0.34052402,1.2662306301020225e-195
ENSG00000174444,0.34049705,1.3650208853294275e-195
ENSG00000188846,0.33990255,7.136172665710395e-195
ENSG00000130255,0.33949658,2.2033560833528203e-194
ENSG00000112855,0.33938432,3.008521158329742e-194
ENSG00000091140,0.33929735,3.829095643397935e-194
ENSG00000198176,0.3391791,5.314660061243994e-194
ENSG00000108298,0.33898088,9.204196006515801e-194
ENSG00000197265,0.33875114,1.7386720195012574e-193
ENSG00000113649,0.33811817,1.0001022573495953e-192
ENSG00000023734,0.33773348,2.8903952442661036e-192
ENSG00000182899,0.33736095,8.066289975187863e-192
ENSG00000164975,0.33682594,3.513297917999424e-191
ENSG00000179950,0.33665344,5.642617238347575e-191
ENSG00000163682,0.33647254,9.27106268906492e-191
ENSG00000147162,0.33623904,1.7590125109121068e-190
ENSG00000171421,0.3361389,2.314586994401285e-190
ENSG00000123219,0.33612576,2.3994726749294045e-190
ENSG00000143624,0.33573058,7.080945678664693e-190
ENSG00000181938,0.33548105,1.4011992291576151e-189
ENSG00000133997,0.33448425,2.1271211849210106e-188
ENSG00000144713,0.33374608,1.5840248471920207e-187
ENSG00000125755,0.33321682,6.659953860493079e-187
ENSG00000174780,0.3330849,9.521895219037876e-187
ENSG00000143476,0.33296844,1.305394580862269e-186
ENSG00000153187,0.3323263,7.415301686152176e-186
ENSG00000132313,0.33220613,1.0258705801790248e-185
ENSG00000184209,0.33217788,1.1072013783459103e-185
ENSG00000066136,0.33213386,1.2469327189410244e-185
ENSG00000115274,0.33196148,1.9856067174275056e-185
ENSG00000163877,0.33082327,4.253665782010392e-184
ENSG00000117751,0.330231,2.084618359958793e-183
ENSG00000154719,0.33011413,2.8514820471837928e-183
ENSG00000156482,0.32908565,4.46227686985899e-182
ENSG00000183431,0.32902873,5.194357076214507e-182
ENSG00000110700,0.328989,5.7752122202569095e-182
ENSG00000197728,0.32858738,1.6849406347967357e-181
ENSG00000100883,0.32685846,1.6611527547660034e-179
ENSG00000171863,0.32684427,1.724706446535146e-179
ENSG00000197756,0.32673544,2.3003141137020056e-179
ENSG00000163950,0.32635868,6.227972531205064e-179
ENSG00000120656,0.32552707,5.583798474116043e-178
ENSG00000077380,0.3255174,5.728050820138798e-178
ENSG00000129932,0.32456458,7.009741733508796e-177
ENSG00000136450,0.32373157,6.214579645140245e-176
ENSG00000146576,0.32358062,9.222001052099166e-176
ENSG00000085840,0.323075,3.4536950845853495e-175
ENSG00000132768,0.32131284,3.3746077067150425e-173
ENSG00000140534,0.32127434,3.728687783770326e-173
ENSG00000114573,0.3206274,1.9891767107861964e-172
ENSG00000166441,0.32033277,4.258069893775287e-172
ENSG00000063244,0.3202798,4.8818840308140144e-172
ENSG00000172167,0.31996855,1.0897034133854377e-171
ENSG00000188342,0.31946835,3.952291517648982e-171
ENSG00000167325,0.31937826,4.983276900775456e-171
ENSG00000185883,0.31905147,1.1544054418757467e-170
ENSG00000102978,0.318886,1.7657052566250655e-170
ENSG00000018699,0.31882337,2.0737787415559502e-170
ENSG00000134480,0.31858304,3.841963637353129e-170
ENSG00000114982,0.31726316,1.1242878884175793e-168
ENSG00000134014,0.31633416,1.1980909866978252e-167
ENSG00000114686,0.31620917,1.646145101949408e-167
ENSG00000159147,0.3162001,1.6844837225318362e-167
ENSG00000110367,0.3160718,2.333580659039355e-167
ENSG00000100220,0.31523347,1.9555261364960546e-166
ENSG00000110203,0.31503183,3.2574786198525167e-166
ENSG00000159111,0.31495067,3.9996662504275384e-166
ENSG00000204822,0.31471017,7.345902409027829e-166
ENSG00000117222,0.31440967,1.5688440141401815e-165
ENSG00000144231,0.31356356,1.3225240483492182e-164
ENSG00000133398,0.31347543,1.6506548562595135e-164
ENSG00000137154,0.3129797,5.734475739312358e-164
ENSG00000159479,0.31259903,1.4896671025649966e-163
ENSG00000147274,0.31218195,4.2329808304366577e-163
ENSG00000125977,0.31205103,5.873072754130032e-163
ENSG00000170291,0.31171653,1.3548862987571644e-162
ENSG00000198522,0.3115006,2.322682591483895e-162
ENSG00000124641,0.31089586,1.048530922194301e-161
ENSG00000126254,0.31078783,1.372007319483473e-161
ENSG00000185359,0.31071058,1.6627408925130775e-161
ENSG00000165006,0.31062117,2.076824821467654e-161
ENSG00000071553,0.31036448,3.930796440781524e-161
ENSG00000204356,0.31027013,4.96891151350683e-161
ENSG00000186166,0.31023937,5.3632735826553735e-161
ENSG00000136628,0.31017527,6.288553145767845e-161
ENSG00000112651,0.3098216,1.5120888111442965e-160
ENSG00000095139,0.30977133,1.7127774664520386e-160
ENSG00000136709,0.3096991,2.048570850555751e-160
ENSG00000164053,0.3093455,4.916700341476981e-160
ENSG00000152404,0.3086959,2.4483063290099487e-159
ENSG00000153767,0.30767456,3.0301869161245387e-158
ENSG00000069248,0.30764887,3.2277118911427903e-158
ENSG00000099341,0.30764443,3.263135123074451e-158
ENSG00000116809,0.3076384,3.311779146242516e-158
ENSG00000139726,0.30753917,4.226473702472031e-158
ENSG00000084623,0.30680746,2.5446515949535328e-157
ENSG00000134825,0.3059286,2.1833727818882246e-156
ENSG00000143947,0.30590072,2.337073584153485e-156
ENSG00000090061,0.30555183,5.474199695953891e-156
ENSG00000158526,0.30527487,1.0749434382351025e-155
ENSG00000205609,0.30495802,2.3242641690294487e-155
ENSG00000130177,0.30495262,2.3549583425083196e-155
ENSG00000084072,0.30478746,3.518702294744386e-155
ENSG00000035928,0.30435732,1.0000847900480822e-154
ENSG00000100603,0.30428922,1.1797439972739363e-154
ENSG00000074201,0.30418247,1.5283641090397813e-154
ENSG00000122484,0.30379602,3.898208752049138e-154
ENSG00000161970,0.30376032,4.2501320430591874e-154
ENSG00000168286,0.30367553,5.218245779895229e-154
ENSG00000118412,0.30332163,1.2279958376185774e-153
ENSG00000105364,0.30283466,3.9789484297094187e-153
ENSG00000122026,0.30281517,4.1704526224545766e-153
ENSG00000114127,0.30268583,5.696632228734499e-153
ENSG00000112306,0.30218777,1.8901180616744674e-152
ENSG00000108518,0.30178395,4.9894637478238215e-152
ENSG00000168827,0.30165654,6.775116268148835e-152
ENSG00000090470,0.3016245,7.3167151592688154e-152
ENSG00000168438,0.30144924,1.1141893080781865e-151
ENSG00000158545,0.3012116,1.9696996322646137e-151
ENSG00000146143,0.30079833,5.2984712065038816e-151
ENSG00000073111,0.300798,5.302628457088988e-151
ENSG00000065328,0.3004868,1.1159169642631612e-150
ENSG00000160294,0.3003656,1.490671860059337e-150
ENSG00000101182,0.2991096,2.9709271398602756e-149
ENSG00000145241,0.29901063,3.7585358420002424e-149
ENSG00000172809,0.2982637,2.210297069675418e-148
ENSG00000198034,0.29800296,4.097358035542715e-148
ENSG00000198836,0.29696238,4.7806280939151315e-147
ENSG00000165417,0.296804,6.941979072133196e-147
ENSG00000060069,0.29588872,5.966655539490009e-146
ENSG00000105372,0.29587308,6.189726287186756e-146
ENSG00000175550,0.29554716,1.3288972833755656e-145
ENSG00000161547,0.29523006,2.7919851841034912e-145
ENSG00000165526,0.29520762,2.942493637402531e-145
ENSG00000143952,0.29511583,3.647228523083516e-145
ENSG00000134419,0.2946942,9.769073197930146e-145
ENSG00000145741,0.29469264,9.804483178295488e-145
ENSG00000197102,0.29427713,2.5844723614675647e-144
ENSG00000104131,0.29359382,1.2679414105234725e-143
ENSG00000061936,0.29315883,3.481975358681311e-143
ENSG00000116455,0.2928983,6.37123535619309e-143
ENSG00000127580,0.2928564,7.021017229272731e-143
ENSG00000147669,0.29194948,5.721389511711488e-142
ENSG00000169021,0.291857,7.082999060840139e-142
ENSG00000132604,0.29143846,1.859552975368301e-141
ENSG00000169230,0.2910125,4.9579477036786206e-141
ENSG00000099246,0.29076698,8.71842430822914e-141
ENSG00000160075,0.2900707,4.308396584041459e-140
ENSG00000086758,0.28903475,4.603405335402254e-139
ENSG00000172534,0.28860363,1.2300607384587374e-138
ENSG00000116221,0.28826317,2.669827708204127e-138
ENSG00000167526,0.2880543,4.292795629448677e-138
ENSG00000008988,0.28686675,6.338579204667791e-137
ENSG00000161960,0.28594404,5.088341308294208e-136
ENSG00000142937,0.2853274,2.037955853659431e-135
ENSG00000139620,0.2849924,4.324590440465275e-135
ENSG00000240682,0.28426206,2.221864728700874e-134
ENSG00000106028,0.28391254,4.8542292951871005e-134
ENSG00000132341,0.28387263,5.306878856246428e-134
ENSG00000079134,0.28379148,6.361484994255998e-134
ENSG00000165916,0.28336018,1.6652819457664558e-133
ENSG00000147133,0.28313127,2.7733259632556518e-133
ENSG00000164654,0.28273833,6.648992329260469e-133
ENSG00000113141,0.2822456,1.986405401433989e-132
ENSG00000117410,0.28223535,2.032110615934716e-132
ENSG00000075089,0.28202343,3.251446793208429e-132
ENSG00000170322,0.2819326,3.976656179365639e-132
ENSG00000146457,0.28190175,4.257971572873392e-132
ENSG00000106803,0.28148443,1.0726252317730297e-131
ENSG00000145425,0.28052613,8.896045288583974e-131
ENSG00000179409,0.28028595,1.5096961213344903e-130
ENSG00000108344,0.28015223,2.0261691156176945e-130
ENSG00000035141,0.27935272,1.172744053298439e-129
ENSG00000115233,0.27927423,1.3929475460461226e-129
ENSG00000101057,0.27916375,1.774466634819898e-129
ENSG00000110104,0.27830514,1.1600787776763115e-128
ENSG00000076003,0.2781517,1.621486535182856e-128
ENSG00000139168,0.27810925,1.7787529393811647e-128
ENSG00000113460,0.27788454,2.903123237247449e-128
ENSG00000231500,0.2778531,3.1089773524236084e-128
ENSG00000223496,0.2758879,2.210319857671499e-126
ENSG00000243147,0.27586764,2.3092565568050346e-126
ENSG00000182473,0.27580643,2.635755028304336e-126
ENSG00000101138,0.2757947,2.7032873653842677e-126
ENSG00000198242,0.27525088,8.738933322609775e-126
ENSG00000151465,0.27470982,2.8007200527213256e-125
ENSG00000129128,0.27425757,7.398959353087381e-125
ENSG00000113734,0.2729742,1.153558120076997e-123
ENSG00000166902,0.27291787,1.3009036633582485e-123
ENSG00000111481,0.27219346,6.088961698750706e-123
ENSG00000071894,0.2718779,1.1909057928462486e-122
ENSG00000072756,0.27182892,1.3215325389782107e-122
ENSG00000171793,0.2716504,1.9305827822860894e-122
ENSG00000134884,0.2715634,2.321987496690379e-122
ENSG00000067334,0.27109244,6.300576283977586e-122
ENSG00000158042,0.27095002,8.517466376523966e-122
ENSG00000149806,0.27058882,1.8281237627707843e-121
ENSG00000136997,0.2701532,4.585200351312624e-121
ENSG00000119392,0.2694915,1.847349973467763e-120
ENSG00000175390,0.26945943,1.9762160137755362e-120
ENSG00000011304,0.26940456,2.217844817509296e-120
ENSG00000163882,0.26936114,2.4297985426836522e-120
ENSG00000101639,0.26915455,3.750258892708449e-120
ENSG00000165480,0.26913625,3.8971646217104673e-120
ENSG00000105176,0.26800352,4.1802215333485145e-119
ENSG00000204469,0.26789036,5.295005879083177e-119
ENSG00000130811,0.26713812,2.541501837402313e-118
ENSG00000172273,0.266978,3.546637578492183e-118
ENSG00000083845,0.26691794,4.018526618204699e-118
ENSG00000020426,0.2667225,6.03297310845e-118
ENSG00000204316,0.26643145,1.1041864125755672e-117
ENSG00000157020,0.2659502,2.9948832606148858e-117
ENSG00000137288,0.26576874,4.360606133035395e-117
ENSG00000015676,0.2654541,8.358721307439247e-117
ENSG00000127554,0.26476818,3.4427673746193734e-116
ENSG00000065427,0.26468828,4.0588197990750175e-116
ENSG00000177600,0.26447335,6.318203798237126e-116
ENSG00000172172,0.2643997,7.351950471369461e-116
ENSG00000162910,0.26407433,1.435241228585063e-115
ENSG00000112972,0.26391682,1.9833929052048058e-115
ENSG00000183479,0.26364544,3.461271874992082e-115
ENSG00000103275,0.26337463,6.02939895334261e-115
ENSG00000171148,0.26213813,7.53736824512107e-114
ENSG00000108384,0.26167065,1.951644816656013e-113
ENSG00000112118,0.26106024,6.739743609200791e-113
ENSG00000136942,0.2609998,7.618310495740818e-113
ENSG00000112592,0.2609123,9.096518443688787e-113
ENSG00000185946,0.26083884,1.0556350262816212e-112
ENSG00000173726,0.26036397,2.759577343797429e-112
ENSG00000149792,0.25990716,6.94193516489078e-112
ENSG00000168066,0.2598846,7.265172959709461e-112
ENSG00000164754,0.25975236,9.485439573572167e-112
ENSG00000108561,0.2594077,1.899341863809499e-111
ENSG00000172531,0.2588466,5.868428264183054e-111
ENSG00000163918,0.25850895,1.1554999427983925e-110
ENSG00000069329,0.25849235,1.1946050012581976e-110
ENSG00000073536,0.2577302,5.492155813413496e-110
ENSG00000128908,0.25763136,6.690889386279125e-110
ENSG00000180992,0.25706443,2.0731654962890283e-109
ENSG00000100941,0.25672522,4.073001695237004e-109
ENSG00000144381,0.2557559,2.789731036706905e-108
ENSG00000108826,0.25541177,5.512767634540346e-108
ENSG00000120071,0.25537473,5.931786380002693e-108
ENSG00000167967,0.2547181,2.169065692039252e-107
ENSG00000131469,0.25437367,4.2753531672367635e-107
ENSG00000188529,0.2540646,7.853147187000854e-107
ENSG00000126698,0.25381207,1.2897854248836137e-106
ENSG00000164587,0.25331047,3.4500085627261194e-106
ENSG00000135776,0.25293514,7.193302048485393e-106
ENSG00000166226,0.25293228,7.233670079323621e-106
ENSG00000150990,0.25264287,1.2736439938784456e-105
ENSG00000096080,0.25259325,1.4032684220787485e-105
ENSG00000161526,0.2523194,2.3948516067165874e-105
ENSG00000103549,0.2519629,4.797806243858016e-105
ENSG00000155561,0.2518685,5.766079943712704e-105
ENSG00000149925,0.2516957,8.070688341208553e-105
ENSG00000111639,0.2514695,1.2528612551125782e-104
ENSG00000136897,0.2512004,2.1127741765887306e-104
ENSG00000146282,0.25076586,4.9065551910377754e-104
ENSG00000169564,0.2506859,5.728369975613789e-104
ENSG00000134697,0.2505915,6.877200073337818e-104
ENSG00000105640,0.25036716,1.061402961999329e-103
ENSG00000167508,0.24981576,3.078520719996859e-103
ENSG00000004897,0.24977626,3.3222252644654145e-103
ENSG00000113593,0.2495108,5.541457492348671e-103
ENSG00000168028,0.24914621,1.1177651022061721e-102
ENSG00000221983,0.24907704,1.2767563948695901e-102
ENSG00000198783,0.24823155,6.465871853697369e-102
ENSG00000004779,0.24795234,1.103276465271057e-101
ENSG00000169375,0.24682805,9.422246953290442e-101
ENSG00000146263,0.24682622,9.455164576954262e-101
ENSG00000196365,0.24668497,1.2369566989121798e-100
ENSG00000072506,0.24604733,4.1511816187033256e-100
ENSG00000005194,0.24577636,6.936913900411221e-100
ENSG00000183617,0.24561858,9.351365163821354e-100
ENSG00000142534,0.2454084,1.3916290037078141e-99
ENSG00000132424,0.24471703,5.131711044078633e-99
ENSG00000161981,0.24468063,5.4960875855167444e-99
ENSG00000088986,0.2443045,1.115780843017322e-98
ENSG00000198900,0.24419665,1.3666266614963483e-98
ENSG00000145592,0.24332249,7.046186193456767e-98
ENSG00000118197,0.24325156,8.046830751473376e-98
ENSG00000143751,0.24320982,8.700658926411051e-98
ENSG00000103061,0.24297613,1.3470782865824389e-97
ENSG00000277791,0.2428968,1.5624015467904263e-97
ENSG00000183207,0.24246614,3.4911771989296036e-97
ENSG00000055950,0.24180993,1.1849185186776711e-96
ENSG00000151849,0.24144746,2.3235577359634576e-96
ENSG00000213782,0.2412038,3.6515840961384288e-96
ENSG00000130856,0.24112605,4.217778438424648e-96
ENSG00000042429,0.2408239,7.3814348396027735e-96
ENSG00000104884,0.24078782,7.891110700447285e-96
ENSG00000160563,0.24026947,2.0570675536057944e-95
ENSG00000167658,0.24012814,2.6700680722866094e-95
ENSG00000111445,0.24002539,3.227298397932667e-95
ENSG00000143106,0.23978736,5.004581506358528e-95
ENSG00000135476,0.23888615,2.6230919238880594e-94
ENSG00000092853,0.2385832,4.570627843275815e-94
ENSG00000167978,0.23852628,5.072850578412201e-94
ENSG00000131269,0.23832646,7.313031909922753e-94
ENSG00000242252,0.238291,7.803218176210981e-94
ENSG00000141367,0.23814791,1.013682973317017e-93
ENSG00000140988,0.23805751,1.1958005025474558e-93
ENSG00000041802,0.23759294,2.792036346872561e-93
ENSG00000111711,0.23722267,5.480889997200619e-93
ENSG00000014123,0.2372141,5.567031293021864e-93
ENSG00000160949,0.23650418,2.0221959952209146e-92
ENSG00000151779,0.2364824,2.103704000503931e-92
ENSG00000213246,0.23638871,2.493235085742375e-92
ENSG00000153814,0.23605588,4.556331291277153e-92
ENSG00000106628,0.2360495,4.6092351432192164e-92
ENSG00000244005,0.23604523,4.645053105910241e-92
ENSG00000070366,0.23589386,6.108496525175842e-92
ENSG00000213780,0.23563896,9.683730793589415e-92
ENSG00000138326,0.23499599,3.08842160003037e-91
ENSG00000170889,0.23492356,3.5187212770510924e-91
ENSG00000198554,0.23417988,1.3392443296093562e-90
ENSG00000136527,0.23401672,1.7945152116597549e-90
ENSG00000100319,0.2335941,3.8251785421878664e-90
ENSG00000136271,0.23293592,1.2395649986956381e-89
ENSG00000276234,0.23280413,1.5678925441056847e-89
ENSG00000034510,0.23250633,2.6648843385372008e-89
ENSG00000091651,0.23237845,3.345804306720368e-89
ENSG00000233927,0.23218906,4.6853934173299326e-89
ENSG00000143374,0.23199698,6.590641486156355e-89
ENSG00000141759,0.23196979,6.916663425647356e-89
ENSG00000129083,0.23170133,1.1136567372312155e-88
ENSG00000088356,0.23084362,5.079965538420071e-88
ENSG00000167118,0.2301087,1.8555053014529338e-87
ENSG00000092108,0.22961947,4.3839972414870725e-87
ENSG00000124789,0.22937156,6.772639620415233e-87
ENSG00000126461,0.22874504,2.0281925795821772e-86
ENSG00000164109,0.22866899,2.3165262411095215e-86
ENSG00000115216,0.22826627,4.6790454849329046e-86
ENSG00000115268,0.22758803,1.5241241641246167e-85
ENSG00000179041,0.22741394,2.0624800976929856e-85
ENSG00000082515,0.22703037,4.012756056053629e-85
ENSG00000075624,0.22676352,6.371170270339346e-85
ENSG00000159140,0.22648267,1.0357191566682364e-84
ENSG00000088930,0.2255019,5.622524622572985e-84
ENSG00000137947,0.22527955,8.241287223427879e-84
ENSG00000137818,0.22458376,2.7196410437785892e-83
ENSG00000174173,0.22415365,5.677415780535581e-83
ENSG00000120333,0.22401886,7.148041682106922e-83
ENSG00000092036,0.22380507,1.0296971087755217e-82
ENSG00000242485,0.22380073,1.0373446667826069e-82
ENSG00000112473,0.22371362,1.20355903702477e-82
ENSG00000120686,0.2232371,2.7105101833209243e-82
ENSG00000121152,0.22319645,2.904626334485264e-82
ENSG00000266472,0.22317265,3.0246335169666887e-82
ENSG00000124380,0.22258084,8.265539306126646e-82
ENSG00000076043,0.22220401,1.5653042275133718e-81
ENSG00000143742,0.22204565,2.046442281067536e-81
ENSG00000120948,0.22182429,2.9753823603031e-81
ENSG00000132382,0.2218127,3.034245718464324e-81
ENSG00000111641,0.22179466,3.1281095775074395e-81
ENSG00000058262,0.22132783,6.877806113014408e-81
ENSG00000164338,0.22113723,9.482497881062506e-81
ENSG00000186468,0.22033441,3.6554335459555375e-80
ENSG00000104859,0.22026566,4.102204518570504e-80
ENSG00000100697,0.2199976,6.428338439423545e-80
ENSG00000106263,0.21921156,2.391357514643574e-79
ENSG00000013503,0.21865316,6.061857601003546e-79
ENSG00000100129,0.21792684,2.0246321529431805e-78
ENSG00000111642,0.21766153,3.14187009486894e-78
ENSG00000060688,0.21701333,9.170052494994351e-78
ENSG00000089737,0.21619022,3.555454304812967e-77
ENSG00000142784,0.21598104,5.012693187951462e-77
ENSG00000132792,0.21545506,1.1870574049904173e-76
ENSG00000110619,0.21521798,1.749447562870832e-76
ENSG00000135900,0.21521395,1.760992492026297e-76
ENSG00000136810,0.21495984,2.6672184604857833e-76
ENSG00000086598,0.21400356,1.266186481447719e-75
ENSG00000174446,0.21363035,2.3206202379517527e-75
ENSG00000104824,0.21362983,2.322583827453085e-75
ENSG00000198301,0.21351382,2.803174194771236e-75
ENSG00000158615,0.21300584,6.378910332130222e-75
ENSG00000164880,0.21247964,1.4916855924183243e-74
ENSG00000142864,0.21239914,1.6983485085753683e-74
ENSG00000161654,0.21210526,2.726178595573872e-74
ENSG00000108848,0.21185523,4.075382102213263e-74
ENSG00000185024,0.21183959,4.179149620058852e-74
ENSG00000213741,0.21147522,7.501204407353149e-74
ENSG00000163902,0.2114192,8.206409368212201e-74
ENSG00000086200,0.21085575,2.0227870570045998e-73
ENSG00000105254,0.21046521,3.774447663477922e-73
ENSG00000163811,0.21007624,7.016469836493883e-73
ENSG00000077514,0.20994416,8.658289803288562e-73
ENSG00000171960,0.20971836,1.2399036796557838e-72
ENSG00000135624,0.20898975,3.939008770529611e-72
ENSG00000196230,0.20837542,1.0403463277693608e-71
ENSG00000101146,0.20756505,3.728274285263589e-71
ENSG00000182154,0.20754974,3.8191242571952546e-71
ENSG00000174177,0.2071306,7.374510826740511e-71
ENSG00000125971,0.20687652,1.0981458395397252e-70
ENSG00000142230,0.20684224,1.1586931121585352e-70
ENSG00000100209,0.20682381,1.1926213064983447e-70
ENSG00000113558,0.20678537,1.2666044613602764e-70
ENSG00000139131,0.2064092,2.2809458427091077e-70
ENSG00000141456,0.20634983,2.502578912506582e-70
ENSG00000095787,0.2061051,3.666735799108668e-70
ENSG00000103274,0.20557071,8.42880471517945e-70
ENSG00000162521,0.20545675,1.0062964207427482e-69
ENSG00000182220,0.20506482,1.8494565912839656e-69
ENSG00000113810,0.20505783,1.8696156663108334e-69
ENSG00000173113,0.2048889,2.4294580444972414e-69
ENSG00000198026,0.20472455,3.133853461309433e-69
ENSG00000136152,0.20447668,4.5989480236986426e-69
ENSG00000087586,0.20441943,5.024616103355289e-69
ENSG00000126261,0.2040728,8.582663652394459e-69
ENSG00000153037,0.20399812,9.63084848026268e-69
ENSG00000249115,0.20343174,2.304212804381071e-68
ENSG00000164134,0.20327348,2.9389013800815167e-68
ENSG00000173812,0.2026119,8.10802398328133e-68
ENSG00000149554,0.20233527,1.2380451718369588e-67
ENSG00000124614,0.20228921,1.3283648803561283e-67
ENSG00000106588,0.20203443,1.9603845437626338e-67
ENSG00000177885,0.20193963,2.2655558614563476e-67
ENSG00000103510,0.2016355,3.601944176251355e-67
ENSG00000112984,0.20158723,3.8767019747188916e-67
ENSG00000229117,0.2013638,5.4468387668585606e-67
ENSG00000187514,0.20105387,8.723891169327411e-67
ENSG00000140990,0.20059822,1.741163475067508e-66
ENSG00000157778,0.20046155,2.1415173540557307e-66
ENSG00000053900,0.199915,4.892068271256562e-66
ENSG00000106591,0.1999109,4.922528551773175e-66
ENSG00000100902,0.19975856,6.19435098087501e-66
ENSG00000156467,0.19974235,6.34765298095457e-66
ENSG00000148296,0.19963112,7.506308858640182e-66
ENSG00000132664,0.19934365,1.1572380790754885e-65
ENSG00000242028,0.19932152,1.1964143977592585e-65
ENSG00000141385,0.19911416,1.6341534879410816e-65
ENSG00000130312,0.1989264,2.1665453677594215e-65
ENSG00000005100,0.19889222,2.2806184375690006e-65
ENSG00000180817,0.1981713,6.715469277992593e-65
ENSG00000105705,0.19768815,1.3816209355453847e-64
ENSG00000204435,0.19757776,1.6287594853633866e-64
ENSG00000185122,0.19724824,2.6603872150165545e-64
ENSG00000088205,0.19707265,3.454048670529359e-64
ENSG00000005175,0.19678143,5.322973882198125e-64
ENSG00000127804,0.19674309,5.634556133059998e-64
ENSG00000164405,0.19637989,9.652440350301785e-64
ENSG00000125449,0.19618458,1.2887186914610027e-63
ENSG00000105732,0.19596754,1.7761705667552995e-63
ENSG00000119953,0.19518144,5.65896278725133e-63
ENSG00000100890,0.19490646,8.477516560447127e-63
ENSG00000122257,0.1945086,1.519727629615884e-62
ENSG00000051180,0.1944817,1.5808217185487899e-62
ENSG00000118363,0.19432092,2.000568759381181e-62
ENSG00000100316,0.1938704,3.8657792112470683e-62
ENSG00000135521,0.1937435,4.652535969880263e-62
ENSG00000105849,0.19331191,8.727464146460436e-62
ENSG00000112983,0.19322734,9.870779811263186e-62
ENSG00000086189,0.19318439,1.050722468169269e-61
ENSG00000111667,0.19312118,1.1519096643581152e-61
ENSG00000108654,0.19255084,2.6367739612700864e-61
ENSG00000102786,0.19250485,2.8185205359038384e-61
ENSG00000086589,0.19226812,3.9712989799876276e-61
ENSG00000134684,0.1919305,6.470849143553997e-61
ENSG00000130772,0.19158289,1.0686932730658991e-60
ENSG00000164032,0.19128506,1.641356660391586e-60
ENSG00000153207,0.19126125,1.69859025094245e-60
ENSG00000184432,0.19119793,1.86062655679975e-60
ENSG00000115484,0.19110975,2.1122714934173985e-60
ENSG00000126457,0.19094346,2.6825927071669366e-60
ENSG00000164091,0.19060853,4.3386121554542496e-60
ENSG00000094880,0.18953986,1.9995711588665497e-59
ENSG00000100297,0.18952453,2.043756086890977e-59
ENSG00000102924,0.18868917,6.703891619778113e-59
ENSG00000163161,0.1886314,7.276384348888566e-59
ENSG00000106244,0.18803783,1.686149964839933e-58
ENSG00000215301,0.18773012,2.6038752930580923e-58
ENSG00000143436,0.18683493,9.178765887161305e-58
ENSG00000172409,0.18679023,9.77316745731525e-58
ENSG00000176386,0.18617477,2.3147982676416346e-57
ENSG00000174276,0.18606764,2.688800434256984e-57
ENSG00000155438,0.18549478,5.980266537639164e-57
ENSG00000117395,0.18517934,9.276787182761235e-57
ENSG00000149503,0.18511586,1.0132749243779806e-56
ENSG00000062716,0.1848286,1.5101081578683527e-56
ENSG00000167513,0.18473153,1.7278046851293175e-56
ENSG00000105202,0.18472584,1.7414999190346185e-56
ENSG00000130640,0.18458448,2.1185234197538597e-56
ENSG00000114346,0.18420045,3.6050725858042414e-56
ENSG00000109118,0.1838863,5.5641544898169005e-56
ENSG00000162244,0.18385178,5.835709279567799e-56
ENSG00000168818,0.1836415,7.799144940929559e-56
ENSG00000136807,0.18350762,9.378898693083675e-56
ENSG00000171858,0.18297659,1.9466794606650813e-55
ENSG00000167615,0.18171033,1.100504970741692e-54
ENSG00000154473,0.1815418,1.3845264208499035e-54
ENSG00000099783,0.1815068,1.4521042305071542e-54
ENSG00000156990,0.1809709,3.008376458944918e-54
ENSG00000146731,0.18074083,4.1099829162040897e-54
ENSG00000167842,0.18059626,4.999140814308702e-54
ENSG00000132463,0.1803357,7.112288391124938e-54
ENSG00000149273,0.18032743,7.192258923779126e-54
ENSG00000172315,0.18022928,8.212588489401885e-54
ENSG00000163468,0.18021208,8.405632065286946e-54
ENSG00000044090,0.18006709,1.0223668447130179e-53
ENSG00000132952,0.17995203,1.1941047775452359e-53
ENSG00000100575,0.17987865,1.3183160935552838e-53
ENSG00000086504,0.17957537,1.9836524083530813e-53
ENSG00000181222,0.17900226,4.284693177342952e-53
ENSG00000113312,0.1786792,6.606160207577297e-53
ENSG00000140992,0.1786058,7.288227721458236e-53
ENSG00000136891,0.17805173,1.5280299397450703e-52
ENSG00000169679,0.17702918,5.952694569755528e-52
ENSG00000115884,0.17572317,3.3403392646390616e-51
ENSG00000130517,0.17547952,4.601401883831274e-51
ENSG00000132603,0.17451751,1.6222284360721812e-50
ENSG00000138778,0.17443603,1.8043250959869595e-50
ENSG00000072501,0.17432804,2.077373030494163e-50
ENSG00000047249,0.1740287,3.068696569713861e-50
ENSG00000166508,0.1737153,4.613370879264483e-50
ENSG00000100664,0.17366478,4.92636604555576e-50
ENSG00000137876,0.17359382,5.402043957047923e-50
ENSG00000136715,0.17277198,1.5665458432210117e-49
ENSG00000106636,0.17275639,1.5984171014164945e-49
ENSG00000111615,0.1722545,3.0542056428498754e-49
ENSG00000197771,0.17209962,3.728255541832481e-49
ENSG00000165060,0.1720177,4.142707739957473e-49
ENSG00000130935,0.17199166,4.2837660112786015e-49
ENSG00000129351,0.1718875,4.897619126716985e-49
ENSG00000137547,0.17175117,5.835148725452633e-49
ENSG00000118579,0.1714481,8.60850530450052e-49
ENSG00000160803,0.17086618,1.8125904149915697e-48
ENSG00000166260,0.17083019,1.8978385433733614e-48
ENSG00000140319,0.17061552,2.4959204698201232e-48
ENSG00000105447,0.17059697,2.5556722407092994e-48
ENSG00000198918,0.1705516,2.7078786320679928e-48
ENSG00000167670,0.17043394,3.145905837398357e-48
ENSG00000060339,0.17028725,3.7919346619893455e-48
ENSG00000061794,0.17003916,5.1985545862490345e-48
ENSG00000156261,0.16956174,9.527397118967955e-48
ENSG00000106246,0.16937725,1.2034668544718931e-47
ENSG00000129559,0.1690043,1.92832243151058e-47
ENSG00000243927,0.1689863,1.9726494110745092e-47
ENSG00000108055,0.16897748,1.9947413130924872e-47
ENSG00000160214,0.16887946,2.257415004452429e-47
ENSG00000108094,0.1681684,5.525481218067206e-47
ENSG00000110025,0.1680931,6.073448076726129e-47
ENSG00000138663,0.16801631,6.687955405329168e-47
ENSG00000163029,0.16768113,1.018071585436397e-46
ENSG00000213066,0.16740151,1.4445052060536244e-46
ENSG00000136122,0.16715978,1.953686989485669e-46
ENSG00000135249,0.16696401,2.4941054330264274e-46
ENSG00000241343,0.16681434,3.0054514266507736e-46
ENSG00000100811,0.1665028,4.428533494893108e-46
ENSG00000124784,0.16570222,1.1950015318745315e-45
ENSG00000025796,0.16540155,1.7326829685275934e-45
ENSG00000147874,0.16521382,2.1842473660966606e-45
ENSG00000130985,0.1652087,2.1980959608399647e-45
ENSG00000122965,0.16479324,3.666208052463689e-45
ENSG00000243725,0.1631753,2.653692107131518e-44
ENSG00000173145,0.16158055,1.8301920993721157e-43
ENSG00000167182,0.16151308,1.9851323770871467e-43
ENSG00000103356,0.16136637,2.3684910096445657e-43
ENSG00000104976,0.1612773,2.6363231878180567e-43
ENSG00000242372,0.16112092,3.181331182038628e-43
ENSG00000116586,0.16111366,3.209180924032757e-43
ENSG00000150753,0.16076972,4.848422541465561e-43
ENSG00000105085,0.16065653,5.5524887988945625e-43
ENSG00000145216,0.16061886,5.808662833770296e-43
ENSG00000111237,0.16057366,6.131565511133587e-43
ENSG00000172757,0.16039382,7.603190586140483e-43
ENSG00000111358,0.16038445,7.688858867275373e-43
ENSG00000119285,0.1600605,1.1320425652439799e-42
ENSG00000092330,0.15990682,1.3596748323451025e-42
ENSG00000128951,0.15951683,2.1627863546637528e-42
ENSG00000099817,0.15929379,2.8188225293743004e-42
ENSG00000129696,0.15896516,4.161828023293586e-42
ENSG00000205937,0.15891744,4.4037459119412663e-42
ENSG00000204619,0.15853567,6.91642619261813e-42
ENSG00000131100,0.1581229,1.1254185994532139e-41
ENSG00000124608,0.15807383,1.1923679524015501e-41
ENSG00000144021,0.1578058,1.634359474073559e-41
ENSG00000007168,0.15771684,1.8144479341455864e-41
ENSG00000109270,0.15740916,2.603455923870301e-41
ENSG00000117133,0.15723506,3.192568097520774e-41
ENSG00000147586,0.15673774,5.709863644864383e-41
ENSG00000161980,0.15647726,7.736483806393146e-41
ENSG00000127837,0.15627576,9.782031750907823e-41
ENSG00000137807,0.1558315,1.6390396155081166e-40
ENSG00000213465,0.15523203,3.281053610944397e-40
ENSG00000163466,0.15521014,3.3650924663219604e-40
ENSG00000101773,0.15502767,4.154224761071402e-40
ENSG00000105193,0.15497759,4.401324484155497e-40
ENSG00000136003,0.15469955,6.063723546971402e-40
ENSG00000159593,0.15457319,7.012877347881922e-40
ENSG00000176248,0.15453148,7.357507558167069e-40
ENSG00000125445,0.15450615,7.574986971201222e-40
ENSG00000119041,0.15448394,7.770849567954224e-40
ENSG00000198042,0.15447634,7.839039777940998e-40
ENSG00000105829,0.15444458,8.130602155872186e-40
ENSG00000109920,0.1542076,1.067376326405198e-39
ENSG00000171763,0.15370706,1.893891234352126e-39
ENSG00000115368,0.15346834,2.4878755158913662e-39
ENSG00000155463,0.15313107,3.6550198748500736e-39
ENSG00000111880,0.15287617,4.885353731700362e-39
ENSG00000152240,0.15277351,5.490101058327746e-39
ENSG00000172530,0.1524819,7.644866768076307e-39
ENSG00000170190,0.15244041,8.01312824070436e-39
ENSG00000140326,0.1516708,1.9134176771822246e-38
ENSG00000165792,0.15113473,3.498948472398336e-38
ENSG00000142541,0.15100129,4.064787212982242e-38
ENSG00000182774,0.15085682,4.780249711574694e-38
ENSG00000058729,0.150496,7.161553610108182e-38
ENSG00000131652,0.15001898,1.2202275347846244e-37
ENSG00000144034,0.14986466,1.4492570982766906e-37
ENSG00000137497,0.14972362,1.695716140337569e-37
ENSG00000085721,0.14943022,2.349809558210428e-37
ENSG00000204899,0.1490186,3.7094539102776226e-37
ENSG00000163605,0.14856698,6.112375002795423e-37
ENSG00000136888,0.14844903,6.9621264166850635e-37
ENSG00000149923,0.14833461,7.898486840053447e-37
ENSG00000111300,0.14802516,1.1105322861458372e-36
ENSG00000197111,0.14795086,1.2050756572289513e-36
ENSG00000181610,0.14762902,1.715952285739596e-36
ENSG00000168393,0.14753392,1.904558163548443e-36
ENSG00000083520,0.14743735,2.1171663708514046e-36
ENSG00000172922,0.14742155,2.154116273721498e-36
ENSG00000241553,0.14657025,5.457891651109332e-36
ENSG00000130810,0.14609838,9.115629553109076e-36
ENSG00000163938,0.14596301,1.0557265110649563e-35
ENSG00000120253,0.14588924,1.1436130691468482e-35
ENSG00000168495,0.14588396,1.1501685027179648e-35
ENSG00000111602,0.14576827,1.3037125232486216e-35
ENSG00000169251,0.14497064,3.0843661426776676e-35
ENSG00000162923,0.14493209,3.2150442920583507e-35
ENSG00000070495,0.14485213,3.503892370382011e-35
ENSG00000175110,0.14466591,4.280414514431613e-35
ENSG00000173933,0.14463307,4.4341047734808787e-35
ENSG00000165280,0.14365894,1.257733697468915e-34
ENSG00000173418,0.14361547,1.3174036085229844e-34
ENSG00000164346,0.1434147,1.631602560233924e-34
ENSG00000167721,0.14299189,2.5575314971934122e-34
ENSG00000071243,0.14279175,3.162373758420837e-34
ENSG00000196262,0.14255401,4.067720045536957e-34
ENSG00000137822,0.14226887,5.498561260757675e-34
ENSG00000145736,0.14201741,7.168979625155942e-34
ENSG00000137309,0.14196078,7.609771981388813e-34
ENSG00000141543,0.14169711,1.00439312424142e-33
ENSG00000165501,0.14160118,1.110963980344265e-33
ENSG00000175216,0.14120987,1.6750396830697635e-33
ENSG00000061676,0.14095993,2.1760109021871582e-33
ENSG00000162004,0.14005896,5.566449388381528e-33
ENSG00000166136,0.13994932,6.237868085699623e-33
ENSG00000124571,0.13966182,8.404947263304063e-33
ENSG00000070831,0.13951133,9.822209980675065e-33
ENSG00000014919,0.13948376,1.0106437693607168e-32
ENSG00000062582,0.13948368,1.010737267201078e-32
ENSG00000130119,0.13873231,2.1945153690594828e-32
ENSG00000163781,0.13871402,2.2362242465492724e-32
ENSG00000100865,0.1383508,3.24779951156782e-32
ENSG00000101189,0.13834277,3.2746749636597634e-32
ENSG00000169727,0.13794507,4.92173439102964e-32
ENSG00000146670,0.1375823,7.129712345281775e-32
ENSG00000135829,0.13682586,1.53920057152816e-31
ENSG00000168090,0.13677984,1.6127435015502225e-31
ENSG00000182872,0.13642927,2.3002275826324605e-31
ENSG00000144744,0.1363294,2.5446279854319396e-31
ENSG00000188186,0.1359562,3.708612634767112e-31
ENSG00000123374,0.13580282,4.328221987924234e-31
ENSG00000132591,0.13571398,4.7330293544546015e-31
ENSG00000141101,0.13569982,4.800914966157098e-31
ENSG00000167986,0.13564807,5.057417203954607e-31
ENSG00000170855,0.13550648,5.8308183957006155e-31
ENSG00000100387,0.1347853,1.2008379844774875e-30
ENSG00000254415,0.13461712,1.4203757220705959e-30
ENSG00000186185,0.13448708,1.6170541743375533e-30
ENSG00000143319,0.1343443,1.864230993677401e-30
ENSG00000247626,0.13387029,2.9860562940220453e-30
ENSG00000172339,0.13383906,3.080018153665771e-30
ENSG00000162385,0.13382223,3.131840023006698e-30
ENSG00000104738,0.13369456,3.554360607260135e-30
ENSG00000115207,0.13346668,4.45378946201636e-30
ENSG00000011376,0.1333582,4.957993863179435e-30
ENSG00000135040,0.13309869,6.405713648557623e-30
ENSG00000135763,0.13301514,6.955728462726682e-30
ENSG00000171634,0.13276418,8.905616783563135e-30
ENSG00000149428,0.13229792,1.4076751019735096e-29
ENSG00000169217,0.13226733,1.4505198068556005e-29
ENSG00000138495,0.13210386,1.7023515600621343e-29
ENSG00000001497,0.13209,1.725596959930894e-29
ENSG00000198498,0.13202809,1.833357568924512e-29
ENSG00000130803,0.13173458,2.4422468081949244e-29
ENSG00000178741,0.13144454,3.240268370758063e-29
ENSG00000183684,0.13111341,4.4713044778385643e-29
ENSG00000100949,0.13089164,5.544963808371559e-29
ENSG00000123416,0.13083817,5.839921938170984e-29
ENSG00000166483,0.13047136,8.32867655197545e-29
ENSG00000125901,0.13008872,1.2048485752679763e-28
ENSG00000154727,0.13000935,1.3005630665364168e-28
ENSG00000118705,0.12998678,1.329141467674207e-28
ENSG00000132773,0.12990476,1.4383081680689135e-28
ENSG00000198700,0.12981683,1.5652396987834154e-28
ENSG00000168906,0.12974113,1.6833693610734048e-28
ENSG00000166200,0.12926364,2.6611331193638098e-28
ENSG00000163608,0.12872867,4.43615043284511e-28
ENSG00000089685,0.12856808,5.16947907629571e-28
ENSG00000153107,0.12821443,7.235422277780148e-28
ENSG00000127993,0.12818843,7.416240988534968e-28
ENSG00000234545,0.12806903,8.305794974921861e-28
ENSG00000278845,0.12805015,8.455823900209657e-28
ENSG00000177954,0.1278408,1.0310673233846689e-27
ENSG00000124383,0.12706451,2.144985781783862e-27
ENSG00000198000,0.12684922,2.6260676562905585e-27
ENSG00000115652,0.1265032,3.6327275533376464e-27
ENSG00000115540,0.12649868,3.648120144129395e-27
ENSG00000146223,0.12607883,5.4017731176265586e-27
ENSG00000165934,0.12592587,6.230134423372435e-27
ENSG00000146232,0.12585309,6.66731779653269e-27
ENSG00000111011,0.12558818,8.531358833121159e-27
ENSG00000090054,0.12548111,9.42376604910534e-27
ENSG00000204070,0.12511794,1.3197889339455708e-26
ENSG00000071994,0.12467472,1.9881268131552102e-26
ENSG00000165898,0.12393288,3.9340248288774575e-26
ENSG00000135940,0.12378464,4.5066231766981136e-26
ENSG00000120539,0.123284034,7.122073583621325e-26
ENSG00000100029,0.122950695,9.649380791322428e-26
ENSG00000186141,0.12155186,3.420091756207787e-25
ENSG00000136045,0.121509954,3.5514108221421212e-25
ENSG00000065978,0.12150974,3.5521007479225973e-25
ENSG00000141030,0.12010569,1.2458861185501159e-24
ENSG00000135775,0.11993077,1.4552184786365761e-24
ENSG00000101901,0.11980703,1.623982147071984e-24
ENSG00000066422,0.11972341,1.7488600675222254e-24
ENSG00000138442,0.11931117,2.51791971231193e-24
ENSG00000163041,0.1192518,2.6533290507892906e-24
ENSG00000048162,0.11916312,2.8691533324781884e-24
ENSG00000121073,0.11916082,2.8749628104657763e-24
ENSG00000166598,0.11870394,4.297278740743222e-24
ENSG00000139618,0.11788573,8.792515475352557e-24
ENSG00000159377,0.11783078,9.223922663116633e-24
ENSG00000273899,0.11777227,9.706344251645048e-24
ENSG00000148843,0.117456295,1.2777057256038302e-23
ENSG00000011260,0.117437296,1.2989673565843926e-23
ENSG00000123297,0.11714721,1.6706646332742672e-23
ENSG00000139436,0.117121436,1.7083842128443005e-23
ENSG00000133112,0.1167124,2.433286260740433e-23
ENSG00000121579,0.11629923,3.47379074307074e-23
ENSG00000084090,0.11628212,3.525275519325012e-23
ENSG00000172115,0.11592403,4.7942944549074525e-23
ENSG00000111364,0.11590403,4.877187821816856e-23
ENSG00000135972,0.11573646,5.62993398228879e-23
ENSG00000167965,0.11558697,6.39789010381972e-23
ENSG00000134186,0.115508765,6.840022448906133e-23
ENSG00000168496,0.115387596,7.58550640656516e-23
ENSG00000120438,0.115310505,8.101095915689606e-23
ENSG00000183474,0.114974745,1.078215148592898e-22
ENSG00000102030,0.114928015,1.1219072213221877e-22
ENSG00000155229,0.11489516,1.1536728879856582e-22
ENSG00000116830,0.11487646,1.1721484776186563e-22
ENSG00000135913,0.11483544,1.2137012697108586e-22
ENSG00000140740,0.114082664,2.295193622779361e-22
ENSG00000270800,0.11376357,3.0030311231597533e-22
ENSG00000089159,0.113719314,3.116916033472205e-22
ENSG00000165732,0.11371553,3.1268517691594793e-22
ENSG00000171314,0.11369399,3.1839950482031756e-22
ENSG00000125995,0.11344636,3.919987775286938e-22
ENSG00000116580,0.11337365,4.1664413747243797e-22
ENSG00000048707,0.11298703,5.758175981744387e-22
ENSG00000095906,0.11270145,7.307471913699325e-22
ENSG00000178966,0.11261851,7.830192981506572e-22
ENSG00000117505,0.112405136,9.351134713354437e-22
ENSG00000135334,0.1122981,1.0220686786344293e-21
ENSG00000124228,0.112157375,1.1486685357207876e-21
ENSG00000106153,0.11201964,1.2875619486742637e-21
ENSG00000171720,0.11198804,1.3217069058597156e-21
ENSG00000117697,0.111350365,2.237634855543824e-21
ENSG00000261236,0.11115975,2.6174890256074296e-21
ENSG00000167522,0.11115962,2.617761514711654e-21
ENSG00000025800,0.11086423,3.3359922925811416e-21
ENSG00000143621,0.110702686,3.807934003944934e-21
ENSG00000164919,0.11050963,4.45917365436226e-21
ENSG00000108107,0.11036161,5.031991569618846e-21
ENSG00000106344,0.11031194,5.240082834769129e-21
ENSG00000131558,0.110207304,5.706670082515062e-21
ENSG00000063046,0.11010628,6.196045718124153e-21
ENSG00000144559,0.10954043,9.809552940912309e-21
ENSG00000204569,0.10935133,1.1431484165254096e-20
ENSG00000127980,0.109153226,1.3415146586983402e-20
ENSG00000113194,0.10906854,1.4363589465913154e-20
ENSG00000102974,0.10895456,1.5745629993890898e-20
ENSG00000110172,0.10869951,1.9332124704529598e-20
ENSG00000136518,0.10857329,2.139470837681362e-20
ENSG00000099995,0.10785114,3.812527725612767e-20
ENSG00000111142,0.10752998,4.923330823844058e-20
ENSG00000086827,0.10740922,5.419141433821013e-20
ENSG00000171824,0.10731237,5.852151429686731e-20
ENSG00000129933,0.10704766,7.217847087902445e-20
ENSG00000079805,0.10692622,7.945565204396165e-20
ENSG00000149308,0.10666077,9.798143238128855e-20
ENSG00000188612,0.10621882,1.3873283846440675e-19
ENSG00000120837,0.10598152,1.6711614821560387e-19
ENSG00000116688,0.10577603,1.9628012544926548e-19
ENSG00000143748,0.10552992,2.378824388597257e-19
ENSG00000127184,0.1052819,2.8860338602052497e-19
ENSG00000138160,0.10514678,3.2058725934126917e-19
ENSG00000037897,0.10455831,5.0589414646132e-19
ENSG00000116754,0.10431866,6.0872506923725585e-19
ENSG00000119801,0.10412373,7.073819772392964e-19
ENSG00000089048,0.10411781,7.106106460770151e-19
ENSG00000156876,0.103646986,1.0201762134058317e-18
ENSG00000097046,0.103637345,1.0277406781758871e-18
ENSG00000134987,0.10345613,1.180680285770975e-18
ENSG00000174842,0.10333538,1.2948539410787362e-18
ENSG00000156970,0.10311565,1.5312648215002067e-18
ENSG00000182180,0.10311264,1.5347827057631518e-18
ENSG00000063978,0.10308655,1.56560422926417e-18
ENSG00000146909,0.102543876,2.365036432010664e-18
ENSG00000070367,0.10253646,2.3783660310033237e-18
ENSG00000186591,0.10242169,2.594443277163954e-18
ENSG00000060237,0.10177642,4.2227106386976285e-18
ENSG00000131732,0.10140482,5.5822890088471304e-18
ENSG00000156508,0.101167135,6.66988777010369e-18
ENSG00000161203,0.101160176,6.704696322464476e-18
ENSG00000058600,0.10114977,6.75709492935834e-18
ENSG00000275700,0.10106475,7.200506563371791e-18
ENSG00000205659,0.10096528,7.755853315732896e-18
ENSG00000108010,0.10086985,8.328256478598493e-18
ENSG00000156239,0.10085094,8.446534428429301e-18
ENSG00000151131,0.10078753,8.855399728143246e-18
ENSG00000115946,0.10072481,9.278992372246027e-18
ENSG00000055044,0.10060209,1.016646299289443e-17
ENSG00000160179,0.100568615,1.0422755694915616e-17
ENSG00000155097,0.10054314,1.0622046258801317e-17
ENSG00000189306,0.10047539,1.1170550413100745e-17
ENSG00000131351,0.10037659,1.202091902125828e-17
ENSG00000125484,0.10034415,1.2313812086510473e-17
ENSG00000150459,0.099946976,1.6524318152569524e-17
ENSG00000168538,0.09946116,2.3641560544042758e-17
ENSG00000087157,0.09928788,2.6851937063945937e-17
ENSG00000198841,0.098965794,3.400254927085108e-17
ENSG00000013810,0.098367706,5.260573111002399e-17
ENSG00000172977,0.097908504,7.341257086937883e-17
ENSG00000188976,0.097841255,7.707445044547899e-17
ENSG00000100554,0.09782331,7.808186441395862e-17
ENSG00000108590,0.097162895,1.2570432250517213e-16
ENSG00000183048,0.096514955,1.9993765315157705e-16
ENSG00000008952,0.09650004,2.0207777587199006e-16
ENSG00000123485,0.095709935,3.543543979454253e-16
ENSG00000151304,0.09560018,3.829692195382296e-16
ENSG00000100084,0.09558033,3.8838182750536364e-16
ENSG00000048544,0.095360324,4.536648190000652e-16
ENSG00000132485,0.095183335,5.139318134008159e-16
ENSG00000112159,0.09511532,5.391338308785008e-16
ENSG00000163660,0.09507929,5.529737310849543e-16
ENSG00000065518,0.094820425,6.632373383799928e-16
ENSG00000091157,0.09457459,7.878820172005408e-16
ENSG00000183054,0.09392116,1.2425908814918472e-15
ENSG00000185298,0.09312214,2.159926605671373e-15
ENSG00000182944,0.09307243,2.2351683321968935e-15
ENSG00000133773,0.0929657,2.405541059522548e-15
ENSG00000134058,0.0929187,2.484560408833558e-15
ENSG00000149084,0.09288447,2.5437116622010724e-15
ENSG00000065268,0.092722274,2.843412042335003e-15
ENSG00000177889,0.09269212,2.9028382679280434e-15
ENSG00000081307,0.0925101,3.288444724434811e-15
ENSG00000130706,0.09226764,3.8813112140212024e-15
ENSG00000101421,0.09217893,4.123535914323705e-15
ENSG00000241370,0.092150934,4.2030365621490776e-15
ENSG00000117481,0.09184669,5.1703516073997675e-15
ENSG00000198612,0.09182945,5.231291069714514e-15
ENSG00000142168,0.09168085,5.786708888186013e-15
ENSG00000182173,0.09163653,5.963303416489683e-15
ENSG00000213380,0.09128108,7.585356999221887e-15
ENSG00000174886,0.091084465,8.661650954323383e-15
ENSG00000189308,0.09092953,9.614431928687356e-15
ENSG00000120800,0.09069654,1.1244391788025304e-14
ENSG00000139350,0.09042002,1.3534222049428094e-14
ENSG00000109971,0.09025264,1.513709760305339e-14
ENSG00000153339,0.09023089,1.5358609227532632e-14
ENSG00000171453,0.09019211,1.5761535841669862e-14
ENSG00000253710,0.089980766,1.814706324421418e-14
ENSG00000126215,0.089778624,2.0759505336659378e-14
ENSG00000116670,0.08962196,2.3035482484764598e-14
ENSG00000123064,0.08957006,2.384228606827356e-14
ENSG00000164815,0.08936562,2.729966379823533e-14
ENSG00000147679,0.08934876,2.7605735085912234e-14
ENSG00000188321,0.08926597,2.9158992558520334e-14
ENSG00000128524,0.08920448,3.0367922828923215e-14
ENSG00000119335,0.08891237,3.681841986531291e-14
ENSG00000027001,0.088572316,4.6036521893416826e-14
ENSG00000112130,0.088325195,5.412421395644971e-14
ENSG00000185721,0.08807535,6.371769552892919e-14
ENSG00000178773,0.08788046,7.234383116281629e-14
ENSG00000166847,0.087427504,9.707324180219895e-14
ENSG00000148606,0.08739274,9.928269112257227e-14
ENSG00000124486,0.08729462,1.0578849544483133e-13
ENSG00000137574,0.08727674,1.070184761432312e-13
ENSG00000067533,0.08723208,1.1015205574808676e-13
ENSG00000010256,0.08692681,1.3412234559328768e-13
ENSG00000171490,0.08672749,1.5246578716077953e-13
ENSG00000163684,0.08654314,1.716134272685367e-13
ENSG00000144029,0.085938774,2.5248676184317443e-13
ENSG00000113569,0.085879505,2.62193161894191e-13
ENSG00000113161,0.085681245,2.974008517837992e-13
ENSG00000110921,0.08549478,3.347300033793853e-13
ENSG00000165525,0.085206494,4.016726831844337e-13
ENSG00000183513,0.08499325,4.594846302113265e-13
ENSG00000171311,0.084526844,6.158874607169294e-13
ENSG00000114942,0.084324345,6.990809754625879e-13
ENSG00000148688,0.08426646,7.248242632064341e-13
ENSG00000254726,0.084186494,7.619253171729143e-13
ENSG00000176473,0.084152,7.784995464899455e-13
ENSG00000112578,0.0840251,8.4257064207104e-13
ENSG00000136492,0.083715975,1.0210942196561041e-12
ENSG00000163933,0.08363636,1.0727847425346515e-12
ENSG00000122140,0.08320302,1.4024703390792342e-12
ENSG00000090273,0.08312027,1.4758743515700029e-12
ENSG00000168876,0.08282957,1.7648784474806582e-12
ENSG00000186665,0.08269492,1.916902262210289e-12
ENSG00000107937,0.082685366,1.9281610323633634e-12
ENSG00000211456,0.082583636,2.0521701617114325e-12
ENSG00000130826,0.08229155,2.453326425007068e-12
ENSG00000095059,0.08212654,2.7129552528616566e-12
ENSG00000141556,0.08202855,2.879690578214056e-12
ENSG00000100462,0.082005136,2.921000115623831e-12
ENSG00000155115,0.08200476,2.92166195541264e-12
ENSG00000180228,0.0819885,2.950701662747302e-12
ENSG00000144161,0.08196323,2.996373069650904e-12
ENSG00000128626,0.08185408,3.2017799327510984e-12
ENSG00000128513,0.081782036,3.3448605651320413e-12
ENSG00000140553,0.08168022,3.5577933212755553e-12
ENSG00000126226,0.08146876,4.0433880555694465e-12
ENSG00000159720,0.08124942,4.615630340497677e-12
ENSG00000163399,0.0811314,4.955656877536357e-12
ENSG00000157106,0.08107211,5.135620213247695e-12
ENSG00000204220,0.08090046,5.6934857349308285e-12
ENSG00000029363,0.08081774,5.983140050430694e-12
ENSG00000125630,0.080817536,5.983861728343435e-12
ENSG00000163655,0.08080445,6.030981142820138e-12
ENSG00000198901,0.08076025,6.192888697510478e-12
ENSG00000184967,0.080537125,7.077388060648044e-12
ENSG00000134153,0.08052852,7.113872038994252e-12
ENSG00000227057,0.0804868,7.293392956020392e-12
ENSG00000143774,0.07996362,9.958307801657543e-12
ENSG00000164162,0.079868264,1.0537659876966519e-11
ENSG00000039650,0.07977081,1.1163862362456434e-11
ENSG00000131747,0.07964376,1.2035194702494282e-11
ENSG00000162408,0.07924517,1.5223805377012864e-11
ENSG00000120158,0.07913526,1.623982254225511e-11
ENSG00000164024,0.07879868,1.9781890559887467e-11
ENSG00000167272,0.07858813,2.2371233083926288e-11
ENSG00000137411,0.078585334,2.2407730936572516e-11
ENSG00000122952,0.078442656,2.4351091397733624e-11
ENSG00000106105,0.07844004,2.4388207887165038e-11
ENSG00000115816,0.07829348,2.6559233046993523e-11
ENSG00000169750,0.07821035,2.7873620269836742e-11
ENSG00000178035,0.07820371,2.7981280840151052e-11
ENSG00000180104,0.078106545,2.960439272453271e-11
ENSG00000172262,0.07745615,4.310409429482116e-11
ENSG00000129055,0.077455804,4.311259388971578e-11
ENSG00000067225,0.07731747,4.668062087835172e-11
ENSG00000131368,0.07730259,4.708116977715914e-11
ENSG00000141279,0.076700695,6.643130614749688e-11
ENSG00000102241,0.07661055,6.993093397735012e-11
ENSG00000119559,0.07659064,7.07277714177745e-11
ENSG00000103502,0.07647959,7.533827387419124e-11
ENSG00000171530,0.07641518,7.814569849508618e-11
ENSG00000163930,0.07601433,9.80616309104923e-11
ENSG00000166851,0.07543524,1.35845963332618e-10
ENSG00000105698,0.07464489,2.1112640672848515e-10
ENSG00000122218,0.07463807,2.1192765954475836e-10
ENSG00000132912,0.074626826,2.1325410802799327e-10
ENSG00000036257,0.07460506,2.1584481792094457e-10
ENSG00000173540,0.0739086,3.1709310799086555e-10
ENSG00000196834,0.07370744,3.5412150966969455e-10
ENSG00000187778,0.07357958,3.798169529899223e-10
ENSG00000177971,0.07324611,4.55699847565865e-10
ENSG00000162396,0.07295408,5.341542881831904e-10
ENSG00000165271,0.07273769,6.006426047182877e-10
ENSG00000003509,0.072330214,7.484418968141428e-10
ENSG00000133316,0.07230088,7.603542293482909e-10
ENSG00000166197,0.07229933,7.609886991167608e-10
ENSG00000189043,0.07219468,8.050496145809179e-10
ENSG00000184983,0.072184645,8.094034587135518e-10
ENSG00000152942,0.07143668,1.2074213660582317e-09
ENSG00000099795,0.07143162,1.210675424256133e-09
ENSG00000117877,0.07138829,1.2389006007380684e-09
ENSG00000087269,0.07138633,1.2401919879854244e-09
ENSG00000163931,0.0713346,1.2747620979737438e-09
ENSG00000176915,0.07124443,1.3372778303233472e-09
ENSG00000177370,0.07086036,1.6387205086847248e-09
ENSG00000075131,0.07085488,1.6434710042607042e-09
ENSG00000086061,0.07054565,1.9342092654568262e-09
ENSG00000138592,0.070353664,2.1393117473178105e-09
ENSG00000101444,0.069723375,2.9728089100158154e-09
ENSG00000087470,0.06934759,3.6122176642830367e-09
ENSG00000143373,0.06846778,5.677348740617872e-09
ENSG00000178950,0.06838977,5.9080038676668535e-09
ENSG00000138073,0.06832537,6.105277491341297e-09
ENSG00000178999,0.068061434,6.982816097696185e-09
ENSG00000132676,0.06795917,7.35481224697765e-09
ENSG00000127481,0.06772274,8.290099099962522e-09
ENSG00000145604,0.06764416,8.62582191417571e-09
ENSG00000100023,0.06754372,9.074189564356974e-09
ENSG00000100813,0.06731683,1.0172088492367692e-08
ENSG00000214517,0.066774495,1.3345255286886618e-08
ENSG00000121350,0.06651491,1.518604618342961e-08
ENSG00000128463,0.06649709,1.53210954459003e-08
ENSG00000187555,0.06644615,1.5713566384608748e-08
ENSG00000185651,0.066436015,1.5792791674601548e-08
ENSG00000136718,0.06631567,1.676387839641363e-08
ENSG00000168872,0.0662878,1.6996929611621068e-08
ENSG00000197302,0.066190965,1.783130093171048e-08
ENSG00000102738,0.06613658,1.831717311739583e-08
ENSG00000115761,0.06598707,1.972015354516873e-08
ENSG00000169398,0.06591182,2.046521271801606e-08
ENSG00000181991,0.06565827,2.318221147691057e-08
ENSG00000205339,0.06557161,2.4188702627882128e-08
ENSG00000108963,0.065392986,2.63989233548367e-08
ENSG00000185163,0.06479588,3.530253788521312e-08
ENSG00000147457,0.064639635,3.807608935594374e-08
ENSG00000108468,0.06461998,3.8439598004310964e-08
ENSG00000117399,0.06444758,4.177562455040248e-08
ENSG00000178057,0.064207345,4.689606252899179e-08
ENSG00000105185,0.06336282,7.018458523912737e-08
ENSG00000169288,0.06332545,7.143971353976784e-08
ENSG00000053372,0.06266152,9.771895845450906e-08
ENSG00000183527,0.062359426,1.1257147055268162e-07
ENSG00000150991,0.062304463,1.1549898856060094e-07
ENSG00000165502,0.062008917,1.3254806394373914e-07
ENSG00000166451,0.061866317,1.4162119456776524e-07
ENSG00000134690,0.061393384,1.7621602251912875e-07
ENSG00000145982,0.06087098,2.2391923033533542e-07
ENSG00000241258,0.060702387,2.4181887226331657e-07
ENSG00000145386,0.060632665,2.4961863218206925e-07
ENSG00000086065,0.060439873,2.724716911638763e-07
ENSG00000153774,0.060206257,3.02878852986296e-07
ENSG00000115947,0.060091786,3.1894936906235615e-07
ENSG00000123349,0.05998461,3.3473979624535934e-07
ENSG00000138071,0.059916332,3.4518973676215837e-07
ENSG00000113575,0.05986434,3.5335794667061017e-07
ENSG00000152684,0.059513863,4.1348856096033916e-07
ENSG00000103995,0.05950954,4.142882790140443e-07
ENSG00000175376,0.059281603,4.5865297991453814e-07
ENSG00000139719,0.05915327,4.856113113913841e-07
ENSG00000113712,0.05915217,4.858486351775312e-07
ENSG00000214113,0.058874357,5.495709041978074e-07
ENSG00000111640,0.05884405,5.569915956465144e-07
ENSG00000177700,0.058844004,5.570026116218128e-07
ENSG00000160193,0.058676902,5.996819039841561e-07
ENSG00000196747,0.058636975,6.103369278294619e-07
ENSG00000111669,0.05857773,6.264833335446975e-07
ENSG00000033327,0.058528956,6.400849341552682e-07
ENSG00000073578,0.058500275,6.482153892261773e-07
ENSG00000168118,0.058455866,6.610010988996282e-07
ENSG00000166685,0.05824143,7.262356147056344e-07
ENSG00000273559,0.058239155,7.269602497278368e-07
ENSG00000153201,0.058201864,7.389315663962332e-07
ENSG00000103168,0.058196686,7.406088573763916e-07
ENSG00000092148,0.058103796,7.713278391328789e-07
ENSG00000105568,0.057882294,8.496108233680613e-07
ENSG00000122034,0.0577658,8.937964165307559e-07
ENSG00000284024,0.057613675,9.548376034634813e-07
ENSG00000213397,0.05740056,1.0471382088486497e-06
ENSG00000104142,0.05723242,1.1259587161683358e-06
ENSG00000128789,0.057218775,1.1326002573385652e-06
ENSG00000148308,0.05704532,1.2203780934332498e-06
ENSG00000168802,0.057028733,1.2291055654978002e-06
ENSG00000126883,0.056956924,1.2675907844489007e-06
ENSG00000174437,0.05686499,1.3185553897313037e-06
ENSG00000074800,0.056663312,1.4373539153740311e-06
ENSG00000119787,0.05650744,1.53615333788326e-06
ENSG00000196449,0.05603886,1.874032566620832e-06
ENSG00000073584,0.05592922,1.9628308976707915e-06
ENSG00000077235,0.055858366,2.022352411374356e-06
ENSG00000068654,0.05582144,2.054054422818334e-06
ENSG00000105656,0.055251747,2.607981518393985e-06
ENSG00000137076,0.054890018,3.0313092641539027e-06
ENSG00000168653,0.05473625,3.2305677831329674e-06
ENSG00000066379,0.054626103,3.3809551802710086e-06
ENSG00000012048,0.05430231,3.862915517653501e-06
ENSG00000171159,0.054176077,4.068098961918634e-06
ENSG00000145050,0.05415539,4.1027045633579056e-06
ENSG00000162368,0.054144558,4.120939204562513e-06
ENSG00000183763,0.053834546,4.676918400152498e-06
ENSG00000101132,0.053604506,5.135180194236977e-06
ENSG00000119414,0.053318296,5.7655280425950576e-06
ENSG00000126088,0.0526435,7.557967959379565e-06
ENSG00000184203,0.05263427,7.585841381154222e-06
ENSG00000105700,0.0525633,7.803439752669293e-06
ENSG00000159210,0.05244851,8.168062343244564e-06
ENSG00000164615,0.052439936,8.195946809714253e-06
ENSG00000090989,0.052416373,8.273031622207149e-06
ENSG00000170248,0.05239329,8.349215740009764e-06
ENSG00000196584,0.052341122,8.52388226986356e-06
ENSG00000273611,0.05206218,9.518645507728076e-06
ENSG00000110536,0.05170497,1.0955155389155744e-05
ENSG00000012174,0.051524118,1.1759162047801195e-05
ENSG00000128272,0.051067147,1.4049213260340765e-05
ENSG00000134748,0.05097673,1.4550126091844292e-05
ENSG00000132780,0.050442867,1.787297946049407e-05
ENSG00000197498,0.050401744,1.8156921685047545e-05
ENSG00000102384,0.050356716,1.847274652232442e-05
ENSG00000006695,0.050254643,1.9208174728511248e-05
ENSG00000133103,0.050094165,2.0421055229561843e-05
ENSG00000134759,0.050012622,2.1064948157713808e-05
ENSG00000140943,0.049740717,2.3354546918058165e-05
ENSG00000115073,0.0495694,2.491670043348002e-05
ENSG00000204604,0.049188133,2.875743190567223e-05
ENSG00000130348,0.049032196,3.0485094615520243e-05
ENSG00000008324,0.048989985,3.0969458559844015e-05
ENSG00000203812,0.04885016,3.2626672172371964e-05
ENSG00000071127,0.04881321,3.307849149876487e-05
ENSG00000169189,0.04848687,3.733509389991779e-05
ENSG00000179988,0.048477717,3.746166861861443e-05
ENSG00000103226,0.048357483,3.916262114569713e-05
ENSG00000066322,0.048166778,4.201167278023181e-05
ENSG00000141867,0.048107147,4.294215162684576e-05
ENSG00000132300,0.04746802,5.422255545214726e-05
ENSG00000181029,0.0473458,5.667754740039363e-05
ENSG00000127463,0.047309395,5.7428864172981404e-05
ENSG00000170545,0.047255494,5.855864866079018e-05
ENSG00000180198,0.04681724,6.855806000696721e-05
ENSG00000197345,0.046754576,7.011339153802555e-05
ENSG00000129534,0.046750493,7.0215881269656e-05
ENSG00000196950,0.046555217,7.528655073181367e-05
ENSG00000115750,0.046548143,7.547659230450582e-05
ENSG00000102967,0.046539646,7.570546192565881e-05
ENSG00000068120,0.045863997,9.615800452796018e-05
ENSG00000070814,0.045587692,0.00010594067019674512
ENSG00000080823,0.04551642,0.00010861236192230243
ENSG00000167985,0.045128718,0.00012429431294970082
ENSG00000131174,0.04510454,0.00012533976293102066
ENSG00000198887,0.04495713,0.00013189541649555534
ENSG00000112029,0.04491926,0.00013363106237684403
ENSG00000148396,0.04489321,0.00013483744630297416
ENSG00000198356,0.04482408,0.00013808869381871214
ENSG00000103257,0.044612195,0.0001485197278960658
ENSG00000178105,0.044581454,0.00015009334183344858
ENSG00000131475,0.044321068,0.00016406609642891237
ENSG00000102144,0.044238098,0.0001687695068767729
ENSG00000108312,0.044171374,0.00017264365028514395
ENSG00000285053,0.044009913,0.00018236733297453194
ENSG00000169016,0.043803077,0.00019557653917405383
ENSG00000172269,0.043538947,0.00021375337947724486
ENSG00000065183,0.043379802,0.00022545887038367504
ENSG00000149313,0.043297306,0.00023176089923234596
ENSG00000131236,0.043140724,0.00024417944413356453
ENSG00000073050,0.04297156,0.00025829592148330776
ENSG00000134717,0.04293511,0.0002614359930517308
ENSG00000120314,0.04272643,0.00028011396183772033
ENSG00000196655,0.04263986,0.00028822362876397925
ENSG00000204568,0.042513557,0.00030045027201312303
ENSG00000250067,0.042495195,0.0003022677072020592
ENSG00000172586,0.042469364,0.00030484186290331475
ENSG00000148303,0.04246435,0.00030534392028118255
ENSG00000172613,0.04211794,0.0003419644983787159
ENSG00000205238,0.041793045,0.00038000745242257105
ENSG00000062485,0.041596416,0.000404915677910558
ENSG00000165264,0.041407656,0.0004302545668501713
ENSG00000105011,0.04139142,0.0004325016514780259
ENSG00000198830,0.04136624,0.00043600894741145185
ENSG00000155846,0.041351873,0.00043802143036158217
ENSG00000140694,0.040795885,0.0005229164823947708
ENSG00000109534,0.040625583,0.0005518418064037744
ENSG00000055130,0.040563542,0.0005627446284207993
ENSG00000104221,0.040510368,0.0005722486259716602
ENSG00000116774,0.040345505,0.0006026730597641795
ENSG00000136238,0.040325444,0.0006064761612637603
ENSG00000117174,0.03986548,0.0007000455616589492
ENSG00000109805,0.039829824,0.0007078322240022043
ENSG00000134809,0.039723907,0.0007314407095361048
ENSG00000175582,0.039654437,0.0007473199591014893
ENSG00000115446,0.03960291,0.000759304377744744
ENSG00000028203,0.039358757,0.0008185530308071675
ENSG00000213619,0.0391193,0.0008808032907917193
ENSG00000156831,0.038818527,0.0009652090642807564
ENSG00000212993,0.038698766,0.0010008556339213689
ENSG00000197223,0.03819891,0.0011631913378421287
ENSG00000155666,0.03806244,0.0012115624660626943
ENSG00000119013,0.03799292,0.0012369101675809204
ENSG00000103194,0.037922874,0.001262945215597007
ENSG00000123473,0.03780574,0.0013076146633119324
ENSG00000146540,0.037431892,0.0014601164332736431
ENSG00000124193,0.03741727,0.0014664013884806587
ENSG00000104835,0.037350286,0.0014955135916016693
ENSG00000175756,0.03682272,0.001744091759453278
ENSG00000104517,0.036731012,0.0017909947130183728
ENSG00000143252,0.03653525,0.0018950164312878982
ENSG00000205323,0.036397964,0.0019712428407973374
ENSG00000105671,0.036385756,0.0019781556020032017
ENSG00000175029,0.03635961,0.001993036950026398
ENSG00000143164,0.036300294,0.0020271755912295154
ENSG00000186226,0.036101334,0.0021456441217510003
ENSG00000083635,0.036035065,0.002186490983429701
ENSG00000118181,0.0358574,0.002299539641306412
ENSG00000138107,0.035854638,0.0023013400448612564
ENSG00000184162,0.035817757,0.002325485428521846
ENSG00000136908,0.0355785,0.0024878427313238835
ENSG00000172497,0.035573293,0.002491489374312262
ENSG00000105697,0.03552463,0.0025258008760346536
ENSG00000104979,0.035502236,0.002541734181806818
ENSG00000162458,0.03528389,0.0027019838598114024
ENSG00000129347,0.03528388,0.0027019922931193646
ENSG00000010292,0.035282534,0.002703007276741124
ENSG00000143771,0.035175826,0.0027846615680932178
ENSG00000092020,0.0349499,0.0029650264923762313
ENSG00000108849,0.034529507,0.003329260917280168
ENSG00000119616,0.034511175,0.0033460341625700645
ENSG00000093009,0.034172267,0.0036703073190757904
ENSG00000189366,0.03408413,0.003759193471379079
ENSG00000145912,0.033857867,0.003996407540536515
ENSG00000006715,0.033758145,0.004105206443638764
ENSG00000130725,0.033587024,0.004298181700636519
ENSG00000110092,0.033493888,0.004406633985903588
ENSG00000005448,0.03336269,0.0045636150058824395
ENSG00000052749,0.03334306,0.004587531735133615
ENSG00000165733,0.03321928,0.004740986260675734
ENSG00000080603,0.03317817,0.004792973027027056
ENSG00000042753,0.032931414,0.005115980878849766
ENSG00000058804,0.032803386,0.00529120788941088
ENSG00000111229,0.032755625,0.005357954196423169
ENSG00000103051,0.03267661,0.005470044282010221
ENSG00000083093,0.032486055,0.005749126577643708
ENSG00000075415,0.032482855,0.00575392089652713
ENSG00000099956,0.032453705,0.005797760659139595
ENSG00000142731,0.032089394,0.006371616959628387
ENSG00000249915,0.032083757,0.006380883232990192
ENSG00000173660,0.031798873,0.0068653261698723295
ENSG00000159055,0.031756956,0.00693932804116838
ENSG00000104957,0.031740014,0.0069694419486269615
ENSG00000167113,0.03152698,0.0073582312075367185
ENSG00000112096,0.031436868,0.00752845866834441
ENSG00000119729,0.03139488,0.007608976208663674
ENSG00000169062,0.031265404,0.007862147338871653
ENSG00000127586,0.031237239,0.007918208929538187
ENSG00000175334,0.031147968,0.008098272763040208
ENSG00000152147,0.031109085,0.008177840356899389
ENSG00000182512,0.031009667,0.008384475715804569
ENSG00000092094,0.03064595,0.00918079996359586
ENSG00000162526,0.030629855,0.009217548680725562
ENSG00000110801,0.030581478,0.009328794609001703
ENSG00000123415,0.030555112,0.009389927640624603
ENSG00000239779,0.030500408,0.00951790829954252
ENSG00000136819,0.03022893,0.01017632641859958
ENSG00000181789,0.030106459,0.010486404224435725
ENSG00000137168,0.030071294,0.010576975825634292
ENSG00000169371,0.0300566,0.01061502875673555
ENSG00000092439,0.029932044,0.010942499162549791
ENSG00000160256,0.029924417,0.010962841454515523
ENSG00000157216,0.029905414,0.011013667021658062
ENSG00000100522,0.029807601,0.011278608588051593
ENSG00000135069,0.029783279,0.01134536168531154
ENSG00000114767,0.029708555,0.011552640561060461
ENSG00000121621,0.029601576,0.011855241632100505
ENSG00000197084,0.029533746,0.012050726738705105
ENSG00000121940,0.029532079,0.012055566954388752
ENSG00000089195,0.02952641,0.012072036577068086
ENSG00000175283,0.029276783,0.012817445756577905
ENSG00000125651,0.029191323,0.013081836568716178
ENSG00000181163,0.02916677,0.013158684729465586
ENSG00000100564,0.029127467,0.01328252392949075
ENSG00000160606,0.028990164,0.01372328613117979
ENSG00000137100,0.028863417,0.014141575870886876
ENSG00000257949,0.028854933,0.014169973276654091
ENSG00000149809,0.02878457,0.014407426717524213
ENSG00000205795,0.028711649,0.01465720610513662
ENSG00000273749,0.028488427,0.01544569882485947
ENSG00000167914,0.028337635,0.015999249720177595
ENSG00000186716,0.028326182,0.016041998489636417
ENSG00000166012,0.028252764,0.016318416347956846
ENSG00000203760,0.028173544,0.01662136405625184
ENSG00000163832,0.028087534,0.016955855273998177
ENSG00000278053,0.027861364,0.017863767850013798
ENSG00000137955,0.027854042,0.017893859184959428
ENSG00000169249,0.027643863,0.018776765940144418
ENSG00000092010,0.027616741,0.018893428989611532
ENSG00000102145,0.027434843,0.01969235538865706
ENSG00000241973,0.027287677,0.02036016160824631
ENSG00000165416,0.027121274,0.02113897761431158
ENSG00000143384,0.026897803,0.02222563398165192
ENSG00000183751,0.026865806,0.022385130028295425
ENSG00000010072,0.02676219,0.02290848683911562
ENSG00000162851,0.026757643,0.022931693121301968
ENSG00000181555,0.026517248,0.02418809037174014
ENSG00000088766,0.026444819,0.02457814401590744
ENSG00000100033,0.026399583,0.024824510129102462
ENSG00000116922,0.02622405,0.025800850256111174
ENSG00000125846,0.026222281,0.02581085927017555
ENSG00000172336,0.026201347,0.025929526199540028
ENSG00000146109,0.026194295,0.025969606718590922
ENSG00000173085,0.026154177,0.026198639316013093
ENSG00000011426,0.026108041,0.026464185858130946
ENSG00000046647,0.026036698,0.02687939534208874
ENSG00000143093,0.025972744,0.02725636889944124
ENSG00000102900,0.025936546,0.027471755073378058
ENSG00000121022,0.025638636,0.029300773273209464
ENSG00000102901,0.025293505,0.031549783101194745
ENSG00000058272,0.025039509,0.033298051527407176
ENSG00000198736,0.025014248,0.03347637283637909
ENSG00000214114,0.024877617,0.034455081097714724
ENSG00000074935,0.024828875,0.034810091796943
ENSG00000185158,0.024810411,0.03494539072345148
ENSG00000175906,0.02463925,0.03622108428305649
ENSG00000112701,0.024440322,0.03775340538073861
ENSG00000163002,0.02418602,0.0397922469883936
ENSG00000244045,0.024051763,0.040905819105897474
ENSG00000171552,0.02402396,0.041139701744423496
ENSG00000182117,0.023899391,0.04220151092352999
ENSG00000134265,0.023828315,0.04281768496644771
ENSG00000196109,0.023552377,0.045282377475234156
ENSG00000134057,0.023432078,0.04639374102371014
ENSG00000127564,0.023309166,0.04755286949268255
ENSG00000156097,0.023295958,0.04767886431257581
ENSG00000125944,0.023290541,0.04773061550975887
ENSG00000186103,0.02325431,0.04807798358273753
ENSG00000050820,0.022832822,0.05227751764102799
ENSG00000118263,0.022773888,0.052888455731333724
ENSG00000135956,0.02260158,0.05470898382994002
ENSG00000198231,0.022562124,0.05513313535835821
ENSG00000176225,0.022505391,0.05574780255672304
ENSG00000100911,0.022444384,0.056415142768104005
ENSG00000163530,0.022394588,0.05696476239632308
ENSG00000118194,0.022381553,0.0571093663161
ENSG00000104671,0.022374187,0.05719122581201499
ENSG00000188486,0.022256197,0.058515673720845186
ENSG00000143379,0.022142313,0.059818096997168606
ENSG00000197713,0.022042934,0.060974198094603534
ENSG00000094914,0.021873226,0.06299119286045636
ENSG00000170892,0.021718439,0.064878648137783
ENSG00000143442,0.021646142,0.06577607334706835
ENSG00000225921,0.02150567,0.06754900680085396
ENSG00000118655,0.021418583,0.06866777975714086
ENSG00000185838,0.021400854,0.06889738541535947
ENSG00000161513,0.021191582,0.07165564767682676
ENSG00000181418,0.021123514,0.07257206996268321
ENSG00000196865,0.020763265,0.07758317046142929
ENSG00000081665,0.020656316,0.07912395221295158
ENSG00000008128,0.020483265,0.08166966073914976
ENSG00000165269,0.01999388,0.08923003998929711
ENSG00000110048,0.01982548,0.09195837246564988
ENSG00000183598,0.019593127,0.09583242786411862
ENSG00000090889,0.019485671,0.09766769167864142
ENSG00000129197,0.019326536,0.10043706208651691
ENSG00000160679,0.018711394,0.11173507820477678
ENSG00000089053,0.018682864,0.1122824640016075
ENSG00000106976,0.018681347,0.11231161309243487
ENSG00000146834,0.018648898,0.11293688498679595
ENSG00000145414,0.018468387,0.11646540859038061
ENSG00000115507,0.018253148,0.12078532531046862
ENSG00000007923,0.018235847,0.12113791795717199
ENSG00000186026,0.018202621,0.12181734443557168
ENSG00000126953,0.018193647,0.12200136584941196
ENSG00000170421,0.017795982,0.13037590604916308
ENSG00000009413,0.017686397,0.13276034893360972
ENSG00000204482,0.01767756,0.13295407984652458
ENSG00000182093,0.01767732,0.13295935087885924
ENSG00000167553,0.017638227,0.13381909146411225
ENSG00000163961,0.01720072,0.14373640444045116
ENSG00000118193,0.017071595,0.14676852586682923
ENSG00000188566,0.016724188,0.15516918611363237
ENSG00000144736,0.016582297,0.15870337842455684
ENSG00000221970,0.016565487,0.15912609264925273
ENSG00000251192,0.016515154,0.1603968461071736
ENSG00000197838,0.01636642,0.16419678032889806
ENSG00000180543,0.016161282,0.16954849186657403
ENSG00000266412,0.016159384,0.1695986116948606
ENSG00000109332,0.01605349,0.1724124731677856
ENSG00000181038,0.016039954,0.17277465804863296
ENSG00000124217,0.01589804,0.17660624584511725
ENSG00000196943,0.015579123,0.1854471415498159
ENSG00000151239,0.0155725395,0.1856330337831089
ENSG00000149823,0.015571007,0.1856763381177722
ENSG00000163807,0.015458287,0.18888104719664056
ENSG00000182504,0.015453444,0.18901964175012764
ENSG00000134146,0.015335735,0.1924113514157461
ENSG00000205090,0.015252033,0.1948502321988576
ENSG00000110871,0.015189351,0.19669145737578947
ENSG00000115685,0.015083499,0.1998295735345373
ENSG00000073969,0.015067317,0.20031253591305342
ENSG00000133606,0.014771982,0.209276763576318
ENSG00000154813,0.014667281,0.2125234711810029
ENSG00000099326,0.014633903,0.21356609497192378
ENSG00000100479,0.014625226,0.21383774735313738
ENSG00000197054,0.014468204,0.2187967104693417
ENSG00000126821,0.014409741,0.22066398284667976
ENSG00000172466,0.014288028,0.22458804253605008
ENSG00000166272,0.014182465,0.22803155290520932
ENSG00000180596,0.014162692,0.2286807156519389
ENSG00000254999,0.014117956,0.23015429476554583
ENSG00000198929,0.014045453,0.2325568280861202
ENSG00000173436,0.013984588,0.23458738456529535
ENSG00000160752,0.013524099,0.25035742276197304
ENSG00000099194,0.013220184,0.26116236433406803
ENSG00000162517,0.01318998,0.26225352938337926
ENSG00000187801,0.013094493,0.26572385317274466
ENSG00000239900,0.012929667,0.2717883404360882
ENSG00000203814,0.012705988,0.28016868808438544
ENSG00000155975,0.01241594,0.29129453744467204
ENSG00000144741,0.012321677,0.29497341887610506
ENSG00000109618,0.012315654,0.2952095316918474
ENSG00000187017,0.012154246,0.30158434007560986
ENSG00000105401,0.01186362,0.3132919861890991
ENSG00000243667,0.011617745,0.32342739708476137
ENSG00000284906,0.011595789,0.32434273866231783
ENSG00000257365,0.011558566,0.3258984171958522
ENSG00000137054,0.011491609,0.3287089818871531
ENSG00000185201,0.011439277,0.3309165413725607
ENSG00000143105,0.011402487,0.3324742108036076
ENSG00000173531,0.011379332,0.33345698481526564
ENSG00000256525,0.011310702,0.3363809253070414
ENSG00000115053,0.011301905,0.33675691630961185
ENSG00000119421,0.011278725,0.33774889788989376
ENSG00000125459,0.011197296,0.34124854759336737
ENSG00000125148,0.011181858,0.34191462966503067
ENSG00000038358,0.011083738,0.34616762639560955
ENSG00000205981,0.010791464,0.3590347540825218
ENSG00000198670,0.010377667,0.37775849414171553
ENSG00000183770,0.010110309,0.3901700366376199
ENSG00000215421,0.010023676,0.3942443966848011
ENSG00000172116,0.009908618,0.3996951519760732
ENSG00000179091,0.009857864,0.40211393012661384
ENSG00000175203,0.009790778,0.4053244549702406
ENSG00000037241,0.009748193,0.40737035062090043
ENSG00000147601,0.00973619,0.40794815963353587
ENSG00000186395,0.009650293,0.4120970677513735
ENSG00000160111,0.009645871,0.41231132612867066
ENSG00000116903,0.009508088,0.41902043097387415
ENSG00000112685,0.009464842,0.4211393903087622
ENSG00000136720,0.009261673,0.4311780313660578
ENSG00000167987,0.00921024,0.4337411965205285
ENSG00000142794,0.009091296,0.43970235831077364
ENSG00000213906,0.008982269,0.44520758228683316
ENSG00000114650,0.008784999,0.4552677244218146
ENSG00000153044,0.008627138,0.46340946644020536
ENSG00000033011,0.00853836,0.46802364215480846
ENSG00000113068,0.008529761,0.46847191009876576
ENSG00000080819,0.008527155,0.468607801657915
ENSG00000108784,0.008496634,0.4702010751316188
ENSG00000258366,0.007906149,0.5016069873125195
ENSG00000108433,0.0076318774,0.5165635401313513
ENSG00000104147,0.0074498127,0.5266179783228256
ENSG00000105171,0.007430818,0.5276726833429816
ENSG00000176809,0.0074291737,0.5277640326112493
ENSG00000233822,0.0073755714,0.5307464110677625
ENSG00000140830,0.0073743504,0.5308144437972554
ENSG00000010322,0.0072480496,0.5378758083302265
ENSG00000134086,0.0072189323,0.5395103944435446
ENSG00000112195,0.007081202,0.5472758193543763
ENSG00000159202,0.0069829016,0.5528517649662922
ENSG00000155959,0.0069067623,0.5571897050788039
ENSG00000101361,0.006730706,0.5672832947947689
ENSG00000126561,0.0065843556,0.5757398931606273
ENSG00000107185,0.0064643836,0.5827163585673737
ENSG00000176953,0.0064096637,0.5859114029587208
ENSG00000140854,0.0062577087,0.5948262706050899
ENSG00000177990,0.0059570917,0.6126427492726925
ENSG00000157349,0.005929922,0.6142645431476287
ENSG00000127515,0.005929733,0.614275835005247
ENSG00000129968,0.0055924584,0.6345636560244875
ENSG00000205097,0.0055356836,0.6380065029542936
ENSG00000007866,0.0055288696,0.638420234907247
ENSG00000176407,0.0054960856,0.640412374174517
ENSG00000172046,0.005376054,0.6477282233981012
ENSG00000204370,0.0052693966,0.654257614325237
ENSG00000079785,0.0051925513,0.658978441705272
ENSG00000167535,0.004995553,0.6711424678562815
ENSG00000177693,0.0048645358,0.6792805657421223
ENSG00000158106,0.004636175,0.6935543992726559
ENSG00000105281,0.004599577,0.6958522965424276
ENSG00000176444,0.00455704,0.6985265717564414
ENSG00000128563,0.004550959,0.6989091938813011
ENSG00000278463,0.0045422027,0.6994602759450002
ENSG00000142700,0.00447481,0.7037069583597009
ENSG00000229676,0.0043951287,0.708739912543165
ENSG00000013561,0.0043161497,0.7137410904026771
ENSG00000187051,0.0043019443,0.7146419355733538
ENSG00000155249,0.0039397986,0.7377386835843084
ENSG00000268043,0.003924742,0.7387042763295372
ENSG00000163156,0.0038385813,0.7442376821531961
ENSG00000180822,0.0037361528,0.7508330380448585
ENSG00000138777,0.0036152236,0.7586431145443615
ENSG00000108651,0.0033405928,0.7764703812952756
ENSG00000177302,0.0032905713,0.7797304822046154
ENSG00000273976,0.0032032977,0.7854276919980561
ENSG00000163982,0.0031930436,0.7860978399898125
ENSG00000136273,0.002933941,0.8030826018887799
ENSG00000259224,0.0029315816,0.8032377142222555
ENSG00000164037,0.0028523756,0.8084491202517278
ENSG00000188687,0.0028422587,0.8091153894076832
ENSG00000228716,0.0026058038,0.8247259453332965
ENSG00000172247,0.0024194084,0.8370809828006318
ENSG00000144426,0.0023771974,0.839884604031724
ENSG00000215784,0.0022040175,0.8514079667282781
ENSG00000273703,0.0020832554,0.8594624214241451
ENSG00000269858,0.0019981216,0.8651494359647323
ENSG00000277203,0.0019434756,0.8688035422995012
ENSG00000189375,0.0017784184,0.879857396302012
ENSG00000180818,0.0016463497,0.8887190195214663
ENSG00000135336,0.0012297425,0.9167588365058509
ENSG00000128422,0.0011098511,0.9248489452283636
ENSG00000165138,0.0010766451,0.9270910474860402
ENSG00000174990,0.00086368824,0.9414831282277403
ENSG00000105583,0.0007347385,0.9502074278982282
ENSG00000213639,0.0004774837,0.9676292111586925
ENSG00000105669,0.00039487815,0.9732270947227987
ENSG00000184166,0.0003191213,0.9783620334448699
ENSG00000185385,0.00025581216,0.9826539384340955
ENSG00000169446,0.00023488037,0.984073080640429
ENSG00000142252,0.00023276545,0.9842164715167064
ENSG00000244537,-4.7655696e-05,0.99676832609782
ENSG00000256618,-0.0002246005,0.9847700578222857
ENSG00000102977,-0.00038428322,0.9739451765468643
ENSG00000111704,-0.00048713316,0.9669754001987861
ENSG00000110200,-0.0005661328,0.9616235603811352
ENSG00000213221,-0.00064178556,0.9565000685177342
ENSG00000125037,-0.0006753959,0.9542244143374871
ENSG00000178502,-0.00075794524,0.94863686735768
ENSG00000115163,-0.00076156616,0.9483918323859503
ENSG00000182783,-0.0008747946,0.9407320224047306
ENSG00000138376,-0.00088209304,0.9402384703810739
ENSG00000250571,-0.00088992977,0.9397085413687595
ENSG00000089902,-0.0012973857,0.9121981195798762
ENSG00000253368,-0.0017373505,0.8826114385357776
ENSG00000173120,-0.002043565,0.8621128872849099
ENSG00000006634,-0.0021698296,0.8536866612751168
ENSG00000205212,-0.002642712,0.8222845513512501
ENSG00000132467,-0.002802609,0.8117279138089754
ENSG00000153989,-0.0030244887,0.797135976739537
ENSG00000174996,-0.0030625085,0.7946425442002731
ENSG00000189007,-0.0031532065,0.7887028601659094
ENSG00000154839,-0.0034473843,0.7695235885545327
ENSG00000121743,-0.0035277805,0.7643059542170544
ENSG00000274349,-0.0036587205,0.75583102960799
ENSG00000170122,-0.0041682227,0.7231412805310315
ENSG00000069764,-0.0045404956,0.6995677325378942
ENSG00000106077,-0.004928981,0.6752728218636852
ENSG00000221944,-0.0052077533,0.658043454234429
ENSG00000092871,-0.0053060283,0.65201206507215
ENSG00000076201,-0.0054169153,0.645233886610093
ENSG00000160404,-0.0056506083,0.6310455978158919
ENSG00000204843,-0.005689441,0.6287008554879431
ENSG00000055483,-0.005853165,0.618856501899571
ENSG00000105676,-0.005999618,0.6101080724504956
ENSG00000107833,-0.0064297905,0.5847352713528572
ENSG00000183979,-0.0066079698,0.5743713715259008
ENSG00000203852,-0.0067290813,0.5673768473432375
ENSG00000187583,-0.006923624,0.5562276104371402
ENSG00000175106,-0.007047557,0.5491811671727252
ENSG00000126524,-0.00727964,0.5361052020141358
ENSG00000011523,-0.0073248595,0.5335758238705601
ENSG00000204542,-0.007367461,0.531198410846039
ENSG00000151503,-0.0074533783,0.5264201165560103
ENSG00000124659,-0.007660211,0.5150078215264354
ENSG00000145375,-0.007793366,0.507729384984799
ENSG00000103540,-0.008159878,0.48797753885247946
ENSG00000075886,-0.00826505,0.48238714670717636
ENSG00000276410,-0.008273431,0.48194316200560194
ENSG00000159761,-0.008295748,0.48076198109988494
ENSG00000168374,-0.008490883,0.47050161915947203
ENSG00000101246,-0.008859681,0.4514442158666098
ENSG00000170160,-0.008889325,0.4499315730330963
ENSG00000242950,-0.009051353,0.4417147197378248
ENSG00000162231,-0.009583896,0.4153211795381933
ENSG00000104356,-0.009608606,0.41411957530781834
ENSG00000074582,-0.009689511,0.4101997014766238
ENSG00000168056,-0.0097479485,0.4073821359338173
ENSG00000054116,-0.010053404,0.39284340982561894
ENSG00000013573,-0.010067471,0.3921814957019608
ENSG00000204449,-0.010261879,0.3831035591672335
ENSG00000179918,-0.010604634,0.3674151980793467
ENSG00000171903,-0.01067829,0.36409681810558864
ENSG00000213516,-0.011224178,0.34009067411698585
ENSG00000137878,-0.0118978005,0.31189973498997897
ENSG00000130816,-0.012121665,0.30288213392482244
ENSG00000241186,-0.012437155,0.29047084662467343
ENSG00000142089,-0.012479431,0.2888340716575931
ENSG00000105402,-0.012591104,0.28454047433995366
ENSG00000078142,-0.012602145,0.28411833496352396
ENSG00000165389,-0.012951478,0.2709804278147022
ENSG00000266338,-0.01300278,0.2690866683561546
ENSG00000100027,-0.013005121,0.2690004914543515
ENSG00000111845,-0.013632496,0.24658024549516314
ENSG00000169756,-0.013843431,0.23934486748681955
ENSG00000173599,-0.013920787,0.23672935083314095
ENSG00000197020,-0.014345673,0.2227233861864114
ENSG00000174527,-0.014664915,0.2125972433125439
ENSG00000198856,-0.014906638,0.20515417747788683
ENSG00000166233,-0.015076402,0.20004129289299072
ENSG00000130695,-0.015085603,0.19976684759904345
ENSG00000204525,-0.015614061,0.1844629455155728
ENSG00000250312,-0.015892373,0.17676053169675765
ENSG00000116017,-0.016098868,0.1712024212627646
ENSG00000240871,-0.016250804,0.16719714124968518
ENSG00000127780,-0.016305907,0.16576207357229197
ENSG00000124635,-0.016409611,0.16308639407978429
ENSG00000121764,-0.016497891,0.1608344504306394
ENSG00000225828,-0.016939314,0.14992525901940199
ENSG00000162236,-0.016962497,0.14936832659950053
ENSG00000135372,-0.017055564,0.14714837607844905
ENSG00000141552,-0.017303882,0.14134861966992346
ENSG00000170043,-0.017324768,0.14086893034734005
ENSG00000268009,-0.017488252,0.13715727729528374
ENSG00000176294,-0.017564457,0.1354531528186228
ENSG00000241945,-0.017880946,0.12855014708047577
ENSG00000185130,-0.018188657,0.1221037830384799
ENSG00000274290,-0.018267011,0.12050335283774048
ENSG00000112041,-0.018295486,0.11992583211626828
ENSG00000189403,-0.018309515,0.11964208213957471
ENSG00000256771,-0.018789247,0.1102520782704363
ENSG00000214367,-0.019579971,0.0960556259048552
ENSG00000187922,-0.019911772,0.09055207636886858
ENSG00000262664,-0.02012452,0.0871587149460584
ENSG00000185379,-0.020362893,0.08347929177817787
ENSG00000108423,-0.02038239,0.08318400573370908
ENSG00000277075,-0.020831406,0.07661429157163917
ENSG00000064666,-0.02084043,0.07648671747726542
ENSG00000156709,-0.021016283,0.07403518065970965
ENSG00000170325,-0.0211978,0.07157241450096867
ENSG00000131966,-0.021432031,0.06849402912270985
ENSG00000126216,-0.022296067,0.05806530691236208
ENSG00000213218,-0.022336172,0.05761519800845477
ENSG00000099942,-0.023081752,0.04976171853077314
ENSG00000124787,-0.023354191,0.04712545830206627
ENSG00000142207,-0.0240801,0.04066861535577037
ENSG00000196455,-0.02413884,0.04018061162104876
ENSG00000136448,-0.02427442,0.03907316607221435
ENSG00000101181,-0.024753504,0.03536521106477249
ENSG00000171357,-0.025065754,0.033113649069646214
ENSG00000275835,-0.025401568,0.030830193645733407
ENSG00000204655,-0.025479944,0.03031714337842491
ENSG00000184678,-0.026362885,0.025025942701718044
ENSG00000239305,-0.02705978,0.021433282583142328
ENSG00000112658,-0.029660758,0.011686982756527551
ENSG00000203661,-0.030228307,0.010177880694397992
ENSG00000184260,-0.031503614,0.007402034958705484
ENSG00000105767,-0.03163816,0.007152962399283809
ENSG00000040275,-0.03179466,0.0068727323235266945
ENSG00000152464,-0.033128757,0.004856137271251782
ENSG00000164068,-0.033195663,0.004770789084593797
ENSG00000132702,-0.033753257,0.004110607331111562
ENSG00000274611,-0.034733515,0.0031477001739631727
ENSG00000152904,-0.034883626,0.003019920369497057
ENSG00000146918,-0.03581215,0.0023291762589036755
ENSG00000128159,-0.038786113,0.0009747391239802945
ENSG00000025770,-0.039043505,0.000901403555215191
ENSG00000136710,-0.042238794,0.0003287453775561806
ENSG00000142657,-0.04275246,0.00027771783655366756
ENSG00000072274,-0.046744324,7.037100686022365e-05
ENSG00000100413,-0.050092064,2.043740824826826e-05
ENSG00000115091,-0.052829605,7.016482150229432e-06
ENSG00000131462,-0.067330614,1.0101860678144596e-08
ENSG00000140105,-0.07081382,1.6794705043361258e-09
ENSG00000213638,-0.07736408,4.5447278259930826e-11
ENSG00000165684,-0.08343405,1.2159586420077525e-12
ENSG00000213551,-0.0873445,1.0243080566903518e-13
ENSG00000110906,-0.16754477,1.207556484716069e-46
