ensembl_gene_id,hgnc_symbol
ENSG00000175115,PACS1
ENSG00000150961,SEC24D
ENSG00000155189,AGPAT5
ENSG00000133030,MPRIP
ENSG00000168765,GSTM4
ENSG00000163590,PPM1L
ENSG00000089127,OAS1
ENSG00000054277,OPN3
ENSG00000172794,RAB37
ENSG00000005108,THSD7A
ENSG00000115363,EVA1A
ENSG00000164619,BMPER
ENSG00000101311,FERMT1
ENSG00000131871,SELENOS
ENSG00000198888,MT-ND1
ENSG00000183337,BCOR
ENSG00000197119,SLC25A29
ENSG00000183621,ZNF438
ENSG00000256537,SMIM10L1
ENSG00000100243,CYB5R3
ENSG00000172260,NEGR1
ENSG00000132600,PRMT7
ENSG00000106526,ACTR3C
ENSG00000003393,ALS2
ENSG00000185347,TEDC1
ENSG00000109736,MFSD10
ENSG00000187775,DNAH17
ENSG00000186522,SEPTIN10
ENSG00000159251,ACTC1
ENSG00000279227,
ENSG00000079931,MOXD1
ENSG00000128165,ADM2
ENSG00000198053,SIRPA
ENSG00000179165,PXT1
ENSG00000108823,SGCA
ENSG00000128283,CDC42EP1
ENSG00000275111,ZNF2
ENSG00000077713,SLC25A43
ENSG00000136816,TOR1B
ENSG00000102007,PLP2
ENSG00000132694,ARHGEF11
ENSG00000117266,CDK18
ENSG00000177181,RIMKLA
ENSG00000129158,SERGEF
ENSG00000279821,
ENSG00000101198,NKAIN4
ENSG00000167363,FN3K
ENSG00000006327,TNFRSF12A
ENSG00000107897,ACBD5
ENSG00000133216,EPHB2
ENSG00000127946,HIP1
ENSG00000119900,OGFRL1
ENSG00000108309,RUNDC3A
ENSG00000069998,HDHD5
ENSG00000181788,SIAH2
ENSG00000197362,ZNF786
ENSG00000196968,FUT11
ENSG00000176624,MEX3C
ENSG00000143013,LMO4
ENSG00000110218,PANX1
ENSG00000285218,
ENSG00000163453,IGFBP7
ENSG00000118257,NRP2
ENSG00000111799,COL12A1
ENSG00000082781,ITGB5
ENSG00000169031,COL4A3
ENSG00000157368,IL34
ENSG00000118508,RAB32
ENSG00000177119,ANO6
ENSG00000120937,NPPB
ENSG00000186329,TMEM212
ENSG00000136770,DNAJC1
ENSG00000157036,EXOG
ENSG00000148248,SURF4
ENSG00000166130,IKBIP
ENSG00000204618,RNF39
ENSG00000196628,TCF4
ENSG00000144283,PKP4
ENSG00000153944,MSI2
ENSG00000182749,PAQR7
ENSG00000172638,EFEMP2
ENSG00000165185,KIAA1958
ENSG00000142910,TINAGL1
ENSG00000108924,HLF
ENSG00000214087,ARL16
ENSG00000100083,GGA1
ENSG00000151881,TMEM267
ENSG00000126458,RRAS
ENSG00000147852,VLDLR
ENSG00000198286,CARD11
ENSG00000163431,LMOD1
ENSG00000135723,FHOD1
ENSG00000168610,STAT3
ENSG00000228486,C2orf92
ENSG00000163704,PRRT3
ENSG00000163697,APBB2
ENSG00000186603,HPDL
ENSG00000168781,PPIP5K1
ENSG00000080854,IGSF9B
ENSG00000163803,PLB1
ENSG00000169435,RASSF6
ENSG00000285708,
ENSG00000049192,ADAMTS6
ENSG00000160957,RECQL4
ENSG00000118596,SLC16A7
ENSG00000111790,FGFR1OP2
ENSG00000023902,PLEKHO1
ENSG00000167757,KLK11
ENSG00000073849,ST6GAL1
ENSG00000143702,CEP170
ENSG00000149260,CAPN5
ENSG00000173457,PPP1R14B
ENSG00000171631,P2RY6
ENSG00000204866,IGFL2
ENSG00000146477,SLC22A3
ENSG00000133026,MYH10
ENSG00000020922,MRE11
ENSG00000105707,HPN
ENSG00000100097,LGALS1
ENSG00000165637,VDAC2
ENSG00000027847,B4GALT7
ENSG00000132434,LANCL2
ENSG00000102172,SMS
ENSG00000141979,
ENSG00000145725,PPIP5K2
ENSG00000133318,RTN3
ENSG00000136943,CTSV
ENSG00000126947,ARMCX1
ENSG00000157087,ATP2B2
ENSG00000075218,GTSE1
ENSG00000143499,SMYD2
ENSG00000164855,TMEM184A
ENSG00000160888,IER2
ENSG00000198363,ASPH
ENSG00000178826,TMEM139
ENSG00000168961,LGALS9
ENSG00000101335,MYL9
ENSG00000166801,FAM111A
ENSG00000120129,DUSP1
ENSG00000107562,CXCL12
ENSG00000101850,GPR143
ENSG00000119950,MXI1
ENSG00000162881,OXER1
ENSG00000067560,RHOA
ENSG00000055332,EIF2AK2
ENSG00000168298,H1-4
ENSG00000118495,PLAGL1
ENSG00000122707,RECK
ENSG00000133466,C1QTNF6
ENSG00000150054,MPP7
ENSG00000135631,RAB11FIP5
ENSG00000076770,MBNL3
ENSG00000006451,RALA
ENSG00000149292,TTC12
ENSG00000138061,CYP1B1
ENSG00000180964,TCEAL8
ENSG00000186047,DLEU7
ENSG00000170011,MYRIP
ENSG00000129116,PALLD
ENSG00000231924,PSG1
ENSG00000166436,TRIM66
ENSG00000104763,ASAH1
ENSG00000143753,DEGS1
ENSG00000141526,SLC16A3
ENSG00000142669,SH3BGRL3
ENSG00000121057,AKAP1
ENSG00000162066,AMDHD2
ENSG00000169490,TM2D2
ENSG00000154978,VOPP1
ENSG00000121005,CRISPLD1
ENSG00000107537,PHYH
ENSG00000145431,PDGFC
ENSG00000197283,SYNGAP1
ENSG00000002016,RAD52
ENSG00000104883,PEX11G
ENSG00000158604,TMED4
ENSG00000097007,ABL1
ENSG00000112977,DAP
ENSG00000164265,SCGB3A2
ENSG00000141562,NARF
ENSG00000105655,ISYNA1
ENSG00000100221,JOSD1
ENSG00000079841,RIMS1
ENSG00000183578,TNFAIP8L3
ENSG00000067992,PDK3
ENSG00000135697,BCO1
ENSG00000181192,DHTKD1
ENSG00000205236,
ENSG00000141425,RPRD1A
ENSG00000140682,TGFB1I1
ENSG00000181852,RNF41
ENSG00000186638,KIF24
ENSG00000109790,KLHL5
ENSG00000168615,ADAM9
ENSG00000172318,B3GALT1
ENSG00000136514,RTP4
ENSG00000132478,UNK
ENSG00000111913,RIPOR2
ENSG00000137404,NRM
ENSG00000068489,PRR11
ENSG00000166123,GPT2
ENSG00000122678,POLM
ENSG00000172086,KRCC1
ENSG00000266714,MYO15B
ENSG00000163884,KLF15
ENSG00000137801,THBS1
ENSG00000087076,HSD17B14
ENSG00000155380,SLC16A1
ENSG00000154429,CCSAP
ENSG00000136114,THSD1
ENSG00000173210,ABLIM3
ENSG00000137094,DNAJB5
ENSG00000107104,KANK1
ENSG00000073910,FRY
ENSG00000240891,PLCXD2
ENSG00000087903,RFX2
ENSG00000155876,RRAGA
ENSG00000163659,TIPARP
ENSG00000138642,HERC6
ENSG00000145242,EPHA5
ENSG00000173706,HEG1
ENSG00000135245,HILPDA
ENSG00000173193,PARP14
ENSG00000171045,TSNARE1
ENSG00000196873,CBWD3
ENSG00000049883,PTCD2
ENSG00000123178,SPRYD7
ENSG00000173705,SUSD5
ENSG00000118473,SGIP1
ENSG00000081019,RSBN1
ENSG00000135678,CPM
ENSG00000068383,INPP5A
ENSG00000221866,PLXNA4
ENSG00000105137,SYDE1
ENSG00000171401,KRT13
ENSG00000165730,STOX1
ENSG00000095752,IL11
ENSG00000147065,MSN
ENSG00000169410,PTPN9
ENSG00000116016,EPAS1
ENSG00000162415,ZSWIM5
ENSG00000186260,MRTFB
ENSG00000198911,SREBF2
ENSG00000183454,GRIN2A
ENSG00000215717,TMEM167B
ENSG00000138430,OLA1
ENSG00000158286,RNF207
ENSG00000168411,RFWD3
ENSG00000136830,NIBAN2
ENSG00000101670,LIPG
ENSG00000124766,SOX4
ENSG00000118689,FOXO3
ENSG00000173068,BNC2
ENSG00000129515,SNX6
ENSG00000163617,CCDC191
ENSG00000161692,DBF4B
ENSG00000020577,SAMD4A
ENSG00000120693,SMAD9
ENSG00000139200,PIANP
ENSG00000166143,PPP1R14D
ENSG00000145901,TNIP1
ENSG00000149311,ATM
ENSG00000174371,EXO1
ENSG00000125772,GPCPD1
ENSG00000135912,TTLL4
ENSG00000053747,LAMA3
ENSG00000126804,ZBTB1
ENSG00000099860,GADD45B
ENSG00000120509,PDZD11
ENSG00000102471,NDFIP2
ENSG00000111665,CDCA3
ENSG00000189337,KAZN
ENSG00000169282,KCNAB1
ENSG00000188827,SLX4
ENSG00000064601,CTSA
ENSG00000131773,KHDRBS3
ENSG00000153233,PTPRR
ENSG00000151729,SLC25A4
ENSG00000139613,SMARCC2
ENSG00000080845,DLGAP4
ENSG00000140853,NLRC5
ENSG00000147400,CETN2
ENSG00000113583,C5orf15
ENSG00000197321,SVIL
ENSG00000163947,ARHGEF3
ENSG00000146094,DOK3
ENSG00000170289,CNGB3
ENSG00000087245,MMP2
ENSG00000119280,C1orf198
ENSG00000165244,ZNF367
ENSG00000149639,SOGA1
ENSG00000179335,CLK3
ENSG00000140950,MEAK7
ENSG00000131759,RARA
ENSG00000169946,ZFPM2
ENSG00000180398,MCFD2
ENSG00000112406,HECA
ENSG00000125257,ABCC4
ENSG00000133106,EPSTI1
ENSG00000073282,TP63
ENSG00000143819,EPHX1
ENSG00000101782,RIOK3
ENSG00000156804,FBXO32
ENSG00000169139,UBE2V2
ENSG00000172379,ARNT2
ENSG00000107625,DDX50
ENSG00000177076,ACER2
ENSG00000104804,TULP2
ENSG00000181444,ZNF467
ENSG00000196228,SULT1C3
ENSG00000064309,CDON
ENSG00000172663,TMEM134
ENSG00000120594,PLXDC2
ENSG00000187193,MT1X
ENSG00000006432,MAP3K9
ENSG00000104524,PYCR3
ENSG00000171320,ESCO2
ENSG00000158966,CACHD1
ENSG00000100196,KDELR3
ENSG00000127241,MASP1
ENSG00000106537,TSPAN13
ENSG00000079308,TNS1
ENSG00000131196,NFATC1
ENSG00000187959,CPSF4L
ENSG00000140505,CYP1A2
ENSG00000149218,ENDOD1
ENSG00000136960,ENPP2
ENSG00000071051,NCK2
ENSG00000078596,ITM2A
ENSG00000057704,TMCC3
ENSG00000100393,EP300
ENSG00000138356,AOX1
ENSG00000184557,SOCS3
ENSG00000132570,PCBD2
ENSG00000184840,TMED9
ENSG00000113504,SLC12A7
ENSG00000068079,IFI35
ENSG00000108799,EZH1
ENSG00000196141,SPATS2L
ENSG00000164266,SPINK1
ENSG00000143369,ECM1
ENSG00000179833,SERTAD2
ENSG00000151135,TMEM263
ENSG00000107099,DOCK8
ENSG00000173926,MARCHF3
ENSG00000159208,CIART
ENSG00000205129,C4orf47
ENSG00000132906,CASP9
ENSG00000136542,GALNT5
ENSG00000131738,KRT33B
ENSG00000072682,P4HA2
ENSG00000166484,MAPK7
ENSG00000165695,AK8
ENSG00000162377,COA7
ENSG00000112246,SIM1
ENSG00000168268,NT5DC2
ENSG00000152092,ASTN1
ENSG00000117906,RCN2
ENSG00000038295,TLL1
ENSG00000151322,NPAS3
ENSG00000116857,TMEM9
ENSG00000105220,GPI
ENSG00000163848,ZNF148
ENSG00000213213,CCDC183
ENSG00000172893,DHCR7
ENSG00000258839,MC1R
ENSG00000117724,CENPF
ENSG00000169902,TPST1
ENSG00000122566,HNRNPA2B1
ENSG00000153976,HS3ST3A1
ENSG00000135525,MAP7
ENSG00000112297,CRYBG1
ENSG00000119333,DYNC2I2
ENSG00000180346,TIGD2
ENSG00000089154,GCN1
ENSG00000050405,LIMA1
ENSG00000154856,APCDD1
ENSG00000113615,SEC24A
ENSG00000085185,BCORL1
ENSG00000072071,ADGRL1
ENSG00000111728,ST8SIA1
ENSG00000133107,TRPC4
ENSG00000154529,CNTNAP3B
ENSG00000137185,ZSCAN9
ENSG00000109089,CDR2L
ENSG00000106366,SERPINE1
ENSG00000185010,F8
ENSG00000143554,SLC27A3
ENSG00000111859,NEDD9
ENSG00000078070,MCCC1
ENSG00000166557,TMED3
ENSG00000143630,HCN3
ENSG00000175183,CSRP2
ENSG00000184156,KCNQ3
ENSG00000154380,ENAH
ENSG00000143799,PARP1
ENSG00000163840,DTX3L
ENSG00000168288,MMADHC
ENSG00000042062,RIPOR3
ENSG00000070087,PFN2
ENSG00000073921,PICALM
ENSG00000080822,CLDND1
ENSG00000163069,SGCB
ENSG00000165527,ARF6
ENSG00000121310,ECHDC2
ENSG00000177853,ZNF518A
ENSG00000165434,PGM2L1
ENSG00000137628,DDX60
ENSG00000182718,ANXA2
ENSG00000170442,KRT86
ENSG00000100302,RASD2
ENSG00000101194,SLC17A9
ENSG00000111676,ATN1
ENSG00000069535,MAOB
ENSG00000187109,NAP1L1
ENSG00000121644,DESI2
ENSG00000138829,FBN2
ENSG00000174348,PODN
ENSG00000105649,RAB3A
ENSG00000157613,CREB3L1
ENSG00000108953,YWHAE
ENSG00000100403,ZC3H7B
ENSG00000168487,BMP1
ENSG00000156113,KCNMA1
ENSG00000103196,CRISPLD2
ENSG00000197977,ELOVL2
ENSG00000136098,NEK3
ENSG00000198910,L1CAM
ENSG00000198947,DMD
ENSG00000130635,COL5A1
ENSG00000082126,MPP4
ENSG00000108852,MPP2
ENSG00000083444,PLOD1
ENSG00000197016,ZNF470
ENSG00000099999,RNF215
ENSG00000160293,VAV2
ENSG00000171067,C11orf24
ENSG00000127124,HIVEP3
ENSG00000151150,ANK3
ENSG00000081154,PCNP
ENSG00000143222,UFC1
ENSG00000188958,UTS2B
ENSG00000284691,
ENSG00000067064,IDI1
ENSG00000127863,TNFRSF19
ENSG00000138439,FAM117B
ENSG00000162542,TMCO4
ENSG00000198682,PAPSS2
ENSG00000110090,CPT1A
ENSG00000125398,SOX9
ENSG00000149927,DOC2A
ENSG00000117650,NEK2
ENSG00000148339,SLC25A25
ENSG00000153162,BMP6
ENSG00000237649,KIFC1
ENSG00000140612,SEC11A
ENSG00000173898,SPTBN2
ENSG00000101197,BIRC7
ENSG00000259753,
ENSG00000153094,BCL2L11
ENSG00000187498,COL4A1
ENSG00000117385,P3H1
ENSG00000153904,DDAH1
ENSG00000137968,SLC44A5
ENSG00000160781,PAQR6
ENSG00000120885,CLU
ENSG00000197930,ERO1A
ENSG00000167105,TMEM92
ENSG00000142494,SLC47A1
ENSG00000182606,TRAK1
ENSG00000198899,MT-ATP6
ENSG00000128595,CALU
ENSG00000158201,ABHD3
ENSG00000196730,DAPK1
ENSG00000104687,GSR
ENSG00000157985,AGAP1
ENSG00000170989,S1PR1
ENSG00000084636,COL16A1
ENSG00000171195,MUC7
ENSG00000198824,CHAMP1
ENSG00000169213,RAB3B
ENSG00000138119,MYOF
ENSG00000185345,PRKN
ENSG00000001461,NIPAL3
ENSG00000111412,SPRING1
ENSG00000142619,PADI3
ENSG00000109323,MANBA
ENSG00000104324,CPQ
ENSG00000008405,CRY1
ENSG00000184792,OSBP2
ENSG00000124818,OPN5
ENSG00000180801,ARSJ
ENSG00000183010,PYCR1
ENSG00000167315,ACAA2
ENSG00000196189,SEMA4A
ENSG00000167716,WDR81
ENSG00000050438,SLC4A8
ENSG00000180773,SLC36A4
ENSG00000105679,GAPDHS
ENSG00000100628,ASB2
ENSG00000159784,FAM131B
ENSG00000164236,ANKRD33B
ENSG00000177697,CD151
ENSG00000144746,ARL6IP5
ENSG00000109919,MTCH2
ENSG00000186352,ANKRD37
ENSG00000088538,DOCK3
ENSG00000175874,CREG2
ENSG00000152556,PFKM
ENSG00000092964,DPYSL2
ENSG00000182670,TTC3
ENSG00000115944,COX7A2L
ENSG00000070423,RNF126
ENSG00000156411,ATP5MJ
ENSG00000213588,ZBTB9
ENSG00000105711,SCN1B
ENSG00000084731,KIF3C
ENSG00000010270,STARD3NL
ENSG00000132549,VPS13B
ENSG00000166225,FRS2
ENSG00000198840,MT-ND3
ENSG00000156642,NPTN
ENSG00000134686,PHC2
ENSG00000214265,
ENSG00000140545,MFGE8
ENSG00000109586,GALNT7
ENSG00000059573,ALDH18A1
ENSG00000101199,ARFGAP1
ENSG00000138002,IFT172
ENSG00000161048,NAPEPLD
ENSG00000162174,ASRGL1
ENSG00000198046,ZNF667
ENSG00000150540,HNMT
ENSG00000087303,NID2
ENSG00000171791,BCL2
ENSG00000102781,KATNAL1
ENSG00000163293,NIPAL1
ENSG00000151414,NEK7
ENSG00000221955,SLC12A8
ENSG00000127920,GNG11
ENSG00000119681,LTBP2
ENSG00000227500,SCAMP4
ENSG00000197965,MPZL1
ENSG00000133835,HSD17B4
ENSG00000139146,SINHCAF
ENSG00000010319,SEMA3G
ENSG00000157214,STEAP2
ENSG00000126773,PCNX4
ENSG00000072657,TRHDE
ENSG00000186866,POFUT2
ENSG00000224389,C4B
ENSG00000182095,TNRC18
ENSG00000198948,MFAP3L
ENSG00000127824,TUBA4A
ENSG00000181652,ATG9B
ENSG00000131873,CHSY1
ENSG00000155304,HSPA13
ENSG00000092841,MYL6
ENSG00000212747,RTL8B
ENSG00000188807,TMEM201
ENSG00000042781,USH2A
ENSG00000170271,FAXDC2
ENSG00000169032,MAP2K1
ENSG00000184992,BRI3BP
ENSG00000124226,RNF114
ENSG00000151790,TDO2
ENSG00000149743,TRPT1
ENSG00000141052,MYOCD
ENSG00000170909,OSCAR
ENSG00000054356,PTPRN
ENSG00000251349,MSANTD3-TMEFF1
ENSG00000106638,TBL2
ENSG00000135638,EMX1
ENSG00000058056,USP13
ENSG00000172239,PAIP1
ENSG00000158050,DUSP2
ENSG00000142959,BEST4
ENSG00000124406,ATP8A1
ENSG00000144320,LNPK
ENSG00000061656,SPAG4
ENSG00000141433,ADCYAP1
ENSG00000100814,CCNB1IP1
ENSG00000138175,ARL3
ENSG00000070371,CLTCL1
ENSG00000176171,BNIP3
ENSG00000134107,BHLHE40
ENSG00000171201,SMR3B
ENSG00000164096,C4orf3
ENSG00000141446,ESCO1
ENSG00000178921,PFAS
ENSG00000144036,EXOC6B
ENSG00000014824,SLC30A9
ENSG00000184489,PTP4A3
ENSG00000073605,GSDMB
ENSG00000164402,SEPTIN8
ENSG00000130940,CASZ1
ENSG00000186088,GSAP
ENSG00000034713,GABARAPL2
ENSG00000132541,RIDA
ENSG00000103888,CEMIP
ENSG00000100350,FOXRED2
ENSG00000143797,MBOAT2
ENSG00000169919,GUSB
ENSG00000167900,TK1
ENSG00000164050,PLXNB1
ENSG00000118515,SGK1
ENSG00000134030,CTIF
ENSG00000181104,F2R
ENSG00000131171,SH3BGRL
ENSG00000134508,CABLES1
ENSG00000116977,LGALS8
ENSG00000213214,ARHGEF35
ENSG00000153721,CNKSR3
ENSG00000111897,SERINC1
ENSG00000112319,EYA4
ENSG00000143387,CTSK
ENSG00000161653,NAGS
ENSG00000120217,CD274
ENSG00000173546,CSPG4
ENSG00000163602,RYBP
ENSG00000140939,NOL3
ENSG00000133321,PLAAT4
ENSG00000109929,SC5D
ENSG00000204128,C2orf72
ENSG00000137563,GGH
ENSG00000100934,SEC23A
ENSG00000004399,PLXND1
ENSG00000118965,WDR35
ENSG00000100767,PAPLN
ENSG00000170145,SIK2
ENSG00000101224,CDC25B
ENSG00000242265,PEG10
ENSG00000143207,COP1
ENSG00000101331,CCM2L
ENSG00000151748,SAV1
ENSG00000173548,SNX33
ENSG00000175084,DES
ENSG00000177879,AP3S1
ENSG00000176170,SPHK1
ENSG00000114353,GNAI2
ENSG00000156398,SFXN2
ENSG00000120149,MSX2
ENSG00000187398,LUZP2
ENSG00000177728,TMEM94
ENSG00000103507,BCKDK
ENSG00000124813,RUNX2
ENSG00000132436,FIGNL1
ENSG00000116574,RHOU
ENSG00000099910,KLHL22
ENSG00000152492,CCDC50
ENSG00000135473,PAN2
ENSG00000163820,FYCO1
ENSG00000187260,WDR86
ENSG00000099785,MARCHF2
ENSG00000109674,NEIL3
ENSG00000141959,PFKL
ENSG00000162461,SLC25A34
ENSG00000185022,MAFF
ENSG00000085788,DDHD2
ENSG00000155506,LARP1
ENSG00000112695,COX7A2
ENSG00000114850,SSR3
ENSG00000135604,STX11
ENSG00000140525,FANCI
ENSG00000165915,SLC39A13
ENSG00000148483,TMEM236
ENSG00000160584,SIK3
ENSG00000151640,DPYSL4
ENSG00000112763,BTN2A1
ENSG00000115461,IGFBP5
ENSG00000162981,LRATD1
ENSG00000169018,FEM1B
ENSG00000112697,TMEM30A
ENSG00000101938,CHRDL1
ENSG00000178860,MSC
ENSG00000072041,SLC6A15
ENSG00000177628,GBA
ENSG00000184014,DENND5A
ENSG00000166482,MFAP4
ENSG00000188677,PARVB
ENSG00000176788,BASP1
ENSG00000101203,COL20A1
ENSG00000145476,CYP4V2
ENSG00000105486,LIG1
ENSG00000076513,ANKRD13A
ENSG00000118816,CCNI
ENSG00000106714,CNTNAP3
ENSG00000196358,NTNG2
ENSG00000182612,TSPAN10
ENSG00000115687,PASK
ENSG00000124356,STAMBP
ENSG00000167004,PDIA3
ENSG00000110651,CD81
ENSG00000151917,BEND6
ENSG00000150764,DIXDC1
ENSG00000135636,DYSF
ENSG00000108465,CDK5RAP3
ENSG00000090097,PCBP4
ENSG00000134590,RTL8C
ENSG00000170385,SLC30A1
ENSG00000160746,ANO10
ENSG00000178726,THBD
ENSG00000136286,MYO1G
ENSG00000259316,
ENSG00000123684,LPGAT1
ENSG00000174721,FGFBP3
ENSG00000182253,SYNM
ENSG00000111678,C12orf57
ENSG00000170345,FOS
ENSG00000106799,TGFBR1
ENSG00000157873,TNFRSF14
ENSG00000276023,DUSP14
ENSG00000181045,SLC26A11
ENSG00000120051,CFAP58
ENSG00000120899,PTK2B
ENSG00000101844,ATG4A
ENSG00000170917,NUDT6
ENSG00000111863,ADTRP
ENSG00000123094,RASSF8
ENSG00000128045,RASL11B
ENSG00000214357,NEURL1B
ENSG00000134594,RAB33A
ENSG00000144749,LRIG1
ENSG00000075420,FNDC3B
ENSG00000104870,FCGRT
ENSG00000063854,HAGH
ENSG00000175063,UBE2C
ENSG00000107819,SFXN3
ENSG00000138623,SEMA7A
ENSG00000230873,STMND1
ENSG00000162645,GBP2
ENSG00000196208,GREB1
ENSG00000113966,ARL6
ENSG00000099204,ABLIM1
ENSG00000178776,C5orf46
ENSG00000175931,UBE2O
ENSG00000286905,
ENSG00000125730,C3
ENSG00000119906,SLF2
ENSG00000085662,AKR1B1
ENSG00000103811,CTSH
ENSG00000203805,PLPP4
ENSG00000169855,ROBO1
ENSG00000011422,PLAUR
ENSG00000143183,TMCO1
ENSG00000124201,ZNFX1
ENSG00000162734,PEA15
ENSG00000078369,GNB1
ENSG00000181722,ZBTB20
ENSG00000161904,LEMD2
ENSG00000132718,SYT11
ENSG00000134986,NREP
ENSG00000110881,ASIC1
ENSG00000181617,FDCSP
ENSG00000074416,MGLL
ENSG00000204175,GPRIN2
ENSG00000162402,USP24
ENSG00000147526,TACC1
ENSG00000143514,TP53BP2
ENSG00000003096,KLHL13
ENSG00000183741,CBX6
ENSG00000118680,MYL12B
ENSG00000228474,OST4
ENSG00000161202,DVL3
ENSG00000130311,DDA1
ENSG00000139278,GLIPR1
ENSG00000124467,PSG8
ENSG00000141905,NFIC
ENSG00000157510,AFAP1L1
ENSG00000183778,B3GALT5
ENSG00000204540,PSORS1C1
ENSG00000124313,IQSEC2
ENSG00000178795,GDPD4
ENSG00000147789,ZNF7
ENSG00000082153,BZW1
ENSG00000092068,SLC7A8
ENSG00000262655,SPON1
ENSG00000183726,TMEM50A
ENSG00000176148,TCP11L1
ENSG00000139644,TMBIM6
ENSG00000122203,KIAA1191
ENSG00000141469,SLC14A1
ENSG00000147124,ZNF41
ENSG00000171055,FEZ2
ENSG00000272333,KMT2B
ENSG00000107771,CCSER2
ENSG00000102606,ARHGEF7
ENSG00000205867,KRTAP5-2
ENSG00000198646,NCOA6
ENSG00000091986,CCDC80
ENSG00000198835,GJC2
ENSG00000108641,B9D1
ENSG00000111052,LIN7A
ENSG00000180638,SLC47A2
ENSG00000176155,CCDC57
ENSG00000000460,C1orf112
ENSG00000132953,XPO4
ENSG00000179859,RNF227
ENSG00000115641,FHL2
ENSG00000198203,SULT1C2
ENSG00000169432,SCN9A
ENSG00000047457,CP
ENSG00000162599,NFIA
ENSG00000139263,LRIG3
ENSG00000180245,RRH
ENSG00000176383,B3GNT4
ENSG00000135974,C2orf49
ENSG00000087253,LPCAT2
ENSG00000143727,ACP1
ENSG00000062038,CDH3
ENSG00000132164,SLC6A11
ENSG00000240065,PSMB9
ENSG00000104133,SPG11
ENSG00000158186,MRAS
ENSG00000109501,WFS1
ENSG00000165617,DACT1
ENSG00000110876,SELPLG
ENSG00000157456,CCNB2
ENSG00000113368,LMNB1
ENSG00000197147,LRRC8B
ENSG00000169851,PCDH7
ENSG00000064205,CCN5
ENSG00000168874,ATOH8
ENSG00000163817,SLC6A20
ENSG00000166963,MAP1A
ENSG00000109576,AADAT
ENSG00000112182,BACH2
ENSG00000149591,TAGLN
ENSG00000004846,ABCB5
ENSG00000171843,MLLT3
ENSG00000066027,PPP2R5A
ENSG00000138675,FGF5
ENSG00000013364,MVP
ENSG00000113140,SPARC
ENSG00000197721,CR1L
ENSG00000146373,RNF217
ENSG00000148671,ADIRF
ENSG00000164900,GBX1
ENSG00000111247,RAD51AP1
ENSG00000105643,ARRDC2
ENSG00000139370,SLC15A4
ENSG00000161791,FMNL3
ENSG00000153823,PID1
ENSG00000183421,RIPK4
ENSG00000115232,ITGA4
ENSG00000176402,GJC3
ENSG00000122545,SEPTIN7
ENSG00000147394,ZNF185
ENSG00000141295,SCRN2
ENSG00000141527,CARD14
ENSG00000111674,ENO2
ENSG00000134369,NAV1
ENSG00000100558,PLEK2
ENSG00000036054,TBC1D23
ENSG00000184731,FAM110C
ENSG00000085871,MGST2
ENSG00000151883,PARP8
ENSG00000196440,ARMCX4
ENSG00000122966,CIT
ENSG00000079616,KIF22
ENSG00000143028,SYPL2
ENSG00000112759,SLC29A1
ENSG00000196510,ANAPC7
ENSG00000096092,TMEM14A
ENSG00000188938,FAM120AOS
ENSG00000158062,UBXN11
ENSG00000183691,NOG
ENSG00000235173,HGH1
ENSG00000159231,CBR3
ENSG00000164111,ANXA5
ENSG00000142871,CCN1
ENSG00000166689,PLEKHA7
ENSG00000114698,PLSCR4
ENSG00000253729,PRKDC
ENSG00000146005,PSD2
ENSG00000109171,SLAIN2
ENSG00000103197,TSC2
ENSG00000148926,ADM
ENSG00000285816,
ENSG00000108588,CCDC47
ENSG00000240694,PNMA2
ENSG00000235711,ANKRD34C
ENSG00000167565,SERTAD3
ENSG00000204217,BMPR2
ENSG00000136167,LCP1
ENSG00000143365,RORC
ENSG00000125249,RAP2A
ENSG00000173334,TRIB1
ENSG00000186792,HYAL3
ENSG00000103150,MLYCD
ENSG00000153993,SEMA3D
ENSG00000175470,PPP2R2D
ENSG00000181458,TMEM45A
ENSG00000117643,MAN1C1
ENSG00000150938,CRIM1
ENSG00000140044,JDP2
ENSG00000119899,SLC17A5
ENSG00000206053,JPT2
ENSG00000275895,
ENSG00000101412,E2F1
ENSG00000154146,NRGN
ENSG00000064999,ANKS1A
ENSG00000165304,MELK
ENSG00000090975,PITPNM2
ENSG00000219607,PPP1R3G
ENSG00000104765,BNIP3L
ENSG00000148848,ADAM12
ENSG00000075618,FSCN1
ENSG00000178252,WDR6
ENSG00000077147,TM9SF3
ENSG00000144655,CSRNP1
ENSG00000150995,ITPR1
ENSG00000136999,CCN3
ENSG00000082512,TRAF5
ENSG00000083290,ULK2
ENSG00000158710,TAGLN2
ENSG00000110330,BIRC2
ENSG00000198225,FKBP1C
ENSG00000181744,DIPK2A
ENSG00000048028,USP28
ENSG00000196352,CD55
ENSG00000175591,P2RY2
ENSG00000100528,CNIH1
ENSG00000103544,VPS35L
ENSG00000184009,ACTG1
ENSG00000041353,RAB27B
ENSG00000170175,CHRNB1
ENSG00000123836,PFKFB2
ENSG00000228253,MT-ATP8
ENSG00000078725,BRINP1
ENSG00000066629,EML1
ENSG00000114023,FAM162A
ENSG00000100644,HIF1A
ENSG00000133874,RNF122
ENSG00000100226,GTPBP1
ENSG00000105971,CAV2
ENSG00000117152,RGS4
ENSG00000114646,CSPG5
ENSG00000133083,DCLK1
ENSG00000164176,EDIL3
ENSG00000130653,PNPLA7
ENSG00000155760,FZD7
ENSG00000101608,MYL12A
ENSG00000049246,PER3
ENSG00000139921,TMX1
ENSG00000186111,PIP5K1C
ENSG00000122870,BICC1
ENSG00000138134,STAMBPL1
ENSG00000106804,C5
ENSG00000133687,TMTC1
ENSG00000177311,ZBTB38
ENSG00000078043,PIAS2
ENSG00000170191,NANP
ENSG00000138772,ANXA3
ENSG00000177398,UMODL1
ENSG00000205542,TMSB4X
ENSG00000128408,RIBC2
ENSG00000101298,SNPH
ENSG00000081803,CADPS2
ENSG00000119397,CNTRL
ENSG00000117115,PADI2
ENSG00000100298,APOBEC3H
ENSG00000106683,LIMK1
ENSG00000167767,KRT80
ENSG00000172986,GXYLT2
ENSG00000123131,PRDX4
ENSG00000163900,TMEM41A
ENSG00000146830,GIGYF1
ENSG00000162063,CCNF
ENSG00000175352,NRIP3
ENSG00000178685,PARP10
ENSG00000143367,TUFT1
ENSG00000170264,FAM161A
ENSG00000147121,KRBOX4
ENSG00000130731,METTL26
ENSG00000068024,HDAC4
ENSG00000152558,TMEM123
ENSG00000159363,ATP13A2
ENSG00000165246,NLGN4Y
ENSG00000187240,DYNC2H1
ENSG00000143382,ADAMTSL4
ENSG00000033170,FUT8
ENSG00000100593,ISM2
ENSG00000170525,PFKFB3
ENSG00000188313,PLSCR1
ENSG00000157388,CACNA1D
ENSG00000128731,HERC2
ENSG00000197747,S100A10
ENSG00000159212,CLIC6
ENSG00000099337,KCNK6
ENSG00000005243,COPZ2
ENSG00000159261,CLDN14
ENSG00000204388,HSPA1B
ENSG00000100320,RBFOX2
ENSG00000189339,SLC35E2B
ENSG00000172936,MYD88
ENSG00000072210,ALDH3A2
ENSG00000177453,NIM1K
ENSG00000073331,ALPK1
ENSG00000127325,BEST3
ENSG00000134516,DOCK2
ENSG00000167705,RILP
ENSG00000129235,TXNDC17
ENSG00000148572,NRBF2
ENSG00000071539,TRIP13
ENSG00000148346,LCN2
ENSG00000167549,CORO6
ENSG00000176720,BOK
ENSG00000054654,SYNE2
ENSG00000109756,RAPGEF2
ENSG00000126903,SLC10A3
ENSG00000134326,CMPK2
ENSG00000164362,TERT
ENSG00000169231,THBS3
ENSG00000151090,THRB
ENSG00000104901,DKKL1
ENSG00000139178,C1RL
ENSG00000107249,GLIS3
ENSG00000148053,NTRK2
ENSG00000162062,TEDC2
ENSG00000234616,JRK
ENSG00000133872,SARAF
ENSG00000162738,VANGL2
ENSG00000182985,CADM1
ENSG00000259330,INAFM2
ENSG00000075073,TACR2
ENSG00000006062,MAP3K14
ENSG00000026025,VIM
ENSG00000275993,
ENSG00000127527,EPS15L1
ENSG00000115414,FN1
ENSG00000203727,SAMD5
ENSG00000269964,MEI4
ENSG00000175414,ARL10
ENSG00000163479,SSR2
ENSG00000166503,HDGFL3
ENSG00000151693,ASAP2
ENSG00000154065,ANKRD29
ENSG00000156466,GDF6
ENSG00000160298,C21orf58
ENSG00000101265,RASSF2
ENSG00000196177,ACADSB
ENSG00000182197,EXT1
ENSG00000089280,FUS
ENSG00000133794,ARNTL
ENSG00000156265,MAP3K7CL
ENSG00000243566,UPK3B
ENSG00000106571,GLI3
ENSG00000138942,RNF185
ENSG00000105928,GSDME
ENSG00000070669,ASNS
ENSG00000175130,MARCKSL1
ENSG00000167996,FTH1
ENSG00000162654,GBP4
ENSG00000169641,LUZP1
ENSG00000206538,VGLL3
ENSG00000183856,IQGAP3
ENSG00000105737,GRIK5
ENSG00000137812,KNL1
ENSG00000132359,RAP1GAP2
ENSG00000213281,NRAS
ENSG00000085999,RAD54L
ENSG00000176903,PNMA1
ENSG00000089057,SLC23A2
ENSG00000125872,LRRN4
ENSG00000138678,GPAT3
ENSG00000197386,HTT
ENSG00000127329,PTPRB
ENSG00000130733,YIPF2
ENSG00000170017,ALCAM
ENSG00000238243,OR2W3
ENSG00000167460,TPM4
ENSG00000005810,MYCBP2
ENSG00000135451,TROAP
ENSG00000081052,COL4A4
ENSG00000197249,SERPINA1
ENSG00000114115,RBP1
ENSG00000059804,SLC2A3
ENSG00000173406,DAB1
ENSG00000116133,DHCR24
ENSG00000168078,PBK
ENSG00000112414,ADGRG6
ENSG00000167191,GPRC5B
ENSG00000170113,NIPA1
ENSG00000141068,KSR1
ENSG00000198399,ITSN2
ENSG00000182667,NTM
ENSG00000122512,PMS2
ENSG00000106211,HSPB1
ENSG00000126787,DLGAP5
ENSG00000100079,LGALS2
ENSG00000067842,ATP2B3
ENSG00000174574,AKIRIN1
ENSG00000144354,CDCA7
ENSG00000170379,TCAF2
ENSG00000168646,AXIN2
ENSG00000116209,TMEM59
ENSG00000170743,SYT9
ENSG00000183386,FHL3
ENSG00000167889,MGAT5B
ENSG00000139767,SRRM4
ENSG00000148356,LRSAM1
ENSG00000103381,CPPED1
ENSG00000187325,TAF9B
ENSG00000253958,CLDN23
ENSG00000127129,EDN2
ENSG00000005238,FAM214B
ENSG00000054967,RELT
ENSG00000168894,RNF181
ENSG00000130254,SAFB2
ENSG00000116329,OPRD1
ENSG00000196843,ARID5A
ENSG00000183775,KCTD16
ENSG00000160602,NEK8
ENSG00000118898,PPL
ENSG00000144837,PLA1A
ENSG00000265190,ANXA8
ENSG00000134198,TSPAN2
ENSG00000160633,SAFB
ENSG00000110011,DNAJC4
ENSG00000062282,DGAT2
ENSG00000084444,FAM234B
ENSG00000164741,DLC1
ENSG00000071282,LMCD1
ENSG00000018280,SLC11A1
ENSG00000125875,TBC1D20
ENSG00000158270,COLEC12
ENSG00000104321,TRPA1
ENSG00000118849,RARRES1
ENSG00000068438,FTSJ1
ENSG00000163485,ADORA1
ENSG00000198625,MDM4
ENSG00000040731,CDH10
ENSG00000133943,DGLUCY
ENSG00000162139,NEU3
ENSG00000121716,PILRB
ENSG00000119042,SATB2
ENSG00000148773,MKI67
ENSG00000135924,DNAJB2
ENSG00000178038,ALS2CL
ENSG00000004455,AK2
ENSG00000162604,TM2D1
ENSG00000161638,ITGA5
ENSG00000112335,SNX3
ENSG00000123728,RAP2C
ENSG00000146247,PHIP
ENSG00000153237,CCDC148
ENSG00000167797,CDK2AP2
ENSG00000100104,SRRD
ENSG00000154153,RETREG1
ENSG00000165997,ARL5B
ENSG00000173559,NABP1
ENSG00000121905,HPCA
ENSG00000019485,PRDM11
ENSG00000130720,FIBCD1
ENSG00000162722,TRIM58
ENSG00000108219,TSPAN14
ENSG00000087460,GNAS
ENSG00000088888,MAVS
ENSG00000112031,MTRF1L
ENSG00000026508,CD44
ENSG00000155508,CNOT8
ENSG00000107968,MAP3K8
ENSG00000011198,ABHD5
ENSG00000197019,SERTAD1
ENSG00000154917,RAB6B
ENSG00000197226,TBC1D9B
ENSG00000181350,LRRC75A
ENSG00000136235,GPNMB
ENSG00000052802,MSMO1
ENSG00000109193,SULT1E1
ENSG00000148400,NOTCH1
ENSG00000198074,AKR1B10
ENSG00000196236,XPNPEP3
ENSG00000139433,GLTP
ENSG00000113391,FAM172A
ENSG00000067057,PFKP
ENSG00000168994,PXDC1
ENSG00000112139,MDGA1
ENSG00000154721,JAM2
ENSG00000204634,TBC1D8
ENSG00000102312,PORCN
ENSG00000185432,METTL7A
ENSG00000140451,PIF1
ENSG00000152422,XRCC4
ENSG00000075651,PLD1
ENSG00000151623,NR3C2
ENSG00000176678,FOXL1
ENSG00000185860,CCDC190
ENSG00000138760,SCARB2
ENSG00000114416,FXR1
ENSG00000214193,SH3D21
ENSG00000094796,KRT31
ENSG00000101856,PGRMC1
ENSG00000130822,PNCK
ENSG00000180879,SSR4
ENSG00000138771,SHROOM3
ENSG00000166923,GREM1
ENSG00000198925,ATG9A
ENSG00000133639,BTG1
ENSG00000160282,FTCD
ENSG00000196526,AFAP1
ENSG00000149131,SERPING1
ENSG00000101945,SUV39H1
ENSG00000077063,CTTNBP2
ENSG00000151092,NGLY1
ENSG00000120265,PCMT1
ENSG00000116260,QSOX1
ENSG00000072110,ACTN1
ENSG00000142949,PTPRF
ENSG00000092929,UNC13D
ENSG00000109046,WSB1
ENSG00000101577,LPIN2
ENSG00000087250,MT3
ENSG00000139194,RBP5
ENSG00000105974,CAV1
ENSG00000148484,RSU1
ENSG00000181804,SLC9A9
ENSG00000101204,CHRNA4
ENSG00000114270,COL7A1
ENSG00000137642,SORL1
ENSG00000125378,BMP4
ENSG00000111816,FRK
ENSG00000173281,PPP1R3B
ENSG00000137841,PLCB2
ENSG00000198863,RUNDC1
ENSG00000179981,TSHZ1
ENSG00000099290,WASHC2A
ENSG00000145730,PAM
ENSG00000168159,RNF187
ENSG00000106868,SUSD1
ENSG00000078098,FAP
ENSG00000166128,RAB8B
ENSG00000198938,MT-CO3
ENSG00000110958,PTGES3
ENSG00000111424,VDR
ENSG00000151892,GFRA1
ENSG00000188130,MAPK12
ENSG00000129757,CDKN1C
ENSG00000111452,ADGRD1
ENSG00000156802,ATAD2
ENSG00000136478,TEX2
ENSG00000132470,ITGB4
ENSG00000204186,ZDBF2
ENSG00000164342,TLR3
ENSG00000006042,TMEM98
ENSG00000138646,HERC5
ENSG00000137033,IL33
ENSG00000054392,HHAT
ENSG00000070404,FSTL3
ENSG00000013588,GPRC5A
ENSG00000204856,FAM216A
ENSG00000076067,RBMS2
ENSG00000155363,MOV10
ENSG00000003137,CYP26B1
ENSG00000113732,ATP6V0E1
ENSG00000185787,MORF4L1
ENSG00000144504,ANKMY1
ENSG00000006740,ARHGAP44
ENSG00000156521,TYSND1
ENSG00000143569,UBAP2L
ENSG00000066697,MSANTD3
ENSG00000116685,KIAA2013
ENSG00000133055,MYBPH
ENSG00000139192,TAPBPL
ENSG00000127616,SMARCA4
ENSG00000135480,KRT7
ENSG00000064687,ABCA7
ENSG00000024526,DEPDC1
ENSG00000106772,PRUNE2
ENSG00000183508,TENT5C
ENSG00000074695,LMAN1
ENSG00000173597,SULT1B1
ENSG00000162383,SLC1A7
ENSG00000044524,EPHA3
ENSG00000079739,PGM1
ENSG00000138496,PARP9
ENSG00000123091,RNF11
ENSG00000139832,RAB20
ENSG00000126464,PRR12
ENSG00000087842,PIR
ENSG00000165512,ZNF22
ENSG00000078401,EDN1
ENSG00000159216,RUNX1
ENSG00000131446,MGAT1
ENSG00000156171,DRAM2
ENSG00000103876,FAH
ENSG00000137337,MDC1
ENSG00000117519,CNN3
ENSG00000165476,REEP3
ENSG00000101236,RNF24
ENSG00000168062,BATF2
ENSG00000211455,STK38L
ENSG00000166741,NNMT
ENSG00000128487,SPECC1
ENSG00000134569,LRP4
ENSG00000168350,DEGS2
ENSG00000198853,RUSC2
ENSG00000053254,FOXN3
ENSG00000007237,GAS7
ENSG00000114473,IQCG
ENSG00000162433,AK4
ENSG00000166396,SERPINB7
ENSG00000085365,SCAMP1
ENSG00000284695,
ENSG00000129195,PIMREG
ENSG00000164818,DNAAF5
ENSG00000198932,GPRASP1
ENSG00000103335,PIEZO1
ENSG00000115756,HPCAL1
ENSG00000177694,NAALADL2
ENSG00000137831,UACA
ENSG00000169994,MYO7B
ENSG00000099250,NRP1
ENSG00000164715,LMTK2
ENSG00000182054,IDH2
ENSG00000138074,SLC5A6
ENSG00000206527,HACD2
ENSG00000116191,RALGPS2
ENSG00000196872,CRACDL
ENSG00000160796,NBEAL2
ENSG00000106780,MEGF9
ENSG00000124783,SSR1
ENSG00000132386,SERPINF1
ENSG00000187079,TEAD1
ENSG00000122786,CALD1
ENSG00000163207,IVL
ENSG00000254087,LYN
ENSG00000103241,FOXF1
ENSG00000143552,NUP210L
ENSG00000104331,BPNT2
ENSG00000144642,RBMS3
ENSG00000123095,BHLHE41
ENSG00000198919,DZIP3
ENSG00000113448,PDE4D
ENSG00000105726,ATP13A1
ENSG00000206190,ATP10A
ENSG00000180900,SCRIB
ENSG00000125434,SLC25A35
ENSG00000111879,FAM184A
ENSG00000152413,HOMER1
ENSG00000033122,LRRC7
ENSG00000170027,YWHAG
ENSG00000172771,EFCAB12
ENSG00000137491,SLCO2B1
ENSG00000161958,FGF11
ENSG00000074211,PPP2R2C
ENSG00000155313,USP25
ENSG00000186918,ZNF395
ENSG00000169129,AFAP1L2
ENSG00000137474,MYO7A
ENSG00000081014,AP4E1
ENSG00000006459,KDM7A
ENSG00000169764,UGP2
ENSG00000151576,QTRT2
ENSG00000213719,CLIC1
ENSG00000125531,FNDC11
ENSG00000100422,CERK
ENSG00000076351,SLC46A1
ENSG00000060982,BCAT1
ENSG00000159840,ZYX
ENSG00000114268,PFKFB4
ENSG00000134333,LDHA
ENSG00000155629,PIK3AP1
ENSG00000128849,CGNL1
ENSG00000106546,AHR
ENSG00000103723,AP3B2
ENSG00000197860,SGTB
ENSG00000188869,TMC3
ENSG00000149658,YTHDF1
ENSG00000167034,NKX3-1
ENSG00000130821,SLC6A8
ENSG00000004777,ARHGAP33
ENSG00000174132,FAM174A
ENSG00000156103,MMP16
ENSG00000100867,DHRS2
ENSG00000100605,ITPK1
ENSG00000102317,RBM3
ENSG00000107242,PIP5K1B
ENSG00000142599,RERE
ENSG00000173110,HSPA6
ENSG00000153291,SLC25A27
ENSG00000073670,ADAM11
ENSG00000109819,PPARGC1A
ENSG00000164466,SFXN1
ENSG00000136982,DSCC1
ENSG00000185652,NTF3
ENSG00000127663,KDM4B
ENSG00000116678,LEPR
ENSG00000198467,TPM2
ENSG00000157601,MX1
ENSG00000176697,BDNF
ENSG00000197646,PDCD1LG2
ENSG00000158828,PINK1
ENSG00000138182,KIF20B
ENSG00000142102,PGGHG
ENSG00000125991,ERGIC3
ENSG00000173064,HECTD4
ENSG00000010030,ETV7
ENSG00000126777,KTN1
ENSG00000136783,NIPSNAP3A
ENSG00000150093,ITGB1
ENSG00000109861,CTSC
ENSG00000138448,ITGAV
ENSG00000127947,PTPN12
ENSG00000110328,GALNT18
ENSG00000115380,EFEMP1
ENSG00000122694,GLIPR2
ENSG00000196923,PDLIM7
ENSG00000130202,NECTIN2
ENSG00000143401,ANP32E
ENSG00000158125,XDH
ENSG00000181585,TMIE
ENSG00000132031,MATN3
ENSG00000171241,SHCBP1
ENSG00000139211,AMIGO2
ENSG00000101294,HM13
ENSG00000150627,WDR17
ENSG00000110880,CORO1C
ENSG00000032444,PNPLA6
ENSG00000128567,PODXL
ENSG00000117118,SDHB
ENSG00000104419,NDRG1
ENSG00000173269,MMRN2
ENSG00000149177,PTPRJ
ENSG00000120742,SERP1
ENSG00000108771,DHX58
ENSG00000050165,DKK3
ENSG00000101363,MANBAL
ENSG00000101213,PTK6
ENSG00000277443,MARCKS
ENSG00000153179,RASSF3
ENSG00000112379,ARFGEF3
ENSG00000112365,ZBTB24
ENSG00000109445,ZNF330
ENSG00000177963,RIC8A
ENSG00000018408,WWTR1
ENSG00000114125,RNF7
ENSG00000117013,KCNQ4
ENSG00000134871,COL4A2
ENSG00000188859,FAM78B
ENSG00000151327,FAM177A1
ENSG00000114861,FOXP1
ENSG00000167332,OR51E2
ENSG00000108861,DUSP3
ENSG00000088367,EPB41L1
ENSG00000168675,LDLRAD4
ENSG00000173890,GPR160
ENSG00000147813,NAPRT
ENSG00000188763,FZD9
ENSG00000235718,MFRP
ENSG00000197915,HRNR
ENSG00000173258,ZNF483
ENSG00000157353,FCSK
ENSG00000113083,LOX
ENSG00000113070,HBEGF
ENSG00000170837,GPR27
ENSG00000170500,LONRF2
ENSG00000156475,PPP2R2B
ENSG00000184381,PLA2G6
ENSG00000136986,DERL1
ENSG00000169495,HTRA4
ENSG00000010278,CD9
ENSG00000134330,IAH1
ENSG00000169967,MAP3K2
ENSG00000166479,TMX3
ENSG00000167536,DHRS13
ENSG00000255439,
ENSG00000129824,RPS4Y1
ENSG00000168528,SERINC2
ENSG00000136205,TNS3
ENSG00000072840,EVC
ENSG00000166974,MAPRE2
ENSG00000128536,CDHR3
ENSG00000102024,PLS3
ENSG00000158258,CLSTN2
ENSG00000141622,RNF165
ENSG00000260916,CCPG1
ENSG00000107282,APBA1
ENSG00000135124,P2RX4
ENSG00000130589,HELZ2
ENSG00000101152,DNAJC5
ENSG00000240583,AQP1
ENSG00000104812,GYS1
ENSG00000159128,IFNGR2
ENSG00000175324,LSM1
ENSG00000065911,MTHFD2
ENSG00000113578,FGF1
ENSG00000113580,NR3C1
ENSG00000173083,HPSE
ENSG00000099957,P2RX6
ENSG00000198146,ZNF770
ENSG00000170153,RNF150
ENSG00000143772,ITPKB
ENSG00000101400,SNTA1
ENSG00000167548,KMT2D
ENSG00000119640,ACYP1
ENSG00000111328,CDK2AP1
ENSG00000148344,PTGES
ENSG00000288674,
ENSG00000147650,LRP12
ENSG00000197122,SRC
ENSG00000167994,RAB3IL1
ENSG00000165300,SLITRK5
ENSG00000107130,NCS1
ENSG00000072832,CRMP1
ENSG00000114770,ABCC5
ENSG00000100100,PIK3IP1
ENSG00000101849,TBL1X
ENSG00000144645,OSBPL10
ENSG00000101842,VSIG1
ENSG00000104332,SFRP1
ENSG00000188613,NANOS1
ENSG00000134308,YWHAQ
ENSG00000140391,TSPAN3
ENSG00000107175,CREB3
ENSG00000184216,IRAK1
ENSG00000120549,KIAA1217
ENSG00000058085,LAMC2
ENSG00000171155,C1GALT1C1
ENSG00000213923,CSNK1E
ENSG00000100055,CYTH4
ENSG00000169762,TAPT1
ENSG00000182809,CRIP2
ENSG00000163935,SFMBT1
ENSG00000174606,ANGEL2
ENSG00000175634,RPS6KB2
ENSG00000106086,PLEKHA8
ENSG00000058335,RASGRF1
ENSG00000182534,MXRA7
ENSG00000149633,KIAA1755
ENSG00000189057,FAM111B
ENSG00000164694,FNDC1
ENSG00000171533,MAP6
ENSG00000119969,HELLS
ENSG00000104660,LEPROTL1
ENSG00000143786,CNIH3
ENSG00000172731,LRRC20
ENSG00000135931,ARMC9
ENSG00000136169,SETDB2
ENSG00000067167,TRAM1
ENSG00000104320,NBN
ENSG00000176871,WSB2
ENSG00000107077,KDM4C
ENSG00000155755,TMEM237
ENSG00000137752,CASP1
ENSG00000171574,ZNF584
ENSG00000170584,NUDCD2
ENSG00000151376,ME3
ENSG00000173825,TIGD3
ENSG00000156299,TIAM1
ENSG00000127252,PLAAT1
ENSG00000139287,TPH2
ENSG00000234828,IQCM
ENSG00000214194,SMIM30
ENSG00000103184,SEC14L5
ENSG00000107036,RIC1
ENSG00000197415,VEPH1
ENSG00000128342,LIF
ENSG00000163788,SNRK
ENSG00000109794,FAM149A
ENSG00000213859,KCTD11
ENSG00000095319,NUP188
ENSG00000102032,RENBP
ENSG00000143416,SELENBP1
ENSG00000165238,WNK2
ENSG00000179715,PCED1B
ENSG00000166987,MBD6
ENSG00000082482,KCNK2
ENSG00000091436,MAP3K20
ENSG00000075711,DLG1
ENSG00000059145,UNKL
ENSG00000163644,PPM1K
ENSG00000149761,NUDT22
ENSG00000163808,KIF15
ENSG00000111371,SLC38A1
ENSG00000073008,PVR
ENSG00000163516,ANKZF1
ENSG00000134905,CARS2
ENSG00000106462,EZH2
ENSG00000102362,SYTL4
ENSG00000075223,SEMA3C
ENSG00000179403,VWA1
ENSG00000141576,RNF157
ENSG00000213347,MXD3
ENSG00000170558,CDH2
ENSG00000102804,TSC22D1
ENSG00000160886,LY6K
ENSG00000266074,BAHCC1
ENSG00000150403,TMCO3
ENSG00000182544,MFSD5
ENSG00000181523,SGSH
ENSG00000178802,MPI
ENSG00000135821,GLUL
ENSG00000177570,SAMD12
ENSG00000136802,LRRC8A
ENSG00000142233,NTN5
ENSG00000163762,TM4SF18
ENSG00000242221,PSG2
ENSG00000198133,TMEM229B
ENSG00000118322,ATP10B
ENSG00000152518,ZFP36L2
ENSG00000187689,AMTN
ENSG00000184347,SLIT3
ENSG00000109743,BST1
ENSG00000100307,CBX7
ENSG00000067208,EVI5
ENSG00000139793,MBNL2
ENSG00000167552,TUBA1A
ENSG00000107719,PALD1
ENSG00000001617,SEMA3F
ENSG00000183036,PCP4
ENSG00000119487,MAPKAP1
ENSG00000142867,BCL10
ENSG00000241852,C8orf58
ENSG00000151151,IPMK
ENSG00000169504,CLIC4
ENSG00000144406,UNC80
ENSG00000213030,CGB8
ENSG00000103248,MTHFSD
ENSG00000151014,NOCT
ENSG00000164045,CDC25A
ENSG00000135929,CYP27A1
ENSG00000084070,SMAP2
ENSG00000226887,ERVMER34-1
ENSG00000106392,C1GALT1
ENSG00000163785,RYK
ENSG00000198276,UCKL1
ENSG00000171209,CSN3
ENSG00000166025,AMOTL1
ENSG00000154723,ATP5PF
ENSG00000198797,BRINP2
ENSG00000108100,CCNY
ENSG00000099864,PALM
ENSG00000122042,UBL3
ENSG00000111110,PPM1H
ENSG00000198959,TGM2
ENSG00000106012,IQCE
ENSG00000052126,PLEKHA5
ENSG00000185614,INKA1
ENSG00000144724,PTPRG
ENSG00000119138,KLF9
ENSG00000170088,TMEM192
ENSG00000205269,TMEM170B
ENSG00000094841,UPRT
ENSG00000161091,MFSD12
ENSG00000146416,AIG1
ENSG00000139174,PRICKLE1
ENSG00000183111,ARHGEF37
ENSG00000107165,TYRP1
ENSG00000154175,ABI3BP
ENSG00000152256,PDK1
ENSG00000007968,E2F2
ENSG00000096717,SIRT1
ENSG00000148677,ANKRD1
ENSG00000221829,FANCG
ENSG00000100162,CENPM
ENSG00000100749,VRK1
ENSG00000134780,DAGLA
ENSG00000169439,SDC2
ENSG00000111145,ELK3
ENSG00000148204,CRB2
ENSG00000138180,CEP55
ENSG00000125633,CCDC93
ENSG00000164305,CASP3
ENSG00000187601,MAGEH1
ENSG00000167074,TEF
ENSG00000162664,ZNF326
ENSG00000130702,LAMA5
ENSG00000103148,NPRL3
ENSG00000173852,DPY19L1
ENSG00000008277,ADAM22
ENSG00000109846,CRYAB
ENSG00000152137,HSPB8
ENSG00000128203,ASPHD2
ENSG00000116254,CHD5
ENSG00000188243,COMMD6
ENSG00000131737,KRT34
ENSG00000205362,MT1A
ENSG00000129493,HEATR5A
ENSG00000076716,GPC4
ENSG00000152503,TRIM36
ENSG00000135905,DOCK10
ENSG00000167711,SERPINF2
ENSG00000089876,DHX32
ENSG00000118523,CCN2
ENSG00000142945,KIF2C
ENSG00000106689,LHX2
ENSG00000089775,ZBTB25
ENSG00000152952,PLOD2
ENSG00000133657,ATP13A3
ENSG00000177150,FAM210A
ENSG00000157680,DGKI
ENSG00000172458,IL17D
ENSG00000159403,C1R
ENSG00000186472,PCLO
ENSG00000160211,G6PD
ENSG00000186314,PRELID2
ENSG00000148700,ADD3
ENSG00000011478,QPCTL
ENSG00000213585,VDAC1
ENSG00000198833,UBE2J1
ENSG00000112294,ALDH5A1
ENSG00000173157,ADAMTS20
ENSG00000100979,PLTP
ENSG00000137216,TMEM63B
ENSG00000183255,PTTG1IP
ENSG00000110315,RNF141
ENSG00000221968,FADS3
ENSG00000134160,TRPM1
ENSG00000153130,SCOC
ENSG00000068697,LAPTM4A
ENSG00000144057,ST6GAL2
ENSG00000142583,SLC2A5
ENSG00000115504,EHBP1
ENSG00000154127,UBASH3B
ENSG00000054983,GALC
ENSG00000142623,PADI1
ENSG00000158352,SHROOM4
ENSG00000151835,SACS
ENSG00000069667,RORA
ENSG00000184445,KNTC1
ENSG00000136872,ALDOB
ENSG00000164056,SPRY1
ENSG00000094916,CBX5
ENSG00000134247,PTGFRN
ENSG00000133110,POSTN
ENSG00000164603,BMT2
ENSG00000122863,CHST3
ENSG00000108688,CCL7
ENSG00000184500,PROS1
ENSG00000176974,SHMT1
ENSG00000136237,RAPGEF5
ENSG00000152495,CAMK4
ENSG00000184254,ALDH1A3
ENSG00000104973,MED25
ENSG00000115415,STAT1
ENSG00000146674,IGFBP3
ENSG00000106609,TMEM248
ENSG00000104093,DMXL2
ENSG00000132005,RFX1
ENSG00000139372,TDG
ENSG00000156504,PABIR2
ENSG00000223501,VPS52
ENSG00000226979,LTA
ENSG00000157538,VPS26C
ENSG00000185236,RAB11B
ENSG00000152402,GUCY1A2
ENSG00000126016,AMOT
ENSG00000140284,SLC27A2
ENSG00000088836,SLC4A11
ENSG00000146038,DCDC2
ENSG00000136111,TBC1D4
ENSG00000172575,RASGRP1
ENSG00000124098,FAM210B
ENSG00000115041,KCNIP3
ENSG00000119403,PHF19
ENSG00000168214,RBPJ
ENSG00000123096,SSPN
ENSG00000162104,ADCY9
ENSG00000133424,LARGE1
ENSG00000137331,IER3
ENSG00000089094,KDM2B
ENSG00000048392,RRM2B
ENSG00000171617,ENC1
ENSG00000144712,CAND2
ENSG00000139624,CERS5
ENSG00000164211,STARD4
ENSG00000186470,BTN3A2
ENSG00000154767,XPC
ENSG00000147027,TMEM47
ENSG00000164175,SLC45A2
ENSG00000182481,KPNA2
ENSG00000177409,SAMD9L
ENSG00000261150,EPPK1
ENSG00000005884,ITGA3
ENSG00000109762,SNX25
ENSG00000006453,BAIAP2L1
ENSG00000047578,KATNIP
ENSG00000163191,S100A11
ENSG00000183773,AIFM3
ENSG00000157600,TMEM164
ENSG00000071889,FAM3A
ENSG00000169903,TM4SF4
ENSG00000146858,ZC3HAV1L
ENSG00000166171,DPCD
ENSG00000064886,CHI3L2
ENSG00000160972,PPP1R16A
ENSG00000237765,FAM200B
ENSG00000154027,AK5
ENSG00000174021,GNG5
ENSG00000167703,SLC43A2
ENSG00000113387,SUB1
ENSG00000197971,MBP
ENSG00000172380,GNG12
ENSG00000065485,PDIA5
ENSG00000100311,PDGFB
ENSG00000145782,ATG12
ENSG00000197299,BLM
ENSG00000130363,RSPH3
ENSG00000126709,IFI6
ENSG00000128052,KDR
ENSG00000166068,SPRED1
ENSG00000183378,OVCH2
ENSG00000159423,ALDH4A1
ENSG00000159399,HK2
ENSG00000108602,ALDH3A1
ENSG00000066279,ASPM
ENSG00000018236,CNTN1
ENSG00000157890,MEGF11
ENSG00000118785,SPP1
ENSG00000125834,STK35
ENSG00000076108,BAZ2A
ENSG00000125246,CLYBL
ENSG00000101333,PLCB4
ENSG00000092969,TGFB2
ENSG00000189350,TOGARAM2
ENSG00000164086,DUSP7
ENSG00000105048,TNNT1
ENSG00000113946,CLDN16
ENSG00000157193,LRP8
ENSG00000157064,NMNAT2
ENSG00000141574,SECTM1
ENSG00000081913,PHLPP1
ENSG00000129003,VPS13C
ENSG00000101665,SMAD7
ENSG00000162407,PLPP3
ENSG00000073060,SCARB1
ENSG00000161800,RACGAP1
ENSG00000163885,CFAP100
ENSG00000051620,HEBP2
ENSG00000140807,NKD1
ENSG00000184575,XPOT
ENSG00000111962,UST
ENSG00000235162,C12orf75
ENSG00000186187,ZNRF1
ENSG00000144040,SFXN5
ENSG00000106785,TRIM14
ENSG00000138162,TACC2
ENSG00000108406,DHX40
ENSG00000157168,NRG1
ENSG00000123977,DAW1
ENSG00000162909,CAPN2
ENSG00000257103,LSM14A
ENSG00000140859,KIFC3
ENSG00000112679,DUSP22
ENSG00000198648,STK39
ENSG00000211445,GPX3
ENSG00000140022,STON2
ENSG00000203780,FANK1
ENSG00000164379,FOXQ1
ENSG00000115252,PDE1A
ENSG00000163827,LRRC2
ENSG00000080371,RAB21
ENSG00000172765,TMCC1
ENSG00000103145,HCFC1R1
ENSG00000146205,ANO7
ENSG00000086696,HSD17B2
ENSG00000163520,FBLN2
ENSG00000162755,KLHDC9
ENSG00000224982,TMEM233
ENSG00000101306,MYLK2
ENSG00000113552,GNPDA1
ENSG00000285558,
ENSG00000162687,KCNT2
ENSG00000172061,LRRC15
ENSG00000145555,MYO10
ENSG00000134851,TMEM165
ENSG00000139496,NUP58
ENSG00000181019,NQO1
ENSG00000167772,ANGPTL4
ENSG00000071205,ARHGAP10
ENSG00000167695,TLCD3A
ENSG00000196839,ADA
ENSG00000101695,RNF125
ENSG00000183496,MEX3B
ENSG00000135074,ADAM19
ENSG00000170836,PPM1D
ENSG00000187244,BCAM
ENSG00000111057,KRT18
ENSG00000101040,ZMYND8
ENSG00000087086,FTL
ENSG00000103319,EEF2K
ENSG00000205336,ADGRG1
ENSG00000121578,B4GALT4
ENSG00000204120,GIGYF2
ENSG00000125430,HS3ST3B1
ENSG00000196739,COL27A1
ENSG00000110400,NECTIN1
ENSG00000154305,MIA3
ENSG00000186193,SAPCD2
ENSG00000065809,FAM107B
ENSG00000213339,QTRT1
ENSG00000122884,P4HA1
ENSG00000108984,MAP2K6
ENSG00000114631,PODXL2
ENSG00000093010,COMT
ENSG00000204262,COL5A2
ENSG00000189143,CLDN4
ENSG00000118985,ELL2
ENSG00000132958,TPTE2
ENSG00000111271,ACAD10
ENSG00000100024,UPB1
ENSG00000104219,ZDHHC2
ENSG00000163328,GPR155
ENSG00000101347,SAMHD1
ENSG00000104043,ATP8B4
ENSG00000165195,PIGA
ENSG00000095380,NANS
ENSG00000148925,BTBD10
ENSG00000277363,SRCIN1
ENSG00000145247,OCIAD2
ENSG00000166920,C15orf48
ENSG00000196155,PLEKHG4
ENSG00000004139,SARM1
ENSG00000165092,ALDH1A1
ENSG00000127328,RAB3IP
ENSG00000120708,TGFBI
ENSG00000165410,CFL2
ENSG00000108039,XPNPEP1
ENSG00000128245,YWHAH
ENSG00000166401,SERPINB8
ENSG00000143882,ATP6V1C2
ENSG00000177425,PAWR
ENSG00000035499,DEPDC1B
ENSG00000108821,COL1A1
ENSG00000183117,CSMD1
ENSG00000100219,XBP1
ENSG00000138764,CCNG2
ENSG00000070731,ST6GALNAC2
ENSG00000143870,PDIA6
ENSG00000113328,CCNG1
ENSG00000142178,SIK1
ENSG00000154678,PDE1C
ENSG00000244405,ETV5
ENSG00000226124,FTCDNL1
ENSG00000089847,ANKRD24
ENSG00000106617,PRKAG2
ENSG00000026950,BTN3A1
ENSG00000074590,NUAK1
ENSG00000146410,MTFR2
ENSG00000134259,NGF
ENSG00000185088,RPS27L
ENSG00000163531,NFASC
ENSG00000247596,TWF2
ENSG00000156515,HK1
ENSG00000138698,RAP1GDS1
ENSG00000117143,UAP1
ENSG00000273213,H3-7
ENSG00000165072,MAMDC2
ENSG00000132361,CLUH
ENSG00000068366,ACSL4
ENSG00000184922,FMNL1
ENSG00000170382,LRRN2
ENSG00000153898,MCOLN2
ENSG00000182175,RGMA
ENSG00000117425,PTCH2
ENSG00000166170,BAG5
ENSG00000121671,CRY2
ENSG00000198843,SELENOT
ENSG00000154930,ACSS1
ENSG00000108854,SMURF2
ENSG00000106351,AGFG2
ENSG00000197077,KIAA1671
ENSG00000119938,PPP1R3C
ENSG00000164051,CCDC51
ENSG00000143641,GALNT2
ENSG00000063761,ADCK1
ENSG00000174808,BTC
ENSG00000125629,INSIG2
ENSG00000126337,KRT36
ENSG00000092295,TGM1
ENSG00000187257,RSBN1L
ENSG00000121210,TMEM131L
ENSG00000036672,USP2
ENSG00000136861,CDK5RAP2
ENSG00000140876,NUDT7
ENSG00000152767,FARP1
ENSG00000188352,FOCAD
ENSG00000184007,PTP4A2
ENSG00000140416,TPM1
ENSG00000143631,FLG
ENSG00000164253,WDR41
ENSG00000189060,H1-0
ENSG00000114854,TNNC1
ENSG00000189056,RELN
ENSG00000132824,SERINC3
ENSG00000139880,CDH24
ENSG00000261210,CLEC19A
ENSG00000197312,DDI2
ENSG00000187840,EIF4EBP1
ENSG00000204442,NALF1
ENSG00000170962,PDGFD
ENSG00000114423,CBLB
ENSG00000134245,WNT2B
ENSG00000178623,GPR35
ENSG00000170054,SERPINA9
ENSG00000115267,IFIH1
ENSG00000183049,CAMK1D
ENSG00000111450,STX2
ENSG00000176014,TUBB6
ENSG00000137501,SYTL2
ENSG00000114480,GBE1
ENSG00000131941,RHPN2
ENSG00000124126,PREX1
ENSG00000198804,MT-CO1
ENSG00000019582,CD74
ENSG00000163430,FSTL1
ENSG00000076706,MCAM
ENSG00000105887,MTPN
ENSG00000117335,CD46
ENSG00000186567,CEACAM19
ENSG00000139437,TCHP
ENSG00000177125,ZBTB34
ENSG00000140941,MAP1LC3B
ENSG00000188706,ZDHHC9
ENSG00000166446,CDYL2
ENSG00000167977,KCTD5
ENSG00000164695,CHMP4C
ENSG00000157833,GAREM2
ENSG00000166246,DNAAF8
ENSG00000182541,LIMK2
ENSG00000197748,CFAP43
ENSG00000166794,PPIB
ENSG00000135318,NT5E
ENSG00000108244,KRT23
ENSG00000135541,AHI1
ENSG00000176399,DMRTA1
ENSG00000196083,IL1RAP
ENSG00000182578,CSF1R
ENSG00000144476,ACKR3
ENSG00000104983,CCDC61
ENSG00000181513,ACBD4
ENSG00000085491,SLC25A24
ENSG00000000971,CFH
ENSG00000144460,NYAP2
ENSG00000108797,CNTNAP1
ENSG00000019144,PHLDB1
ENSG00000165171,METTL27
ENSG00000091536,MYO15A
ENSG00000091542,ALKBH5
ENSG00000166949,SMAD3
ENSG00000056736,IL17RB
ENSG00000154133,ROBO4
ENSG00000106327,TFR2
ENSG00000144339,TMEFF2
ENSG00000112715,VEGFA
ENSG00000186862,PDZD7
ENSG00000145495,MARCHF6
ENSG00000138083,SIX3
ENSG00000086991,NOX4
ENSG00000167799,NUDT8
ENSG00000075702,WDR62
ENSG00000154217,PITPNC1
ENSG00000125965,GDF5
ENSG00000104549,SQLE
ENSG00000157796,WDR19
ENSG00000175137,SH3BP5L
ENSG00000184292,TACSTD2
ENSG00000149150,SLC43A1
ENSG00000140750,ARHGAP17
ENSG00000144583,MARCHF4
ENSG00000146425,DYNLT1
ENSG00000138031,ADCY3
ENSG00000255872,
ENSG00000112992,NNT
ENSG00000016391,CHDH
ENSG00000113719,ERGIC1
ENSG00000185219,ZNF445
ENSG00000073712,FERMT2
ENSG00000112033,PPARD
ENSG00000095002,MSH2
ENSG00000105993,DNAJB6
ENSG00000259399,TGIF2-RAB5IF
ENSG00000131355,ADGRE3
ENSG00000159346,ADIPOR1
ENSG00000133816,MICAL2
ENSG00000141380,SS18
ENSG00000186854,TRABD2A
ENSG00000115159,GPD2
ENSG00000110046,ATG2A
ENSG00000106484,MEST
ENSG00000079691,CARMIL1
ENSG00000197712,FAM114A1
ENSG00000204389,HSPA1A
ENSG00000167693,NXN
ENSG00000145416,MARCHF1
ENSG00000131724,IL13RA1
ENSG00000060718,COL11A1
ENSG00000127022,CANX
ENSG00000129518,EAPP
ENSG00000138030,KHK
ENSG00000068971,PPP2R5B
ENSG00000171984,SHLD1
ENSG00000168309,FAM107A
ENSG00000149474,KAT14
ENSG00000064652,SNX24
ENSG00000111331,OAS3
ENSG00000133985,TTC9
ENSG00000160973,FOXH1
ENSG00000197702,PARVA
ENSG00000072778,ACADVL
ENSG00000177459,ERICH5
ENSG00000170006,TMEM154
ENSG00000104881,PPP1R13L
ENSG00000100154,TTC28
ENSG00000244731,C4A
ENSG00000166073,GPR176
ENSG00000116863,ADPRS
ENSG00000134755,DSC2
ENSG00000139625,MAP3K12
ENSG00000140511,HAPLN3
ENSG00000120162,MOB3B
ENSG00000112941,TENT4A
ENSG00000159176,CSRP1
ENSG00000106078,COBL
ENSG00000198298,ZNF485
ENSG00000164574,GALNT10
ENSG00000170581,STAT2
ENSG00000107957,SH3PXD2A
ENSG00000073464,CLCN4
ENSG00000005339,CREBBP
ENSG00000143891,GALM
ENSG00000103550,KNOP1
ENSG00000104723,TUSC3
ENSG00000172057,ORMDL3
ENSG00000114902,SPCS1
ENSG00000033178,UBA6
ENSG00000024048,UBR2
ENSG00000135269,TES
ENSG00000143612,C1orf43
ENSG00000122729,ACO1
ENSG00000107984,DKK1
ENSG00000095951,HIVEP1
ENSG00000140600,SH3GL3
ENSG00000084112,SSH1
ENSG00000134779,TPGS2
ENSG00000143614,GATAD2B
ENSG00000187678,SPRY4
ENSG00000188766,SPRED3
ENSG00000169105,CHST14
ENSG00000105516,DBP
ENSG00000198624,CCDC69
ENSG00000120738,EGR1
ENSG00000167378,IRGQ
ENSG00000188921,HACD4
ENSG00000139890,REM2
ENSG00000165886,UBTD1
ENSG00000072571,HMMR
ENSG00000144554,FANCD2
ENSG00000160445,ZER1
ENSG00000166387,PPFIBP2
ENSG00000131398,KCNC3
ENSG00000278535,DHRS11
ENSG00000197943,PLCG2
ENSG00000070614,NDST1
ENSG00000102699,PARP4
ENSG00000171604,CXXC5
ENSG00000168734,PKIG
ENSG00000277758,SYT15B
ENSG00000183801,OLFML1
ENSG00000109079,TNFAIP1
ENSG00000136603,SKIL
ENSG00000197818,SLC9A8
ENSG00000088826,SMOX
ENSG00000169607,CKAP2L
ENSG00000111206,FOXM1
ENSG00000187741,FANCA
ENSG00000164418,GRIK2
ENSG00000124225,PMEPA1
ENSG00000154611,PSMA8
ENSG00000103042,SLC38A7
ENSG00000110888,CAPRIN2
ENSG00000134824,FADS2
ENSG00000126785,RHOJ
ENSG00000171408,PDE7B
ENSG00000160299,PCNT
ENSG00000185291,IL3RA
ENSG00000184675,AMER1
ENSG00000114120,SLC25A36
ENSG00000095397,WHRN
ENSG00000139946,PELI2
ENSG00000143847,PPFIA4
ENSG00000148834,GSTO1
ENSG00000134138,MEIS2
ENSG00000185100,ADSS1
ENSG00000242612,DECR2
ENSG00000147509,RGS20
ENSG00000008256,CYTH3
ENSG00000171345,KRT19
ENSG00000183688,RFLNB
ENSG00000127990,SGCE
ENSG00000211584,SLC48A1
ENSG00000151718,WWC2
ENSG00000137522,RNF121
ENSG00000100439,ABHD4
ENSG00000204264,PSMB8
ENSG00000145428,RNF175
ENSG00000133121,STARD13
ENSG00000164040,PGRMC2
ENSG00000102081,FMR1
ENSG00000198668,CALM1
ENSG00000125868,DSTN
ENSG00000182196,ARL6IP4
ENSG00000151353,TMEM18
ENSG00000072121,ZFYVE26
ENSG00000172572,PDE3A
ENSG00000221890,NPTXR
ENSG00000151388,ADAMTS12
ENSG00000158715,SLC45A3
ENSG00000171723,GPHN
ENSG00000276644,DACH1
ENSG00000174628,IQCK
ENSG00000183291,SELENOF
ENSG00000138594,TMOD3
ENSG00000080200,CRYBG3
ENSG00000130176,CNN1
ENSG00000168685,IL7R
ENSG00000133313,CNDP2
ENSG00000114405,C3orf14
ENSG00000198060,MARCHF5
ENSG00000147996,CBWD5
ENSG00000106261,ZKSCAN1
ENSG00000061337,LZTS1
ENSG00000189292,ALKAL2
ENSG00000077498,TYR
ENSG00000134531,EMP1
ENSG00000159788,RGS12
ENSG00000196981,WDR5B
ENSG00000162631,NTNG1
ENSG00000113163,CERT1
ENSG00000135253,KCP
ENSG00000164970,FAM219A
ENSG00000145817,YIPF5
ENSG00000145780,FEM1C
ENSG00000137310,TCF19
ENSG00000100354,TNRC6B
ENSG00000139304,PTPRQ
ENSG00000136444,RSAD1
ENSG00000117523,PRRC2C
ENSG00000117713,ARID1A
ENSG00000137312,FLOT1
ENSG00000118094,TREH
ENSG00000166173,LARP6
ENSG00000231925,TAPBP
ENSG00000150510,FAM124A
ENSG00000078900,TP73
ENSG00000163235,TGFA
ENSG00000182326,C1S
ENSG00000051341,POLQ
ENSG00000115694,STK25
ENSG00000184602,SNN
ENSG00000258989,
ENSG00000011201,ANOS1
ENSG00000270647,TAF15
ENSG00000196337,CGB7
ENSG00000100784,RPS6KA5
ENSG00000128512,DOCK4
ENSG00000134253,TRIM45
ENSG00000166016,ABTB2
ENSG00000020129,NCDN
ENSG00000204764,RANBP17
ENSG00000187905,LRRC74B
ENSG00000179314,WSCD1
ENSG00000102230,PCYT1B
ENSG00000139926,FRMD6
ENSG00000170142,UBE2E1
ENSG00000172939,OXSR1
ENSG00000136158,SPRY2
ENSG00000180902,D2HGDH
ENSG00000110074,FOXRED1
ENSG00000283154,IQCJ-SCHIP1
ENSG00000082497,SERTAD4
ENSG00000101096,NFATC2
ENSG00000139117,CPNE8
ENSG00000133048,CHI3L1
ENSG00000071054,MAP4K4
ENSG00000143878,RHOB
ENSG00000106066,CPVL
ENSG00000145990,GFOD1
ENSG00000173821,RNF213
ENSG00000093217,XYLB
ENSG00000060749,QSER1
ENSG00000114209,PDCD10
ENSG00000164099,PRSS12
ENSG00000143520,FLG2
ENSG00000116459,ATP5PB
ENSG00000058453,CROCC
ENSG00000131844,MCCC2
ENSG00000134013,LOXL2
ENSG00000185624,P4HB
ENSG00000129355,CDKN2D
ENSG00000130347,RTN4IP1
ENSG00000072042,RDH11
ENSG00000268643,
ENSG00000168010,ATG16L2
ENSG00000137809,ITGA11
ENSG00000212724,KRTAP2-3
ENSG00000196576,PLXNB2
ENSG00000117394,SLC2A1
ENSG00000124570,SERPINB6
ENSG00000106013,ANKRD7
ENSG00000107159,CA9
ENSG00000105976,MET
ENSG00000196139,AKR1C3
ENSG00000197622,CDC42SE1
ENSG00000080839,RBL1
ENSG00000184867,ARMCX2
ENSG00000026559,KCNG1
ENSG00000106829,TLE4
ENSG00000188582,PAQR9
ENSG00000169418,NPR1
ENSG00000169499,PLEKHA2
ENSG00000122641,INHBA
ENSG00000105290,APLP1
ENSG00000068028,RASSF1
ENSG00000139718,SETD1B
ENSG00000170881,RNF139
ENSG00000083937,CHMP2B
ENSG00000116151,MORN1
ENSG00000132182,NUP210
ENSG00000115009,CCL20
ENSG00000128578,STRIP2
ENSG00000160710,ADAR
ENSG00000097033,SH3GLB1
ENSG00000183579,ZNRF3
ENSG00000196072,BLOC1S2
ENSG00000066230,SLC9A3
ENSG00000107672,NSMCE4A
ENSG00000197467,COL13A1
ENSG00000171368,TPPP
ENSG00000196878,LAMB3
ENSG00000196535,MYO18A
ENSG00000198517,MAFK
ENSG00000213672,NCKIPSD
ENSG00000103942,HOMER2
ENSG00000166473,PKD1L2
ENSG00000214226,C17orf67
ENSG00000167964,RAB26
ENSG00000165704,HPRT1
ENSG00000154642,C21orf91
ENSG00000167642,SPINT2
ENSG00000017260,ATP2C1
ENSG00000110455,ACCS
ENSG00000134901,POGLUT2
ENSG00000143850,PLEKHA6
ENSG00000125170,DOK4
ENSG00000006534,ALDH3B1
ENSG00000118276,B4GALT6
ENSG00000117139,KDM5B
ENSG00000160410,SHKBP1
ENSG00000145246,ATP10D
ENSG00000110660,SLC35F2
ENSG00000180447,GAS1
ENSG00000143375,CGN
ENSG00000102316,MAGED2
ENSG00000079435,LIPE
ENSG00000153214,TMEM87B
ENSG00000167992,VWCE
ENSG00000084764,MAPRE3
ENSG00000152661,GJA1
ENSG00000144118,RALB
ENSG00000117114,ADGRL2
