target_gene,prg4_mimetic_score
ARL4D,0.28699462647141366
ZRSR2,0.27841979495137936
COMTD1,0.2762868560862459
SEPSECS,0.2677263251390929
MRPL33,0.26628905119611684
PSME2,0.2608858754189298
MRPL41,0.260699658252299
PARS2,0.24408315002228795
TNNT2,0.24328111406448638
UBE2M,0.24063531657063608
SARS2,0.23796616532664142
HNRNPA1,0.23709335490581288
SBNO1,0.23592536494361993
KIAA1143,0.23580273860428258
DDX19B,0.23424435191758425
ACTR1B,0.23248778062108927
USP14,0.23002436875732613
CCDC6,0.21687496458701352
OTX1,0.21520285747304818
TAF13,0.21141236169123837
ZNF407,0.20606557659606084
GJA3,0.2014479648676759
DHX30,0.19809569860164108
DNM1,0.19765622690726575
FAM229A,0.1975630453517359
KCTD10,0.19697314424394508
KDM6A,0.19603227881329355
GSDMA,0.19561928381568733
MRPS11,0.19517935645771078
AP2S1,0.19103818791170696
ANAPC15,0.18808100708259723
FDXR,0.1860379125324001
PSMD9,0.18577989004639187
MRPL36,0.18476618315695637
MRPL35,0.18464464512720596
ZNF676,0.18211574383781015
MEPCE,0.179931696026151
TBC1D3,0.17703095342655722
PPP1CA,0.17589097554935526
HNRNPU,0.17582669462283937
BRD4,0.1756055623978472
TIMM8A,0.17537384689042612
FDPS,0.1753075217513332
GCOM1,0.1750215859074475
EFR3A,0.17474300837034223
DDX17,0.17397330867907085
H2AFZ,0.17389959617638795
PGAM5,0.17330067524062676
GYG1,0.17275927159861976
GSK3B,0.17149216885968543
LPA,0.17133845173432832
LAMTOR4,0.1694599970282808
MRPL43,0.169413057073517
THRAP3,0.16915559657261744
TVP23C,0.16809701936570304
FBLIM1,0.16744064981591852
S100A1,0.16710646480989244
NBPF15,0.1667613478397254
DRG1,0.16374496112000791
POGZ,0.16044144491588375
RCOR1,0.16028237143187318
CASC3,0.15947830612009045
WDR54,0.15898555612421789
PTEN,0.1571233055422563
FBXO42,0.15670358422347314
SNAPC4,0.1561801796239123
MRPS25,0.15415196645259277
ABHD17A,0.15381157319509337
DNAAF3,0.15363752092585553
PKM,0.15005951957207248
MRPL11,0.1488837971966782
ZC3H18,0.1473070783047993
AQP7,0.14445281141140148
MCL1,0.14308380644202678
ARGFX,0.14265853494246414
THOC6,0.1424179254098496
NPM3,0.14176471578808353
COX7B,0.14169547010945838
PGD,0.13988816760495942
HLA-C,0.13702016476531664
PSMA5,0.13683801951428903
ACTB,0.13575123144739232
HIST1H2AI,0.13573470538706647
PCNX3,0.13548128114114016
NAA35,0.13465103036106385
TUFM,0.13337139885423718
CLK2,0.1329049241386142
GTF3C6,0.13253454953690713
MSRB1,0.13237317231018136
SLC35G6,0.13175101880437828
MYO1H,0.1310647544204322
LRRC37A3,0.1303575704545078
OR7A10,0.12963827178022497
EIF3L,0.1292328077793003
UROD,0.12888601211801018
CCDC144NL,0.1284829941721285
TREML2,0.12846387875385906
NEMF,0.12792320219246842
TPT1,0.12684519720658405
BTF3L4,0.1260680900100708
UBTF,0.12564452295653028
MRPL53,0.12555192484852482
DEPDC5,0.12540782156477528
CT45A5,0.12474289412425091
CABIN1,0.12400172128576367
HCRTR1,0.1225518489045912
NAGLU,0.12212738802397186
NDUFS3,0.11825009922240019
FAM207A,0.11784794670717
NPB,0.1170695230390781
BTAF1,0.1169495593600898
TWF1,0.11682284855789071
NAA30,0.11637983259315517
SP1,0.11606241336613238
METTL23,0.11521402783510255
CDK6,0.11384188406993437
NAE1,0.11284993280612834
PC,0.1126476069406151
HS6ST1,0.11171479156692149
METTL21A,0.11151127040993222
UBE2L3,0.11126824057717374
LCN10,0.10949973221508658
USP19,0.1087992088623268
CACNB3,0.10762981822984584
ZNF718,0.10748789354641673
ZNF468,0.10711829423321387
EPS8L1,0.106743643327665
C17orf58,0.10648412606692967
PSMD11,0.10578829406811835
MRPS18A,0.10537603539647701
MRPS27,0.10514668207558082
RNF14,0.10500486866652355
SRSF11,0.10450201119347549
COQ2,0.10377985306499801
SLC7A5,0.10374389592379198
POTEI,0.10330670122665969
SSBP3,0.10275502137986821
CYP2A13,0.10267476251011218
HIST1H2BJ,0.1025455845206452
MRPL39,0.10081551039276215
CLOCK,0.10080423899225695
COX10,0.10074137260405135
CCNK,0.10015820838354993
AP2M1,0.09994834425715277
SRPRB,0.09929182876293924
PUM1,0.09590308893694996
PLEKHN1,0.09492709580492312
SUPT20H,0.0944419930329696
KXD1,0.09299494015287844
MANF,0.0916283647289957
MRPL46,0.09040321407934493
PPA2,0.08930683330306576
LST1,0.08885210678377439
TFB1M,0.08879217117102234
COX6C,0.08858609037328102
PSMD7,0.0879260497597861
COQ5,0.08744330653282939
RHOQ,0.08633442043222021
DBF4,0.08631752686929373
GPS2,0.08522696901157313
ARFRP1,0.0848225910088985
DOLK,0.0837732201878788
OTOP1,0.08154726585329627
HIST1H2AE,0.07980623664790099
IFITM3,0.0784796942431197
METTL17,0.07678096349738314
HIST2H3A,0.0762842479074145
TBCA,0.07602709613511417
MON1A,0.07537286622310993
ARHGAP11B,0.07443668488220438
TFRC,0.07373035479024609
WBP1,0.07279109738983991
USP9X,0.0720280180284294
CNIH4,0.06988156345445834
KDM2A,0.06969168413927462
CBFA2T3,0.06933554803453798
PSME1,0.06927561044063998
MTHFD1,0.06775552062868373
NOP56,0.06729236433276653
ANKS6,0.06716143831206345
DPPA2,0.06652723646629581
KIF14,0.0660261197602815
GET1,0.06563951197767913
MEMO1,0.06539604794373549
OR2T5,0.0650760878968483
NARS2,0.06505769988938596
IRF2BP2,0.0650339515609781
MRPS17,0.0649380112595136
CHCHD1,0.0644544451965462
YRDC,0.06445305245084289
LARS2,0.06404415578412101
PSAT1,0.06231145927919299
HIST1H2BN,0.06204316785260265
KRT10,0.06184163180399878
ZNF658,0.06006955341665161
MRPS26,0.05961626983209779
CPAMD8,0.05949984249888574
KLC2,0.05920973799342922
HNRNPH1,0.05920175133314623
ENO1,0.058766113816843005
PSMD14,0.058646865991976355
PDCD6IP,0.056925816644929
C7orf50,0.05614449158838376
PDCD6,0.05567657591916931
VARS2,0.05503148833600239
TUBA1C,0.054557587624440615
ZNF24,0.053694151326542275
CA5A,0.05328956101104497
SDHD,0.052888968648363205
C6orf15,0.05045843258324957
CYC1,0.04942304865364609
ACTR1A,0.04919265457066899
SRP14,0.04797735285862873
OLFML3,0.04784765382773954
KAT5,0.047679443297947835
MICOS10,0.04704850704132342
CUL1,0.04704663485826543
TMED2,0.04654896897855423
MRPS16,0.04647569364877574
UFL1,0.04627321655577751
TOR2A,0.04586211949612854
SRP9,0.04558600254247098
ZNF284,0.04533816512852687
HHEX,0.04495614336893902
XRN1,0.044895565864852896
RPN2,0.04453318485744011
FAF2,0.042866091694044844
CSH2,0.04253069356622811
GLRX3,0.0420399663205165
NBPF3,0.04062648197982531
UCHL5,0.040356389031054485
CYS1,0.03997232404946262
PRKRIP1,0.039194894586518265
MRPL45,0.039176281718974394
PSMD6,0.038833174951709654
ZMYM4,0.037435337702861164
DHX9,0.037245067441515026
MST1,0.036726121741427364
CMTR1,0.03663829489359591
CNOT10,0.036591780224860114
RGP1,0.03650972907827194
ALG1L,0.0362695936999554
EIF1,0.036177130309884425
DPY19L2,0.035412371927159875
HOXC10,0.03448975615393512
MRPL15,0.03441849267801424
MRPL27,0.03419976028132286
SLC25A26,0.033630015684073235
LTBP4,0.033472602400488646
CHCHD2,0.03327415693978983
RBMXL1,0.03324151029370488
KCNA10,0.03317036403559469
SDE2,0.03286315497515316
CCAR1,0.032838792821647284
LAMTOR1,0.032710682009542406
CBX1,0.032452508296049204
C1orf109,0.03220689174687556
RGPD6,0.03214684684089755
AIFM1,0.03170646976275789
MRPS30,0.03166242129071678
NDUFA6,0.031118155883178407
SMG5,0.030875794687226468
MRPL1,0.030842459923065328
ADAT2,0.029836170444602197
INTS10,0.029519442637565743
CUL3,0.029111360221888337
GPR61,0.028810888378927275
COX7C,0.028655271334466985
GLI4,0.028050346205279804
ASF1B,0.027312358719519397
DNM1L,0.027101744399134934
DPH1,0.02676989978702685
MRPL17,0.026426695943603407
ZNF492,0.025802706905945213
PSMA3,0.025618617490218154
LURAP1,0.02431539977877214
PSMA6,0.023823750639745123
DAP3,0.023748955440722266
HMGN2,0.023474384771590327
TMEM214,0.02321528784401785
TFB2M,0.02304567334202854
AHCY,0.022373461887702124
PSMA4,0.022299740139670843
TKT,0.021981037790361733
MRPL16,0.021902442753132655
SMG9,0.021333233395519242
STAG2,0.02096122765019557
FBXW7,0.02076577504086121
CEP85,0.020346415281240267
VPS37C,0.020051610836869183
CLPB,0.01943892522824462
LCE1C,0.01943671129748566
ZNF100,0.019122240015848987
PRKRA,0.019010896303511562
SETDB1,0.018647988641429185
DHPS,0.017734242459262688
TM7SF2,0.017716732429710516
MRPS6,0.017694439913490043
DSTYK,0.017113598916973567
ZFP69B,0.017051503194598108
POU5F1B,0.01677721219725624
COX5A,0.016511361542652387
JMJD6,0.016478701688927164
H2AFX,0.01549798187251311
TEFM,0.014996089877994383
TDGF1,0.014295474732132527
MRPL4,0.014215579072493502
ZNF133,0.013660146274619915
SGPP1,0.013125449472519854
KDM8,0.012873960806326277
PSMC5,0.012306568489871272
VPS41,0.012288624589325005
UBR5,0.011428121378217474
LZTR1,0.011413908966337165
BCLAF1,0.011125814663783032
DHX29,0.010672425087913454
DDN,0.010636976110680136
SMARCE1,0.0101079533109905
DYNLL2,0.010001624539796361
RPE,0.009486235987518948
WDR44,0.009469444453616494
PTPMT1,0.009314980436182355
CLCC1,0.008594812699146442
HEXIM1,0.008494831520034184
MZF1,0.008299975896055859
SLC9B1,0.00794479734526415
PSMC6,0.007929092139802918
NDUFA4,0.007233380330521322
CCNC,0.007192482871341055
HIST1H2BC,0.006904720740948689
TAF11,0.006823670733519456
PSMD1,0.006640832741741071
HIST2H2BF,0.0063804282577469285
PIAS1,0.0058277314226280255
UBA5,0.004895828036519067
PSMC2,0.004824537154744041
VPS18,0.004594479866602757
MTPAP,0.004515764970035318
MRPL55,0.0044567987981046575
PSMD8,0.004137650690924782
GATA1,0.0039182400818874655
TARS2,0.0034973026695943946
HSPA5,0.0034084423238843753
TIGD1,0.0032119264994799916
CD8B,0.003119109805022266
LTBP3,0.0025482696339831044
POLR2M,0.0017470578329562836
LCE1E,0.0010762371431874002
COPA,0.0006275471760413126
KRT17,0.00044949596341466516
RPRD1B,-7.577025309146723e-05
PSMC1,-0.00048481286424192915
GAPDH,-0.0007111264466493072
CD2BP2,-0.0010716494692179744
DPY19L4,-0.0012405745323668428
AARS2,-0.0012436472899573572
TBC1D28,-0.0026329926862691116
C16orf86,-0.0028133588681051543
HIST1H2BM,-0.0037155866668867263
COX17,-0.004517724323521127
SLC1A5,-0.00517649502237057
PSMC3,-0.005425032441267297
SS18L2,-0.005891598949992579
PSMB3,-0.006538607584487821
MRPL24,-0.006861583926301269
PSMA1,-0.007306971983292276
ATP5ME,-0.007851778573904969
PSMC4,-0.00802695151144936
SCNM1,-0.008688798269799111
RNF168,-0.009036931865084002
ZNF674,-0.009595711479090718
NCOA4,-0.009727553449670502
PPME1,-0.009807462977332555
ARIH1,-0.010145190932954885
NDUFB3,-0.010218784566871805
OR7A17,-0.010394623829885676
SMG8,-0.010587200475475192
TMED10,-0.011038776972478494
E2F6,-0.012055782470159048
ATP5F1C,-0.012160700665334923
KEAP1,-0.012413527925905199
DOHH,-0.012539958726123067
FRG2,-0.012553762031335125
DNAJC19,-0.012561225669049393
MRPS28,-0.012976741344867954
GPKOW,-0.013508910204553318
PTPN11,-0.013644111538524989
BCAS2,-0.013748583315447989
POLG2,-0.01391204900034666
PCBP2,-0.01404181671096719
EPB41L2,-0.014387815951527896
QRSL1,-0.014614034438922787
TADA1,-0.014803260306087031
TTC4,-0.014855520958874796
SKP2,-0.015033145894900166
CYCS,-0.01579176173416303
CAD,-0.016048486569480575
PSMD2,-0.016057482953888702
ATP5F1A,-0.01623585214046325
H3F3A,-0.016291725082960333
ARMC6,-0.01708687589770686
USF2,-0.017148321804163737
NDUFB8,-0.017218807019860834
KLHL11,-0.017961224348285343
SHC1,-0.018163958329893853
DHFR,-0.018559540374106395
HIST1H2AB,-0.019141920060755054
MMGT1,-0.019341854022552018
KDM1A,-0.019361657558897738
DTYMK,-0.019812575655016453
HIST2H2AC,-0.01984641957372327
SLC39A10,-0.02044126000891515
DPH6,-0.02204224001584911
DNLZ,-0.022049794786283952
COPG1,-0.022566549008601583
PGK1,-0.02273668587277747
CHTOP,-0.022883551534562764
ATL2,-0.02300455597563206
DAXX,-0.02323130937247188
MRPL38,-0.02354040976705021
ACOT12,-0.023556445823908975
SRCAP,-0.023795971009228794
F8A1,-0.023889315018738227
ERAL1,-0.024038663716960375
PRODH,-0.024294918690462408
DHX8,-0.024405242112562273
OR2T29,-0.024419958065741022
MEF2A,-0.024628424823760625
EXOC8,-0.02471068333030666
BRD2,-0.025103833847880848
SNF8,-0.02550991563619547
PSMB5,-0.02576869326905601
SLC39A9,-0.026084748807184848
PSMD12,-0.026261597794323882
MRPS18C,-0.026434254676330187
PGAM1,-0.026533120470191976
XAB2,-0.02654466229713892
TXN,-0.02671038417724651
RPL36AL,-0.0267574515857424
OR4K1,-0.02761857258423988
SMG1,-0.02796575655016433
C9orf78,-0.028012675702894087
BCL2L1,-0.02843802083505309
MRPL3,-0.028493619719007362
TAF1,-0.03067175513034287
SDHA,-0.030752607683544826
BCS1L,-0.031071224843572002
CBLL1,-0.031943687903452
HIST1H2BB,-0.032540089481765296
ISY1,-0.03270296742665628
MYSM1,-0.03379345957636501
CEP97,-0.034124645127205956
VPS33A,-0.034132962638886655
TWNK,-0.03475958990275872
SF3A1,-0.03484037047431942
MEIS3,-0.034880567268164506
PRRC2A,-0.03489662643839463
E4F1,-0.03503204833996465
ERVW-1,-0.03560528239586607
MRPL50,-0.03565268659919758
MRPL23,-0.035852012349144
KRT8,-0.03602176156906769
PSMB2,-0.03622440375757369
MRPL28,-0.03705641379538075
OR1E2,-0.03709559095937002
POLG,-0.03711679912829568
LRRC37B,-0.037310285780323776
DCTN1,-0.03745135394825899
ADSL,-0.03754532234897903
NXF1,-0.03833205593435809
LRPPRC,-0.03880195671195792
HSPA8,-0.03909704776213039
BOD1L1,-0.03984839609714213
KATNB1,-0.040425638011589556
PPIL1,-0.04115654818312385
CDK2,-0.041252284426540844
MIOS,-0.04161633058724463
CCND3,-0.041737677766588085
MTCP1,-0.04179337372670104
SRP68,-0.04218015188786708
MYB,-0.04264734939162299
SMG6,-0.04346003797196692
MRPS5,-0.04359151442109245
METTL3,-0.0438495359165278
SMC3,-0.044213346320846794
MALSU1,-0.045096887289296755
DDX41,-0.04512451106965393
XRCC3,-0.045292740750524016
NSUN4,-0.045936796816958565
SERBP1,-0.046778794472602435
MRPL51,-0.04685664624985553
TRA2B,-0.047031629987947854
EARS2,-0.04726183883376528
MTRNR2L1,-0.047324217860032096
NDUFAF3,-0.047359325089564246
MRPL22,-0.047785480180284196
SNX15,-0.047935927093823764
NAPG,-0.04816767826187446
DNAJA1,-0.04850378431922872
SRP72,-0.04891994915058354
CCNB1,-0.04984852751316627
PCID2,-0.05063090753000599
NFATC2IP,-0.051146522923511135
PRKCA,-0.05116835779498443
STARD7,-0.05117970612999613
PABPC1,-0.05129991514090902
ATP6V1C1,-0.051331719799904175
MBTPS1,-0.05136894619537405
CBLN1,-0.051431885225603144
ZNF253,-0.05174313450331018
GLRX5,-0.052330420828449346
SLC25A10,-0.052446464479701534
FOXL2,-0.05245776955969029
NISCH,-0.05249787158871394
PCM1,-0.05265662313648438
SPEN,-0.05273203480213311
UPF1,-0.05277960145944442
MOG,-0.05287883937858049
NUP93,-0.0529195565534662
AAAS,-0.053236924600881634
METTL1,-0.05331519638110642
HMGCR,-0.05349638011589714
NDUFB4,-0.05351712271549103
REXO2,-0.05364360436512518
DNAJC17,-0.05450292714335228
STRIP1,-0.05462172590843797
FASTKD5,-0.05529438906407366
HCFC1,-0.05557979627214351
RHPN1,-0.05560267058493358
ZFR,-0.05561372273860428
ZRANB2,-0.055859448911194966
CAMLG,-0.05598602499545981
OR4N2,-0.05626786548018031
SUMO2,-0.05678312591834381
NHLRC2,-0.05681461821663813
NSRP1,-0.05719464166020044
VPS37A,-0.057286288157699164
PRDM8,-0.057532156312426586
DNAJC8,-0.057590748708127644
SEC16A,-0.05780684816166155
NANOG,-0.05813524029651141
TAF6,-0.058202599924056055
MRPL9,-0.05827431345033089
ZNF317,-0.05854428092651589
ZNF506,-0.05863492760561972
DBR1,-0.059035476383087676
TERF1,-0.059834950058608956
FOXD4,-0.060218289940730654
INO80E,-0.0603832342209968
SRP54,-0.060452775090389856
GLMN,-0.06093211272721258
ZC3H8,-0.06106146472734482
SSBP1,-0.061260324577768296
CFL1,-0.06127611034983742
RBM15,-0.061336649551765834
LTB4R2,-0.06135657856069738
TRPM7,-0.06158193524954175
CACTIN,-0.06165825328952798
CRLS1,-0.061721028545013226
CIAO1,-0.0617226844529561
GTF3C3,-0.0619841554539301
MBTPS2,-0.062460168067226804
EEF1B2,-0.06327684205312772
SNIP1,-0.06388698585131497
MRPS31,-0.06394912846081466
SPCS3,-0.06426698254940483
METTL14,-0.06451612025556783
ELOVL1,-0.06509518086212858
TRMT10C,-0.06512063264598567
WDFY3,-0.06527565072394376
CMC4,-0.06555028445955999
ARID3A,-0.06569845503623842
STXBP4,-0.06575568440342737
PEF1,-0.06582916775354533
NPAT,-0.06630774132835858
ACIN1,-0.06734002080203395
SEC61A1,-0.06764065906126696
KDM5C,-0.06780881676049591
NMT1,-0.06929551369467248
RBBP6,-0.06959838668669835
OR1D2,-0.07072246322497563
ATP5PO,-0.0707865777352199
MIER1,-0.0709542084495882
GTF2A2,-0.07108561423783664
WEE1,-0.07114603820310066
NBEAL1,-0.07117503689884595
PSMD3,-0.07213564709184264
YARS,-0.07251319146126042
EIF3J,-0.07282172359710094
CWC22,-0.07297835597893385
IK,-0.073171032672401
DCAF6,-0.0732894645952684
DHODH,-0.07331516996582525
EWSR1,-0.07341154545904802
MOCS3,-0.07351358769047905
ZNF143,-0.07354666853774897
SMU1,-0.07392320615476056
CS,-0.07399789668323127
HIST2H2AA3,-0.07416378530980167
MRPS18B,-0.07420906506413948
TAF8,-0.0744040421984119
MRPL42,-0.07521405887305799
PRPF18,-0.07571228607749593
YPEL1,-0.07618861567416751
MRPL37,-0.07631881791616449
FTSJ3,-0.07675044691353936
TAF3,-0.0770143408561853
ATXN10,-0.0775113972032821
EIF4H,-0.07766906143203836
SLC4A5,-0.07783057436727145
SRRT,-0.07813075564213899
OXA1L,-0.07890034537980226
MRPL32,-0.07967266645754571
CNOT11,-0.07984941770814413
GAB2,-0.07993202324544753
MRPS2,-0.08007946806227409
SF3B2,-0.08010785161215775
CRCP,-0.08056666655660312
POLR3D,-0.08065293127074005
SOD2,-0.0807954453451322
LIMS1,-0.08198535074540622
DDX1,-0.08262099618629373
SF3B1,-0.08275457099932308
CDIPT,-0.08297570718660739
RPL41,-0.08307579072493432
SCAF1,-0.08328858232487506
NAPA,-0.0837977375311619
WDR70,-0.08386554225619536
MRPS7,-0.0841327935810866
MEN1,-0.08419829819550609
SNW1,-0.08430599263674043
SKP1,-0.0850547463307523
TEAD3,-0.08515674992983446
NDUFB6,-0.08519034455432463
SUDS3,-0.08550385498010582
MRPS23,-0.08592744448663538
MBD3,-0.08632742269402849
HIST2H3D,-0.0869743851017814
MRPL20,-0.08714223638374805
ENY2,-0.08736121708408308
PSMB6,-0.08793503293655375
CHCHD3,-0.08830250383847058
SLC35G2,-0.08846635254494738
NDUFS5,-0.08895320764062012
UBA2,-0.08906951907678594
LSM7,-0.08917756880355301
ATP6V1A,-0.08984537022667605
GCLC,-0.0900596608938271
TRIM49C,-0.09025793795710821
SNRNP200,-0.09052707071040599
SLU7,-0.09086969737993432
N6AMT1,-0.09088317973947933
SEC13,-0.09109284509088507
ZC3H3,-0.09135520265473586
SMG7,-0.09135540043915388
CENPT,-0.09238984662627325
CMPK1,-0.0926901685625135
ATP5MF,-0.09295707714913068
PPY,-0.09312930808472697
MT2A,-0.09315220286935988
OR2A1,-0.09320948440672926
NCBP1,-0.09333540935431145
TAF2,-0.09346763236532342
BRK1,-0.09346883888329383
MED26,-0.09383516402238706
NUP35,-0.09420574268214155
TTC27,-0.0942583057898995
YEATS4,-0.09457765531359888
SRP19,-0.09498184477720371
NKAPD1,-0.0950049284310974
OR4F4,-0.09521025044988513
MIPEP,-0.0955442868699542
HSD17B12,-0.09576917072526453
SART1,-0.09680495484637858
BUD13,-0.09759706526225428
UQCRH,-0.09769862871671274
TULP1,-0.09798262138647199
UMPS,-0.09817748031236073
TSFM,-0.09843330504696954
ATF4,-0.09845176536626449
FAM50A,-0.09876280662363174
ZBTB4,-0.09878553631275676
GTF3C2,-0.09941027785573948
ATP5F1B,-0.09972161331330176
ZBTB44,-0.10002769444123427
UPF2,-0.100314417790692
DNAJA3,-0.10044371795083445
COX15,-0.10065039969622427
XRCC5,-0.10068904063000457
SPRTN,-0.10122404120783883
WDR7,-0.10177642502187519
NOS1AP,-0.10222254610292064
UBQLN4,-0.10254640801703789
TAMM41,-0.10277838899803526
ARGLU1,-0.10323071634940809
PRPF6,-0.10380725495699256
YPEL5,-0.10393952023245438
TPI1,-0.10416929355632226
DNAJC11,-0.10428557329415053
GNB1L,-0.10436650608376949
MOK,-0.10508375130012709
KRTAP4-7,-0.1053341671757111
PSMB7,-0.10535633157781765
SMAGP,-0.10578015551996826
UBE2Z,-0.10631584553664299
WDR83OS,-0.10636214690198269
AFG3L2,-0.10644499380891856
RAB6A,-0.10707529973089425
EEFSEC,-0.10717030559178488
TMEM258,-0.1072509583794225
GART,-0.10729627115286193
SDHAF2,-0.10803895527562687
CCNA2,-0.10807504779514951
OVCA2,-0.10834784897062948
CCNL1,-0.10878661735814157
MRPS10,-0.10885152630796915
ETF1,-0.10926722887190242
TMEM199,-0.1095123507949349
FIP1L1,-0.1095799204239653
TFIP11,-0.10965807927886281
GFM1,-0.11014008023641675
EIF1AX,-0.1109132581598456
HTATSF1,-0.11180776477192036
PELO,-0.11220333757078457
ZNF706,-0.11248800845288996
RPL11,-0.11270580839015375
GMPPB,-0.11299305674332594
NUS1,-0.1134528497135593
SNRPF,-0.11383754403922672
HAMP,-0.11436333492925665
SRSF3,-0.11463437915834303
RAD9A,-0.11472753892126608
KARS,-0.11576068547654805
PLRG1,-0.11582021429396908
RSRC2,-0.11582823529411773
PSMA7,-0.11586050816397286
SNRPA1,-0.1160099869574549
INTS12,-0.11656464710835218
PRORP,-0.11684915751762392
RPIA,-0.11724947945386417
SAE1,-0.11732037938947677
ELAC2,-0.11750041075762337
RPL5,-0.11824488748741152
WTAP,-0.11894234468640102
HECTD1,-0.11925989863135827
ZNF335,-0.1192745307160192
SUPT5H,-0.11943792904195061
CDC40,-0.11950620329860831
PRPF38B,-0.12000838288950161
PFDN4,-0.12003629393604205
CARS,-0.1207425850654603
USP39,-0.12079587987650862
DDX23,-0.12085176338511831
MED7,-0.12094892935563216
UBA3,-0.12113289527991936
C9orf16,-0.12131099304947908
CWC15,-0.12138316025820947
GNPNAT1,-0.12146596622145911
SON,-0.12174602895775213
C14orf178,-0.12214477885456726
CDC5L,-0.12237081639728588
DCUN1D5,-0.1225023096861534
ISCU,-0.12288168793647117
RPS3,-0.12290082778887591
GTF2F1,-0.12307478430271918
PXN,-0.12311950669462303
ICE1,-0.12339344504796025
CPOX,-0.12479536147661419
SF3A2,-0.12495494015287839
RNF113A,-0.12539020785524418
TOP2A,-0.12564822769972422
ZBTB17,-0.12590923346155738
COPB2,-0.1264024843572007
KIN,-0.12710930709415386
FGFR1OP,-0.1272558082250583
MRPL2,-0.12748729061762215
AARS,-0.12750735038219616
ABCG1,-0.1276413617077481
THG1L,-0.12874084958148285
MZT1,-0.12912948044443714
MRPS24,-0.1295659837215829
UQCRC2,-0.12986937841541335
LDB1,-0.13017105149328886
SAMD4B,-0.13052012283105766
MKRN1,-0.13088150302950266
TGS1,-0.13124939129286298
FUNDC2,-0.13125149460963167
NKAP,-0.13125302537517938
SLC35B1,-0.1313806059005134
SPTSSA,-0.1317849947994915
NUDT15,-0.13237928282511421
SNUPN,-0.13242491093097364
GTF3C5,-0.13254389196149965
PSMB1,-0.13256630664839614
GARS,-0.13273326377309277
ALG14,-0.13285405623152993
NCBP2,-0.13290849416387396
GOLGA6L1,-0.13313569298839378
CHMP1A,-0.13383381420151563
RBM8A,-0.1345631397863663
RBM25,-0.13456677419887397
EIF2S1,-0.1346496197850458
MED17,-0.1347169186574434
SUPT6H,-0.13487297023327993
SF3B3,-0.13508535569827135
GOSR2,-0.1353843363986068
RPUSD3,-0.1357326575423884
CNN2,-0.1357737544369418
IST1,-0.13610290931303753
FKBP9,-0.13628346040184242
GUCD1,-0.13631960377078128
EGLN2,-0.13647288174208785
RNF4,-0.13655425797824056
ZMAT2,-0.13663593336745314
HYOU1,-0.13663822951577478
POLR3E,-0.13675585874428361
MRPL44,-0.13686054580574855
PRPF31,-0.13688535503788943
GET3,-0.13750471611827442
PKMYT1,-0.13793084149180296
RBM39,-0.13807832791269758
PREB,-0.13809835531855183
WNK1,-0.13811123540968442
EFTUD2,-0.13815999801885379
SAP130,-0.13826261544303375
NDUFA11,-0.13856714995624964
POLR2L,-0.13865441118687158
DDX42,-0.1390277413283585
TARDBP,-0.13912330323091904
DPM2,-0.13915037559228013
RBBP4,-0.1394160149246339
KIF4A,-0.13956891119512646
SNRPD1,-0.13987613214244443
FASN,-0.1399507731422628
WBP1L,-0.14001315084776547
CPSF2,-0.1401115735252843
ZNF687,-0.14025677238282339
UBL5,-0.14028362021429408
TARS,-0.14048149378415423
INO80D,-0.14094352941176475
PPP1R8,-0.14102763170494145
TRAPPC8,-0.141312009377425
STAT5B,-0.14153180796090536
PPIA,-0.14165372670089646
PPIL4,-0.14183460137689646
PAXBP1,-0.14187531458949007
SUPV3L1,-0.14196409899126633
SF3B5,-0.14203080484060027
NDUFB7,-0.1422394895246901
GAK,-0.14250716019217113
PFDN1,-0.14259418929850923
EIF5,-0.1426110349837381
BDP1,-0.14283970216770414
TSSK3,-0.14353832428059632
IFITM2,-0.14357170196958935
MED28,-0.14384308992752298
ACTL6A,-0.1440023410542999
RAC3,-0.14412902544121775
SLC25A3,-0.1441494556801109
ARID5B,-0.14417465189612183
TAZ,-0.14424240246982872
BRF1,-0.1444199732545279
CDCA8,-0.14483561968598835
TUBE1,-0.14489400604249564
SPTLC1,-0.14490460319294715
MRPL10,-0.14507025936504275
HIST1H2BL,-0.1453556771392252
EP400,-0.14557369632332307
TSEN34,-0.14602218784566867
ACTR8,-0.14610894916709305
HMGB1,-0.14622797114130517
RBM33,-0.14637039243202205
SPDYE2,-0.1466959264334416
SRSF10,-0.14682437205923632
SUPT16H,-0.14701191263145738
ARF4,-0.14715565930891025
NELFCD,-0.14738524904657346
MRPS21,-0.14799911310693248
MRPS34,-0.148443258985323
FNTB,-0.14850321969259217
NUP98,-0.14853626586980576
SSX4,-0.14939370292714343
SNRPE,-0.14953571180928163
GEMIN6,-0.14975384986214527
CCNQ,-0.1500490208185436
LENG8,-0.15017338396262223
TAF6L,-0.15025865183008363
RAB4B,-0.15037618860510804
YAE1,-0.15037932211784522
KLHL17,-0.15051430948803868
XRCC6,-0.1507258007957602
FAM136A,-0.15085985801786322
BET1,-0.15104980205048632
U2SURP,-0.15142186062637233
ING3,-0.15145695200673592
PPP1R15B,-0.15167544270360417
TRMT6,-0.15171220286935982
POLR3A,-0.1520462439121032
C1QTNF4,-0.15206508593221182
CTDP1,-0.15279918640933776
PSMG3,-0.15361765927589108
INTS3,-0.1539667583497052
KAT7,-0.15413399316504595
STX5,-0.15420607485430332
SSRP1,-0.15430026514338555
DPH3,-0.15434133166036565
SLC25A42,-0.154498191543808
SARS,-0.15482089911013525
PFDN6,-0.15487982896105396
NKX6-1,-0.15526887652506974
TUBB2A,-0.15543892687919975
MRPS22,-0.15584031962490313
SEC61G,-0.15645292961978516
CHMP2A,-0.15680895081804816
VCP,-0.15685456868798583
PRPF19,-0.15693414142081208
EEF1A1,-0.15696685575605496
PPP4C,-0.15714164534183034
SNRPD2,-0.15726127949018515
ZNF763,-0.15727748790675417
TYK2,-0.15762443083323702
PHAX,-0.15767470175496523
ACTR6,-0.15806595961763886
SBDS,-0.1585720691419986
SEC63,-0.15863879876508571
WARS,-0.15888380908355487
HIST2H2BE,-0.15928824420927518
SRF,-0.15974081986429145
MTG2,-0.15982600386323498
INTS9,-0.16013506463489113
INTS13,-0.16023334599065567
EIF2S2,-0.16023984282907666
SNRPD3,-0.16047925442868705
UNCX,-0.16071982962143613
HNRNPK,-0.16109055686714752
RPN1,-0.16135159333674537
RPL27,-0.16140162817189746
SRRM1,-0.1615616786911227
COA5,-0.16162520612174142
DHX15,-0.1618760614815671
TOX4,-0.16190003731158484
TBCD,-0.162135526902313
CEP68,-0.16219550543989691
SF1,-0.16253034620527967
DHX16,-0.16253562529923574
EIF3A,-0.16287794489111942
RAD51D,-0.16324344059038143
TAF10,-0.1632561166234666
LSM6,-0.16373835135625972
SNRPA,-0.1638028607749584
ATP1A1,-0.16410850472998634
ATP6V1G1,-0.1644947588780109
ARPC1B,-0.16457540275049104
DICER1,-0.16474480989252294
CCDC144A,-0.16480135444354568
TOE1,-0.16491324627296894
RACK1,-0.16506021297320508
PCF11,-0.16514437139885435
GEMIN7,-0.16514696537947207
LSM2,-0.1656230816727477
NRBP1,-0.16576858892869525
WDTC1,-0.16591149956249687
EMC4,-0.16606840105000747
HARS,-0.16639244522956537
EMC7,-0.16639968301662522
UXS1,-0.16670174241798885
RNF123,-0.16700118769708278
RBBP5,-0.1670883756252993
VEZT,-0.16751678592065522
ARCN1,-0.16817756418087854
TTI2,-0.16825120866421223
TELO2,-0.16835612487824192
STX18,-0.1686042673886843
RFFL,-0.1686755384589986
EIF4B,-0.16888007198164143
LEO1,-0.16954006240610178
PFDN5,-0.16960461276848643
IPO13,-0.16966069967476172
MRPL54,-0.17024779184758382
PGS1,-0.17040283766158715
CRNKL1,-0.17067512439946503
PRPF39,-0.17121195291476116
NELFA,-0.1714433752125605
FAM32A,-0.17173827277079776
FAM102B,-0.1718039127635337
ABHD11,-0.17186157864324508
POU3F1,-0.17187641610671772
PRDM4,-0.1719058321639068
TMEM240,-0.17243091248287123
RAB18,-0.17245908041802177
TFPT,-0.1728220527975433
NUTF2,-0.17293096498324262
SNRPB,-0.17317625530369302
UFM1,-0.1736336834458734
THAP11,-0.17366283006719385
HMBOX1,-0.17376697165310137
EIF3I,-0.17453971768668186
MAX,-0.1746375896055869
CHMP4B,-0.17470166251176292
TAF5,-0.17481795578742312
EIF3E,-0.17504526192402306
MRPL19,-0.1753177963051627
RPL19,-0.17570325667398573
MRPS9,-0.17571964603523135
TP53I13,-0.1764391157484605
TAF7,-0.17646359412920368
ALG11,-0.1767205048620628
CAP1,-0.17689804163708694
TAF12,-0.17714864010830267
COPZ1,-0.177752355417609
HIST1H2BE,-0.1777985808390153
RPL7A,-0.1778737590596159
RPAP3,-0.17795388552277497
MYBL2,-0.1779691727064106
SET,-0.17813657063611305
RPL4,-0.17821721946145866
XRCC1,-0.1782311555034588
DHDDS,-0.17830358224232726
TRAPPC11,-0.17839301315811193
PFDN2,-0.17845480510475317
COPB1,-0.1786464849515446
U2AF1,-0.1786853002261809
NAT10,-0.17872843241815384
PSMA2,-0.17925715540440143
COQ4,-0.17938194581565425
RBMX2,-0.1794560552079378
CYP4F11,-0.17981458057486255
DDX11,-0.1798618044938996
RFT1,-0.18010523914084292
TNFSF10,-0.18038051014511897
MED12,-0.18056261115055072
GTF3C1,-0.18076401842465858
SSU72,-0.18089508741807137
SARNP,-0.18104077462812232
PRPF8,-0.18154204751448727
SPCS2,-0.1815830116722525
SOD1,-0.18162836538937763
UQCRC1,-0.18204604579749378
CTR9,-0.18211383137144835
SMN2,-0.18243176635683755
NDUFA8,-0.18243936207095787
FOXO1,-0.18249020026085094
SETD2,-0.18260989912664485
SYMPK,-0.18362884614749614
MED6,-0.1837291244985224
PRMT5,-0.18397212527447138
TEN1,-0.184189969457331
MED27,-0.18443754535999074
GTF3A,-0.18454912416833125
VPS29,-0.18491062389592386
MRPS14,-0.18503998216968506
MED30,-0.18504075943933568
RARS,-0.1852837476680259
RPL34,-0.1853004513711182
UQCRB,-0.18580736259926375
CDC123,-0.18586571989896142
UBE3C,-0.1859766237968664
TSEN54,-0.18609548397748088
ARL2,-0.18615582341384485
RPS25,-0.18708453682455295
TCOF1,-0.18763991415033607
LAMTOR2,-0.18779952782684778
ZC3H4,-0.18782167043634743
SF3A3,-0.18789471925508905
RBM12,-0.18813686219477976
ATP6V1F,-0.18822943124597577
RPTOR,-0.1886199058955606
GTF2H1,-0.18874430073797693
QARS,-0.1887838331874988
HSD17B10,-0.1889950094929917
NF1,-0.18919529114592784
NUP155,-0.18920154397318859
FAM133B,-0.18929008007132134
KIF20A,-0.1893714510244176
UBE2I,-0.18941231612487838
HARS2,-0.1894480223209125
CHORDC1,-0.1895228607749585
RTF1,-0.18965567945056205
TPR,-0.1902120698023806
UBE2N,-0.19030730679698216
LMO2,-0.1905475755724686
CHD4,-0.19068647108352194
TFAM,-0.1908199138201451
EEF2,-0.19123027323306532
NDUFA2,-0.19173145894900204
XPO5,-0.1918587693780853
INO80B,-0.19199717290452537
FBRSL1,-0.19214200591041902
RNF103,-0.1926418979379572
ZNF559,-0.1928435343646299
SNRNP70,-0.19293371679516608
ESYT2,-0.19330641792276831
TPP2,-0.19331545987353696
RPL10A,-0.19332204520314988
BRF2,-0.19361285565699748
MED4,-0.19369469812286405
LAMTOR3,-0.1940578884284559
TRAPPC5,-0.1941086387875386
RBM22,-0.19412154265242446
SNAPC1,-0.19416815703884702
OGT,-0.19421046309289916
TMEM127,-0.19475145333575472
PLA2G10,-0.19512024962440772
IWS1,-0.19513020158161504
POLR3F,-0.1953840986610754
TLCD1,-0.195726495187466
SYF2,-0.1962293810569413
HAPLN2,-0.19657975136616526
MED24,-0.19682822472800512
FOLR3,-0.19696746099618634
C7orf26,-0.19703275296759176
PRPF4B,-0.19704271284938335
KIF18B,-0.19712414257648053
USPL1,-0.19730121906522918
SCD,-0.19735999405656185
CTPS1,-0.19740574730481583
MVK,-0.19754630301629503
CDC73,-0.1976460081557182
TRAPPC1,-0.19799530534414142
NFRKB,-0.19829877036865823
TRMT5,-0.198361941523171
WDR61,-0.19905387330570729
INO80C,-0.19912101434679955
PHF10,-0.19941221772795564
PNPT1,-0.1997388677750078
NBAS,-0.19975725479189715
TXNL4A,-0.19996095095012467
POLR2D,-0.20006710273893447
CDC20,-0.20053212725561742
EIF2B4,-0.20071145135460872
SCFD1,-0.20100187944726036
PPP1R10,-0.2010406115137607
SAP30BP,-0.20136630202572206
ZNF292,-0.2015507619157683
ATP6AP1,-0.201849776955969
PRPF4,-0.20200420729391957
GEMIN4,-0.20214330224034596
BNIP1,-0.20241718049891871
UNC50,-0.2024656518796123
NPLOC4,-0.2025100691750178
BAG6,-0.2028951319938584
HMGB3,-0.20298880850572054
RBM4,-0.20339389476812325
BCR,-0.20345125423057242
SNRPC,-0.20366450347526055
CDK9,-0.20401323570685648
UXT,-0.2040962381337605
THOC2,-0.20432481682653408
PMPCB,-0.20472466890095925
TBPL1,-0.20500552079377918
SDHC,-0.20522033844579077
INTS6,-0.2055037671492958
BANF1,-0.20553759455845202
REV3L,-0.20560256888610073
NUB1,-0.205757978900794
YARS2,-0.20580554786944244
EIF2S3,-0.20583606610424116
RPL9,-0.20609775965395985
SART3,-0.20633230753991189
EIF3B,-0.2066706252166879
INTS4,-0.20677876805732126
TRAPPC3,-0.20684567136088236
MRPS35,-0.20727363853989528
SRRM2,-0.20750544782156471
OIP5,-0.20764512060226842
EIF3M,-0.20801538624094038
HNRNPM,-0.20852926780142306
SMC1A,-0.2085345218008619
CPNE7,-0.20867889716200816
RPL10,-0.20881142725066457
RPL24,-0.20938601442934743
SHOC2,-0.20952007660431565
GMIP,-0.20960488880817552
CYREN,-0.20997385052252732
CENPA,-0.2105956494031797
RUVBL2,-0.21065243169173378
SLC39A7,-0.2107809308084728
WDR82,-0.2111760353964769
ESYT1,-0.21143875451948946
UBC,-0.21166511630978516
PUF60,-0.2119694216704364
RPL38,-0.2120065562728038
MRPS12,-0.2123942857142858
COX5B,-0.21242188307936147
TOPBP1,-0.21242260553730336
COPE,-0.2125281629822853
SLC2A8,-0.21260373181885733
POLR2A,-0.2126704627627083
ELP4,-0.21276363012002444
RUVBL1,-0.2134907001700485
HUS1,-0.21395249938089184
DERL2,-0.21437494972841792
PPARGC1B,-0.21438599329712243
DYNLL1,-0.21497097290782724
SFPQ,-0.21508309653134328
KIF11,-0.21549855343316116
AHCTF1,-0.21558164203992025
FBXO5,-0.2157939581647983
WDR25,-0.21586335969358272
RTCB,-0.21604933119809805
ZBTB11,-0.2163789073979296
SIGLEC14,-0.2165479922735304
UQCC2,-0.21683927159861985
HSP90B1,-0.2168616691155834
PAF1,-0.2172099661554208
CADM4,-0.2173503848376287
RPL14,-0.21750699377589938
FOXS1,-0.21779496987006997
MCRS1,-0.21814119264994805
THOC3,-0.21836148255765958
PGPEP1,-0.21860121576331906
DROSHA,-0.2189305476217991
MED22,-0.21914477819418535
NUP205,-0.2192718673952882
MRPL13,-0.219725178055505
SH3KBP1,-0.2200518393290518
LSM4,-0.2203284172293672
PYROXD1,-0.22033008403361348
TCP1,-0.22040925063149022
ABCE1,-0.220515467137739
ELP3,-0.2210158630367668
MLST8,-0.22103570817718043
ABCF1,-0.22113363160588403
CCP110,-0.2212800686797311
ALG1,-0.22134590216440214
NPEPPS,-0.22183475128361763
CDK11A,-0.22200602928794314
ASCC3,-0.22243083653893783
FAM72D,-0.2226861587228212
INTS1,-0.22281372405936833
TTI1,-0.22329142857142847
EIF3G,-0.22332080302454976
NSMCE1,-0.22362007825527075
PPP1CB,-0.22363004077859036
SRSF2,-0.22391385910749356
TUBA1B,-0.2241721477274603
INF2,-0.2242486767595053
PRSS50,-0.22434616763797866
PRPF3,-0.2245918713575803
EIF3CL,-0.22476362351620421
VARS,-0.22480896930874525
PDAP1,-0.2250795456571627
PHF5A,-0.22545507652176788
ARPC3,-0.22558339139192018
INTS14,-0.22573718908388504
ADNP2,-0.22574058674943442
FEN1,-0.225800766703538
RPLP2,-0.22585097257763617
RNF40,-0.22620753627973794
NASP,-0.2262398041967278
STT3B,-0.2268350900595995
CTCF,-0.22684769212989725
STAT5A,-0.22721207574581898
URI1,-0.22736839609714227
PELP1,-0.22749354575621983
XRCC2,-0.2278739396741014
CLP1,-0.22798407290617637
RPL35A,-0.2279993772597447
ATP2A2,-0.22833716002707566
CTBP2,-0.2285766072873158
POLR3C,-0.22875769988938596
VBP1,-0.22889975929074968
EIF3F,-0.22894668801901902
DARS,-0.22896312955044498
RPS28,-0.22901735120767347
PPRC1,-0.22914015089729417
GSPT1,-0.2295037057337669
ELOF1,-0.22962781132885368
KLF7,-0.22963448118736685
SRSF1,-0.2298183384788101
NUP160,-0.23003685129847623
ZWINT,-0.23006818972775736
SEPHS2,-0.23025748757656297
NAA20,-0.23027106304997433
WDR75,-0.23040291690743098
NUP43,-0.2305491908669164
PDPK1,-0.2311109204074556
PNISR,-0.23114265044328142
PTMA,-0.23123898301167228
THAP1,-0.23130120222548742
POLR3K,-0.2315645995608459
ERH,-0.23158519159333685
CENPC,-0.23168068217463805
C1QBP,-0.23168083406250517
MPG,-0.23168209275065632
IARS,-0.2317067560383682
GTF2B,-0.23185881626520943
TBCB,-0.2318880368493173
ARPC4,-0.2319013323207474
LSM12,-0.23200546003863232
SMARCC1,-0.23228310841822003
RANBP2,-0.2325140169387991
TADA3,-0.2326644083802479
MAP2K7,-0.23269927985339536
MDN1,-0.2329599762262469
UBE2H,-0.2329880266133959
LSM3,-0.23320298822869018
DPH2,-0.23326967294579912
UQCRQ,-0.2333378322959833
HPS5,-0.2337654580574863
TSPYL5,-0.23376863581581941
LARS,-0.23396287728450907
HNRNPC,-0.23420179557874227
EXOC3,-0.23441522576810686
DDX19A,-0.2344532162255864
PPP2R3C,-0.23463653299433718
LSM11,-0.23488686070891998
AASDHPPT,-0.23500020735995775
ZFC3H1,-0.23502845652209808
MRTO4,-0.2350869307094155
TRRAP,-0.23515793432500712
RNF20,-0.23538086410988762
ATP6V0B,-0.23546677717059322
LSM5,-0.23548002839642723
SF3B4,-0.2355536418418055
VPS51,-0.23569093724719736
IMPDH2,-0.23583622987898498
POLR2I,-0.23595783790923056
RAD21,-0.23595870697198323
ADAM10,-0.23646554852982443
CCDC174,-0.23675325617869947
PHB2,-0.23676742335441045
HSF1,-0.23684677089696385
OSGEP,-0.23696176057849472
TBCE,-0.2376604903336581
ZW10,-0.2378446563537006
ATP6V1D,-0.23830350035495546
NUF2,-0.23830999554242133
DYNC1H1,-0.23851010351488333
PPP1R2,-0.23860122038599324
RINT1,-0.2386096290303941
SLC35A4,-0.2386346700566276
PSMB4,-0.23870394941473652
NDUFA3,-0.23890072609004304
FARSA,-0.2389133043865875
GMPS,-0.2391334714632416
NRDE2,-0.23925323669742948
GRSF1,-0.23927140380710238
GON4L,-0.2393173518680557
MFAP1,-0.23935323966914854
ROMO1,-0.2393607917980552
XPO1,-0.23980549900117207
INTS5,-0.2398744339700517
SNRNP40,-0.2400747892555843
ANKRD11,-0.24012008651004602
SNTB2,-0.24019555761007755
VPS25,-0.2405145868484918
ACSS2,-0.2406491865744334
NCKAP1,-0.24089360453022068
SNRPG,-0.2415200316983375
ZNF830,-0.24168711627676615
PRPF40A,-0.24198001089630353
VPS72,-0.2419872579287118
BRD8,-0.24217244588994738
TSEN2,-0.2424595849498936
HNRNPR,-0.242622833038913
MSL1,-0.24285056347096803
METTL16,-0.2429209674596754
GTF2A1,-0.24319381155998748
IGBP1,-0.24332767694111035
CDC37,-0.24345441085668051
NDUFV2,-0.2434687319014049
RPAP2,-0.24409003582572508
MARS,-0.244136250020637
NRF1,-0.24419679384523957
MRPL21,-0.24422255732941517
SNAPC3,-0.24428634627131812
AGBL5,-0.24439779828630864
RAN,-0.24445031879942541
PRDM10,-0.24447814828878492
PPP1R37,-0.24481018639282826
SACM1L,-0.24499366561555863
DAD1,-0.24500336332568395
NUMA1,-0.2450470376913045
TMEM242,-0.24508112661174486
DDX18,-0.24592969308745116
INTS2,-0.24600325568341286
FARSB,-0.24607106635188444
TBP,-0.24609464397153746
RNMT,-0.2462597064601873
TBCC,-0.24641354938832125
GEMIN5,-0.24650745802446702
GPN1,-0.24653076092519532
TADA2B,-0.24672845421076095
HJURP,-0.24681357349226518
DMRTA2,-0.24686940020802026
RCCD1,-0.24688267883970869
ANKRD49,-0.246987304155454
POLR3B,-0.24717251952254385
BCAR1,-0.24717515444684748
CMTR2,-0.24794124581070157
PTGR2,-0.24809518746594914
TIMM13,-0.24840646183817328
MARS2,-0.2487402010863284
SETX,-0.24884930280167067
SMARCB1,-0.2489808591570224
GEMIN8,-0.2491668498126166
PSMD13,-0.24918556470918424
TXNL4B,-0.24955714847039012
RPL30,-0.2497271440128114
EIF2B3,-0.2497870650971587
PDHA1,-0.24993324330124983
NAA38,-0.24995451948952477
RPL23,-0.24995866602829753
ELP5,-0.2501241419160984
PPP1R7,-0.25023820640240374
PITRM1,-0.25040459361740763
SERPINB1,-0.2508366472404286
NARS,-0.2509383985735748
TRNP1,-0.25095132258011255
VHL,-0.2516133549058131
VMP1,-0.2516999508015386
CCDC78,-0.2517275587327268
SCAP,-0.25183360717174885
POLRMT,-0.2527021663832527
METAP1,-0.25274666556603004
TFAP4,-0.2528434792227303
NUP153,-0.25295679714714964
DNMT1,-0.25330549404830693
SPG7,-0.25349525218338814
U2AF2,-0.25407578147958587
PET117,-0.2541983563091248
CSNK2B,-0.2543340218916643
ATP6V0C,-0.25442701754965247
DYNC1I2,-0.2545659163626157
EIF5A,-0.2551226514338545
HBS1L,-0.25520724637202624
CFDP1,-0.2553121553218536
DNTTIP2,-0.25536269898136077
TOMM22,-0.2559124346634528
GLB1,-0.2559365445510229
BYSL,-0.2561253299433722
PPIH,-0.25663289296858227
RPL15,-0.25664539466081115
RPL13,-0.25685267999537725
RPL21,-0.2568734681613313
SMUG1,-0.2569044037575739
RBM42,-0.2574351772300275
NELFE,-0.25758294695481343
RPL36,-0.2578487606280234
SAMM50,-0.2579975995113173
TUBGCP6,-0.2582129718842351
CDC26,-0.2582611751498241
NBPF12,-0.2583040134717935
RMI1,-0.25836239190371635
CTU2,-0.25856836505918657
RPL37A,-0.25866813755757695
MIS12,-0.2590071334466989
FAU,-0.2591965891268098
WDR33,-0.25964447805055224
TANGO6,-0.25968891713856457
RPL17,-0.2597444433804957
MED10,-0.2598168575721055
YBX3,-0.2598864895742187
TFDP1,-0.260137039177164
DHX36,-0.2602043354080334
MED16,-0.2604083201532087
BUD23,-0.2611529398557065
EIF4E,-0.26151722045203146
SRSF6,-0.261714908454541
CWC25,-0.26202549008601483
NFKBIE,-0.26206065608954776
RPL31,-0.26209008073170337
RABGGTB,-0.26248927572600766
EIF3H,-0.2626370652622542
DENR,-0.26290420564296435
CLNS1A,-0.263011927820244
FNTA,-0.26303313929107996
PABPN1,-0.26315463175447
PIP4K2C,-0.2631947261891002
ALDOA,-0.2632231886546368
ZNF720,-0.26384650806491566
KRTAP4-2,-0.26388361889353007
ISCA2,-0.2639328034868171
CSTF3,-0.26410035561572354
ZC3H13,-0.2642857941919399
YBX1,-0.264446540423635
HIRA,-0.2644614168496474
TP53RK,-0.2646116894223307
PPP4R2,-0.264615462845256
UHRF1,-0.264850198940087
CXXC1,-0.2649007604299086
WDR24,-0.26515166961086983
EIF2B2,-0.265265622162421
SAP18,-0.2653804441069157
DPAGT1,-0.26548500239388495
CPNE1,-0.26555414571329516
SIRT7,-0.2655688061943835
MIS18A,-0.2656670201911806
YY1,-0.26573820607221266
PSMG4,-0.2659238685179376
INCENP,-0.2659287923263608
ACTR5,-0.2660128985818297
ECD,-0.2660782341384491
RPL6,-0.26610823595449973
DRAP1,-0.2661473404764656
ANKLE2,-0.2662510244176256
EXOC7,-0.2663184177246536
GTF2H2C,-0.266339913820145
TACC3,-0.26690387479156685
SEH1L,-0.2671943094880388
SETD5,-0.2673146964719091
RPL18,-0.2673533387264534
EMC3,-0.26768232520513124
SNRNP27,-0.2678333466510377
ATP6AP2,-0.2679160779911178
MRPL14,-0.26849567812979813
PTCD1,-0.26852161925674
ALG2,-0.26860764458239095
RBM19,-0.26897886843539
EXOSC6,-0.26906835086097314
ZNF207,-0.26915643393703254
DDOST,-0.2692035548364728
MTOR,-0.2693695497845503
LYRM4,-0.2695700483729838
LONP1,-0.2696145624143566
WAC,-0.2699807204767958
RPS16,-0.26998807350052
ADRM1,-0.2702521582935729
EIF2B5,-0.27025805814663784
SERF2,-0.27037708540390615
OSBP,-0.2710017724653713
PRPF38A,-0.2710980152218057
RNASEH2C,-0.27130703868187744
SNRNP48,-0.27137858942398185
ESPN,-0.27142613660002307
THOC1,-0.2714699506364433
BPTF,-0.27156367436562057
RPL8,-0.2715754047316372
ETV4,-0.2716846414951051
SLC16A5,-0.2717072196265539
RPL7L1,-0.2717897198329235
CYFIP1,-0.27181081672747687
ATP6V0D1,-0.27190038731406113
CSNK1A1,-0.2719219441646993
GRPEL1,-0.27222575291806306
RBM17,-0.27229192980139005
MED8,-0.27238354129864123
RTEL1,-0.27247848475342984
KTI12,-0.27252971223853006
RPL23A,-0.272818319657922
CDK12,-0.2729495157748758
POLR2B,-0.2730008941572699
MED29,-0.2733509593699955
NUP133,-0.27341545690181757
NUP62,-0.2734250892341219
BUD31,-0.273727496656816
DDB1,-0.2738223334599065
GTF2F2,-0.27429531822159114
TLN1,-0.2743428838883295
ORC1,-0.27436227270475977
ADAT3,-0.27443807762790784
ATP5PD,-0.27461429793135333
SNAPC5,-0.2746987898499282
PTPN1,-0.2747257849465917
RPS5,-0.2755803642006901
IMPA2,-0.2757895118125836
MED14,-0.2763170160637927
SETD1A,-0.2765546680754817
SUGP1,-0.2766848458833435
PRELID1,-0.2769062792425418
CSDE1,-0.2769414175100296
RPSA,-0.2770377738521735
C12orf60,-0.27718362648792316
RPLP0,-0.2772523478232158
TRNT1,-0.2773326750425122
MCM3AP,-0.2775037136583514
NFS1,-0.27772596126859384
DONSON,-0.27811648445625803
CPSF3,-0.27834083967575235
SMNDC1,-0.27894654471611835
UBR4,-0.2790556021858645
SP2,-0.27916674448168255
YKT6,-0.27920465998580174
FYN,-0.2795078687820904
CHCHD4,-0.2798506612075085
RANGAP1,-0.2802453160753495
CEP152,-0.28044967195522613
MED18,-0.2806734807085899
DMAP1,-0.281041683313797
RAD17,-0.2810731868385862
ANKRD39,-0.2815001258027769
CCDC86,-0.2816097895032275
WDR92,-0.2818106268676429
CPSF4,-0.2819198454706046
CCDC130,-0.2819424239322449
MRPL18,-0.28228182331478757
GBF1,-0.282392906506414
WDR43,-0.28242473725049944
BRIP1,-0.2826964950223704
RPL35,-0.2827929180630994
SENP6,-0.2828056132472636
TPRKB,-0.28303400241039445
MRPL49,-0.2830588717373
UBAP1,-0.28307960839345564
METAP2,-0.2831379874857605
AURKAIP1,-0.28322689438840365
ILF3,-0.2833987102738934
URM1,-0.28358914530055634
EXOC4,-0.2836101170527149
NUP85,-0.2837268917468757
MAD2L2,-0.2839184395172607
RPL27A,-0.2842265282065675
ANAPC13,-0.28424764128048086
CHTF8,-0.2846795856102755
DYNLRB1,-0.2847720493305377
NSF,-0.28491643988047083
DDX20,-0.2851796093840286
BUB3,-0.28547073616086915
RPS11,-0.28547539383533366
NOP58,-0.285586793019762
GTF2H3,-0.2863385296594079
KANSL1,-0.2869770702151195
PRXL2A,-0.2870597830645028
MAGOH,-0.28733272424097345
TBX1,-0.2873937976919649
INO80,-0.2875981575341334
POLR2K,-0.28769114790906536
MED1,-0.28770631292202536
RPF2,-0.2879287005332585
CDC45,-0.28861005761833214
TUBA3D,-0.2887212705750276
CNOT1,-0.28872850572055925
INTS8,-0.28916474748642096
MRPS33,-0.2893048587607931
SNAPC2,-0.28935354872793917
TBC1D1,-0.2893609826484621
TMX2,-0.2893914503640356
KIF18A,-0.2893984672533061
KANSL3,-0.2895468349540208
COG6,-0.2897570507338496
RPAP1,-0.2898312327681565
RPS18,-0.28999486949200115
ZCRB1,-0.2906147618497302
POLR3H,-0.29071158078948667
PFN1,-0.2907171088474683
NUP107,-0.29089310263987717
RPL32,-0.2909646807878358
GPN3,-0.29098452790939555
PPP6C,-0.2912150048703175
COG2,-0.2912178012580278
GLE1,-0.2922687332221692
INTS11,-0.2927214303874792
RPL13A,-0.2927501933268396
CAPZB,-0.29279565270508984
PSMG2,-0.2928544022717141
UBA1,-0.2931608353832692
RPAIN,-0.2934149682191147
NIP7,-0.29342319789998506
CNOT9,-0.29345767050238564
RPL37,-0.29349560548777465
RRP1,-0.29353782172987075
RPS27A,-0.2935775879546318
SNRNP35,-0.29377538095788414
C19orf25,-0.2940171857819749
CHERP,-0.29422066863680635
MED21,-0.29438087137408997
NOL11,-0.29443800630664835
PPIE,-0.2945867210381205
DSN1,-0.29473317660266474
PPP2CB,-0.29482648528173544
POLL,-0.29525129913655035
USP36,-0.2953237245546549
CALR,-0.2960271674563734
GTF2E2,-0.29608391672582596
ELP2,-0.2962054382460254
OPA1,-0.29671545723200865
PCBP1,-0.29683491439797927
ERCC3,-0.2972799167918641
EEF1G,-0.29754880454342847
HSPA9,-0.2977615109540869
CWF19L2,-0.2980139578346074
EHMT2,-0.2980518030080402
MED11,-0.2983982447045616
RPL26L1,-0.298877935645771
MBIP,-0.29897630318139046
GGPS1,-0.2995676736392004
UQCRFS1,-0.29971388288124684
UNC45A,-0.29972351983622536
RPL12,-0.299789370490829
HSPD1,-0.29979448977233325
BUB1,-0.2998357557246867
WDR5,-0.29987045615888785
CRKL,-0.3003350824652061
RAC1,-0.3003903201201894
MCMBP,-0.3004376635683743
ITGB1BP1,-0.30068599230654947
EIF4A3,-0.3012521114064486
NR2C2AP,-0.30153933070281147
DDX46,-0.3015636007330239
HGS,-0.30163506892737457
SYNGR3,-0.30196883327004675
NUP214,-0.3020997573096035
SPC24,-0.3021681841145103
AKIRIN2,-0.30219006587310754
SIN3A,-0.3022931917914513
EIF3D,-0.30244266332073094
RNGTT,-0.3024875567515809
ATP6V1H,-0.302488820062406
DTL,-0.3031792408908553
CHTF18,-0.30397549454359346
LRP5,-0.30402602334450485
ANAPC11,-0.3048576513513067
PPWD1,-0.3052937451915934
RAD51,-0.3054585824899704
RPS19,-0.30550411979330033
RPS8,-0.3056485169470538
VPS54,-0.30579849498935135
RAB4A,-0.30625378877680737
RPS7,-0.30639133116507905
RPS23,-0.3064166112496079
COASY,-0.3064887685526077
NELFB,-0.306497462482046
RTRAF,-0.30733839758300174
DGCR8,-0.3076266061316471
POLR2H,-0.3077238863482525
OGFOD1,-0.30793721681993025
PYURF,-0.3079872387776329
GIT2,-0.3082999686318536
HINFP,-0.3084456327285335
NOM1,-0.3088038658764095
DDX5,-0.30882362450677714
COG3,-0.30894206468442
ATP6V1B2,-0.309078467253306
RPL7,-0.30909245216357667
NDUFAF5,-0.30909612322728697
SUPT4H1,-0.30911959188390487
NCL,-0.3091336824553003
TTK,-0.3094051476779316
PTPN23,-0.3100714335242938
ATF5,-0.3103331594327317
PDRG1,-0.31033340179293717
ALYREF,-0.31047828366710145
RELL2,-0.31062871208994414
MAU2,-0.31072602136335875
TWISTNB,-0.31080874015618026
HNRNPDL,-0.3108868798599991
COG4,-0.3110793931089136
ZBTB14,-0.31131018738340127
KPNA6,-0.31137646134288693
TSG101,-0.3113774472932592
SLC7A6OS,-0.3114686718066403
CUL7,-0.3115545980749865
RPS15,-0.3123805926928729
RPS17,-0.3129009876013274
FBL,-0.3129630621914779
RPS6,-0.31329924848524865
NAA50,-0.31340534315101287
MRM1,-0.31380656023509595
EXOC1,-0.3138732541975532
ACTR3,-0.3139518020174672
LUC7L3,-0.31422159713394204
GRB2,-0.31455741922702274
CENPW,-0.31466568555909596
GTF2E1,-0.3152515051757442
RPS9,-0.31551521487180334
ZNF787,-0.3161182387611232
CLTC,-0.3161456294266234
HMX3,-0.3164339238249328
NDC1,-0.31644070726915524
TMEM161B,-0.3165409545822259
MFN2,-0.3167280460946657
MAT2A,-0.31690430932294333
MMP17,-0.3171150405309472
KRR1,-0.3172986412639713
CLSPN,-0.3178947529345726
RAE1,-0.3179658853246603
CSE1L,-0.31830215185484795
WDR4,-0.3185772280464249
MTREX,-0.31867754535999077
TIMM10,-0.31877250103184696
UPF3A,-0.3188045249376764
BGLAP,-0.31907915669214637
RPLP1,-0.31944852949431235
NOMO1,-0.31953328886761
TOMM40,-0.3199276293936042
EPRS,-0.32022554489772326
MYCBP,-0.3203329963183701
TADA2A,-0.32112823760545467
DIS3,-0.32188732231595973
NDC80,-0.32191992042396533
CCDC137,-0.32200162255865017
ELP6,-0.3220441551237391
NUFIP1,-0.32213338924567847
NUP88,-0.32251393703257336
NOMO3,-0.3225741136847666
SPC25,-0.3226155652044709
RTTN,-0.3228082719453203
KCMF1,-0.322830753991184
ATP6V1E1,-0.3233982361195953
CHMP7,-0.32368397219791645
ANLN,-0.3237670178798434
NCAPD2,-0.32378718198477807
EXOSC9,-0.32420829373792737
MED9,-0.32434010533093394
SEM1,-0.3250845447491374
ARHGAP6,-0.32539471496260597
TIMM23B,-0.3255855039540375
RPS13,-0.3256670466064618
PHF12,-0.325690328374965
NEDD1,-0.32585148272275516
RPUSD4,-0.3262837991778244
POLE,-0.3263766416271813
TOP1,-0.3265359356787902
CENPJ,-0.326573206980238
RBM14-RBM4,-0.32659436628089356
HYPK,-0.32682391507487063
POLR2G,-0.3271446104571494
GOLT1B,-0.32725957768569125
TIMM44,-0.32768189859833907
AQR,-0.3277755566195044
DESI1,-0.3279683333608493
HOXA3,-0.3281395591949943
PDCD5,-0.32822803321721616
DDX3X,-0.32824034934209445
RARS2,-0.3282459242872001
INPPL1,-0.3283194492413861
ARMC7,-0.3283567443165871
EIF4G2,-0.32848849383368267
NDOR1,-0.3291383764507767
XRN2,-0.33001158508197004
CKAP5,-0.3304130326393818
RPS26,-0.33061711313995146
DDX6,-0.3306877707153589
AURKB,-0.3307913367783263
SFSWAP,-0.33086859784385275
MASTL,-0.3308806517970646
CPSF6,-0.33094161100196456
CAST,-0.33095664591966445
C1orf131,-0.33101560416701054
RPL3,-0.33194014627461976
AP2A1,-0.33211039276221294
PDCD2,-0.33211206286836925
RABGGTA,-0.33229980815902
INTS7,-0.3326232388436711
CPEB1,-0.333032565419095
RPP38,-0.33306914001750015
EIF4G1,-0.3331590972577636
RPS4X,-0.3333093321886712
PTBP1,-0.33350199666507085
PDCD7,-0.33413672549569934
ACTR2,-0.33430162189826806
WBP11,-0.3343962199732546
CDK7,-0.3344377484274652
MOB4,-0.3346992811741593
RPS15A,-0.33501608162321894
EIF1AD,-0.3350550709085205
POLR2C,-0.3354172914430997
MED31,-0.3355023942150534
PLK1,-0.33551039012068484
DLD,-0.335592161265292
RNF8,-0.33588830826633204
POLE2,-0.335954423073748
RPS24,-0.3360274250053657
USP8,-0.3361171610176487
EDC4,-0.3362205880701986
MED19,-0.3363069686813821
TPX2,-0.336385498010599
CHMP6,-0.33675310164930417
CHEK1,-0.3371693566228062
RPS14,-0.3372082171336119
HNRNPL,-0.33731293985570643
POLR2F,-0.337499513298443
LAMB1,-0.33779629129451383
SEC61B,-0.3381577784748478
BMP2K,-0.33824907761139816
IARS2,-0.3386158095458222
RPS20,-0.339095060012217
CHMP3,-0.33910689868088684
ANAPC2,-0.339181408925063
SRSF7,-0.33919970679037814
UTP11,-0.3392236066764623
RRN3,-0.33926745142064685
TERF2,-0.33955719601789636
YJEFN3,-0.33968374040382354
CIAPIN1,-0.33982733783493746
VPS28,-0.34023266051410744
PNO1,-0.34036535900018156
SKA1,-0.3403886401083026
ORC4,-0.3409732829241716
PIGH,-0.3414788859355138
PAM16,-0.3415463756583183
RBM10,-0.3415844803618893
TSR2,-0.3416064512720608
GNPAT,-0.3418016476531674
EXOC5,-0.34188885506265376
NOB1,-0.3419847517789041
GPN2,-0.34221149725115985
UBE2D3,-0.3425177084743525
PMPCA,-0.34282929520727734
RPL18A,-0.3431496181340907
NUDT21,-0.34365380825807734
MYC,-0.34370661009393944
CLASRP,-0.3437216522758415
GNL2,-0.3440033606841557
EXOSC5,-0.34441348401050004
NOL12,-0.34495948490201583
CTNNBL1,-0.34496287134107073
YTHDC1,-0.34518733189149925
MMS19,-0.3457223839791319
ESPL1,-0.34572924402767014
HMGCS1,-0.34594427168116765
TBL3,-0.3460182668273595
ARPC2,-0.34632026151128414
PABPC4,-0.3464587561704445
ERCC2,-0.3467858163147381
LIN54,-0.34741840682835023
CCT3,-0.3479336250020637
ATIC,-0.3480085400604249
TCERG1,-0.34814594574961616
POGLUT3,-0.3483162074259959
POLR1D,-0.3485139132588202
PHB,-0.34879908735203313
ESF1,-0.34897379868253786
MSTO1,-0.3491570064882535
RPS21,-0.3491917960740288
TRIAP1,-0.34923762064354225
HMGA1,-0.34936662032986077
UTP18,-0.34944600155189764
MED20,-0.3496014878407159
PES1,-0.3496307718214988
GTF2H2,-0.3498679064238662
PRELID3B,-0.3502626960096415
PPA1,-0.3504500761090291
SMC4,-0.35052202605207095
PSMG1,-0.35066538772679995
RPP21,-0.3507707120569248
RPL39,-0.35081680342077903
CDC42,-0.35107570223374224
POLA1,-0.35131023096861547
HAUS7,-0.3514806088722324
TUBD1,-0.351586579716366
USP5,-0.35169148932657546
RNPC3,-0.3518619464760364
HSCB,-0.35219060474484487
ZNHIT2,-0.3524947146324149
NAA15,-0.3525348935959453
POLR2E,-0.3531188416899177
PPP1R11,-0.35410171534232554
TUT1,-0.3543076627428969
RPS10,-0.35445720295190775
POLR1A,-0.354667094153968
RCC1,-0.35472089019497777
DKC1,-0.3548027927556092
TMA16,-0.3549569896485116
ZMAT5,-0.3555424031302108
GUK1,-0.3555863551864755
HEATR1,-0.3557055970679037
WDR77,-0.3559628647372505
SRFBP1,-0.356075932046689
CNOT3,-0.35634207525053246
RPS3A,-0.3564960624721402
COPS3,-0.35740164303049304
CARF,-0.3574261412226972
BRCA1,-0.35744729590067864
COPS2,-0.3577345733106601
THOC5,-0.357824346964719
TRAPPC4,-0.3581499872876458
NDUFAB1,-0.3581960357266679
FNBP4,-0.3583052549900117
USP10,-0.3584940899110135
ATP5MD,-0.3585014069439171
SEC62,-0.35852960195473094
RIOK1,-0.3587698086543064
UTP15,-0.35890761651615455
PEX1,-0.3592341800531609
NACA,-0.35975325287678933
GAR1,-0.3598042772944149
RPL26,-0.36032283700120527
RSL24D1,-0.3603300047877698
CPSF1,-0.36040690693566224
TBRG4,-0.36046562810585936
NDUFAF7,-0.3607882088788364
CCT8,-0.36081364415314265
ARRB2,-0.36086988889072324
ABCB7,-0.36104868336332574
LSM10,-0.3617908721995675
DDX59,-0.36212132802826436
BRIX1,-0.3621573479057635
EIF4A1,-0.3624843704082812
NOL9,-0.3627710719651318
PPP1R12A,-0.36319750375592275
BORA,-0.36331207145333566
CCDC84,-0.3637741665153291
THUMPD1,-0.3637893817173234
SYS1,-0.36395145069422663
RPA2,-0.36405415925112683
PRMT1,-0.36449490152052966
COG1,-0.36455902098363896
TICRR,-0.36457841805484464
MAD2L1,-0.3645809545822258
COTL1,-0.3647237754040713
THOC7,-0.3648605068432087
C5orf30,-0.3650629023790264
EXOSC7,-0.3654779547968501
MCM4,-0.3655299783724885
ZDHHC7,-0.36569126479668496
SPAG7,-0.36578357464793393
SNRNP25,-0.36581379273909953
PSMD4,-0.36624852883393055
SDAD1,-0.36637836390351813
PIK3C3,-0.36641022205345797
PIAS4,-0.36648515296098794
LIN52,-0.3667307523402289
NUDC,-0.36709169140347697
NOC2L,-0.36749668785392353
NUP54,-0.3680005055224448
NVL,-0.3686122210298658
CCT4,-0.3687462092420466
DCTN5,-0.3694538198147628
RPS12,-0.3695956593089103
RIOK2,-0.36987865810371306
CDC23,-0.37025774908784725
COPS8,-0.3703145326971652
UTP3,-0.3703168433738918
EXOSC8,-0.3703494061514587
MCEE,-0.3703610982153175
RPS29,-0.37037923560779906
ABCB10,-0.3706122646150798
TAF1A,-0.3707081487840717
DDX21,-0.3719030757293095
ANKRD17,-0.37206246421554867
TMSB10,-0.3722102134684917
EBNA1BP2,-0.3725581047035711
CEBPG,-0.37281059054663124
RRP7A,-0.3728493457265028
MNAT1,-0.373403236532334
HSPE1,-0.3734899512968253
SRA1,-0.3736675696290304
ORC3,-0.37388700335143876
HIPK1,-0.3739513377688992
CNOT2,-0.3741894741708079
DDX47,-0.37430421686945897
KIAA0586,-0.374472204850506
CCND1,-0.3745314417790692
KAT8,-0.37480517013092085
CDT1,-0.3749610985455085
CDCA5,-0.37498841689917606
ORC6,-0.3753112175793697
RPF1,-0.37556707203117007
PTK2,-0.37586118241402644
UBA52,-0.3759255280579815
BIRC5,-0.376087644582391
DDX56,-0.37617362764359175
URB1,-0.37624310841821995
ANAPC10,-0.37625903221013357
NOP10,-0.37662303412524156
CENPH,-0.37690353601558496
GTPBP4,-0.37766355252513584
OSTC,-0.3778955447326278
CENPK,-0.37819576563041724
ANAPC4,-0.37850011127437233
PMF1,-0.3788316167803074
DDX49,-0.3790485143055258
NHP2,-0.37948424691684157
SDR39U1,-0.3797750613329811
CCT7,-0.38008115467798115
RPS2,-0.3802794710339932
ZNHIT6,-0.3805610770830925
CHMP5,-0.3808538208053359
RRS1,-0.38120962242657364
WDR74,-0.3818507615855773
NOP2,-0.3818577352198246
PRIM2,-0.3824276211388289
CCT5,-0.3830846266365092
DDX54,-0.38311586997077807
RAMAC,-0.3831734935860396
EXOSC2,-0.3832029406811841
CHAF1B,-0.38333617803899567
ARL6IP6,-0.38346941341566104
EIF2B1,-0.38351085304848864
ALG13,-0.38353773158772353
WDR26,-0.3838337283518516
ORC5,-0.3841849432896932
BAP1,-0.38442269600964146
ZNHIT1,-0.38446430800217923
WDR55,-0.3850106024335078
ZNF131,-0.3850188307936141
MYBBP1A,-0.3850510574367272
PARN,-0.3856638496970498
HUWE1,-0.385716871109937
RPA1,-0.3858164765316735
CENPI,-0.3859085106734246
CCT6A,-0.3859228152085982
POP7,-0.3865050126298063
BOP1,-0.3865322867378779
PSTK,-0.3872052071123146
GTF2H4,-0.3873024047811659
SPOUT1,-0.38751963844083814
PEX19,-0.38762693368113454
MVD,-0.3878311119182448
POLA2,-0.3879501015337372
TWSG1,-0.38838356771392263
FXN,-0.38846996681580287
COG8,-0.38901652407917975
GNL3L,-0.3890880797741493
HSPA14,-0.38964597447623456
IPO9,-0.3902978359280844
MCM10,-0.3903786538112297
AC118549.1,-0.39040574334252365
KANSL2,-0.39046344818477474
BARD1,-0.3909376705023857
AAMP,-0.39099992405606643
TUBB,-0.3910300909676248
PRIM1,-0.3912493866701888
LETM1,-0.39143710422479416
LTV1,-0.39164668372653594
KIF23,-0.39249886777500775
NMD3,-0.39265215961433697
DCLRE1B,-0.3927475032606362
NSL1,-0.39446100146935
RPS27,-0.39456193822126095
AURKA,-0.39557099932310846
UTP6,-0.39579323900876645
NCAPD3,-0.3958408855723036
MCM7,-0.39618403064172625
MIS18BP1,-0.3962756461012697
COPS4,-0.3964145541595814
LPIN1,-0.39643737167951654
RBMX,-0.39665025243103136
NUBP2,-0.39738090307242746
CASP8AP2,-0.39750298129467887
TTF2,-0.3979902580442787
CCDC115,-0.39814458073995795
PAK1IP1,-0.3985317713097027
COPS5,-0.3990433719106504
BRCA2,-0.3991766521932938
POLR1B,-0.3992848835251193
CENPP,-0.3993285777022006
GFER,-0.399364474748642
IPO11,-0.39961669643889
FBXL14,-0.40017457727295236
ELOB,-0.4003813858116922
POT1,-0.40073413613775577
GABPA,-0.4011419864291491
C19orf53,-0.4014890373280944
RRP12,-0.4015895824734609
DDX24,-0.40174037014412844
VPS13D,-0.4019046923445213
KRI1,-0.4024464889138367
POLR1C,-0.40256629344075534
RPL28,-0.40268702877614704
PPP2CA,-0.40278444932393387
HAUS6,-0.40311362269072654
MEX3A,-0.40324823892621886
UBE3D,-0.4035460032028527
ANAPC5,-0.4035504422908653
TRMT112,-0.4038545581218736
CINP,-0.40424142774595107
NEDD8-MDP1,-0.40427252645655515
RNF31,-0.40433635832329007
MAK16,-0.4045622971388949
CDAN1,-0.4048609109970118
MPHOSPH10,-0.40495203381156003
PALB2,-0.40515745951032656
SPDL1,-0.4054384239982829
RSL1D1,-0.4055991230126628
RPL29,-0.4064030308233312
LRR1,-0.40643210315167333
NOP14,-0.40656895808225046
NOL7,-0.4065797804229747
PI4KA,-0.40664712288058635
POLD1,-0.40674190024929435
PAFAH1B1,-0.40714825114328645
WDR46,-0.40744632910138523
NAA25,-0.4075195965065789
ACD,-0.4077295061993363
NCAPH2,-0.407868604447673
NEDD8,-0.40798797972627177
ABT1,-0.40857214640669637
ATR,-0.40894441696521444
RPS10-NUDT3,-0.40900685344471777
ZCCHC9,-0.4090268359445939
UTP23,-0.40932028924732966
IMP4,-0.40943187003681636
ILF2,-0.40975503590827295
NIFK,-0.4097685730795266
GTF3C4,-0.4098280906704529
CCT2,-0.41031256343794886
BUB1B,-0.4103468960393589
CCDC59,-0.4107556028462466
NOP9,-0.41081814927935806
RBM48,-0.41206662660349014
NOL8,-0.4121610691585082
TIMM22,-0.41229800927836757
NSA2,-0.41265455019728914
PNKP,-0.41290959832262963
NUBP1,-0.4138373756418088
DUT,-0.4139382595631572
SLBP,-0.4140268207558072
GABPB1,-0.4140426695943603
TEX10,-0.41482057288141194
PPAN,-0.4149455026332734
RPP40,-0.4149640276700071
RPA3,-0.41563274966568153
EMG1,-0.4158136349077941
ANAPC1,-0.41609042346997727
ELL,-0.4161675092040745
TIMM9,-0.41659347938782587
IMP3,-0.41661435736573604
ATRIP,-0.4176015651054136
TSR1,-0.4176675993462218
NDUFB10,-0.41769143253372076
SHQ1,-0.4181406666556604
CENPE,-0.4182357484604845
BTF3,-0.41836276964223795
MLLT6,-0.4184412613296793
POLD3,-0.4186162635584685
CDC6,-0.41874533951891174
NOL10,-0.41883785706030935
FCF1,-0.41884527249013553
TOMM20,-0.41889421604398136
PTCD3,-0.4189638031401165
CDC16,-0.4193811744894422
ZNF236,-0.41939362863416485
EXOSC4,-0.41947452081028874
NEPRO,-0.4200049244688052
NAF1,-0.42055491836027137
DIMT1,-0.420856253322547
SUGT1,-0.4213825731785839
NCAPH,-0.42161818890228003
COX11,-0.4216867841046045
AATF,-0.421716208086378
RCL1,-0.4221425309141338
LAS1L,-0.4225467190569744
NOLC1,-0.4230326367403542
C12orf45,-0.42312659589572565
GINS3,-0.4232661590530121
NCAPG,-0.42354483300589396
PPIL2,-0.42411511845602673
DHX33,-0.42439251258853233
DDX10,-0.4246010427432271
PPP2R1A,-0.4247043515873933
ZNF84,-0.42559850885737394
WDR1,-0.42579941325056536
CEBPZ,-0.4258889844975319
EXOC2,-0.425982896105397
DHX37,-0.42601184989516444
PIK3R4,-0.4261539898631357
TTC1,-0.4262006425517162
YEATS2,-0.426350604084463
RRM1,-0.4264551828432747
TIMELESS,-0.4268135233032311
PWP2,-0.4269932660844299
NAA10,-0.4273749972759242
HSPH1,-0.4274871208994403
SDC1,-0.4275792323058889
C18orf21,-0.4278594310808804
SRBD1,-0.42790065873107586
NOP16,-0.42855792111736635
LSG1,-0.4287180373446038
RPS19BP1,-0.4289405517491869
DCTN6,-0.4290230975219165
TNPO3,-0.42919115088078463
PWP1,-0.4296993505142725
HERC1,-0.4297692882732661
HAUS3,-0.4297792441927654
NPM1,-0.43007985075366106
BMS1,-0.4301416288322794
STRAP,-0.4301602063693848
ISG20L2,-0.43018674084958153
FARS2,-0.43062412375559267
KPNB1,-0.43121290122335765
SPATA5L1,-0.4315229902098365
WDR18,-0.43161078007627396
UTP25,-0.4316926456555118
HAUS4,-0.43183123871159457
TAF1C,-0.43263838602631627
USP7,-0.43379554704396506
PCNA,-0.4343831731356591
DNM2,-0.4344186825378481
DR1,-0.4347021597794325
DCTN3,-0.4347608017037856
NLE1,-0.43480690363375196
CDC7,-0.43490713212593485
EMC1,-0.43547761800201423
DCTN4,-0.4357754668075482
DDX27,-0.4357763731818857
RFC1,-0.4357926116458371
NCAPG2,-0.4358138079278862
GFOD2,-0.4377808165623814
RBM28,-0.438374675669875
URB2,-0.4388240088491192
NFYC,-0.43912034736094824
RPL36A,-0.43917707880008594
ACTR10,-0.43927710092288375
NUDCD3,-0.4395725261263641
DDX52,-0.4400401446236647
GNL3,-0.4402604299087021
C1D,-0.44036542437800263
TNRC6A,-0.4408510263987717
TAF1B,-0.4408919344240644
TAF1D,-0.4414622555348269
TIPIN,-0.4414726393818825
MPHOSPH6,-0.44166077627907757
PRC1,-0.4419625239801224
DCTN2,-0.442016487097786
ZNF574,-0.44225541397698576
SASS6,-0.4422982991860793
NFYB,-0.44246786283865225
TUBGCP2,-0.443816931534893
RNPS1,-0.44386003070776453
UTP20,-0.44426510442290856
HDAC3,-0.4446063535355203
MRGBP,-0.4448156616202473
MRPL34,-0.4451915702233743
EXOSC3,-0.44552329398557067
RBBP8,-0.44654410658565985
IPO7,-0.4469615251523007
SMC6,-0.4476242399828301
NOL6,-0.4479471182579123
PNN,-0.4485692952072774
NSMCE2,-0.4486597275924121
RBX1,-0.4488399498109656
AAR2,-0.448998570933285
TUBG1,-0.4495287394957983
TUBGCP3,-0.44955098050222053
WDR3,-0.45050294629443133
SMC5,-0.45066249063082986
RPP30,-0.45098437470076447
GINS2,-0.45201710059269284
TUBGCP4,-0.4524532617919467
TONSL,-0.45258816199171226
WDR12,-0.4532023357712436
CHAF1A,-0.4546993756087897
BANP,-0.4551944726024005
CCNH,-0.4555525528718364
SPATA5,-0.45582399299995047
RFC3,-0.45609410774132836
TOP3A,-0.45679276089217613
POLD2,-0.4570369127140051
DDX55,-0.4574446213534529
RPP14,-0.4590931290551584
EIF6,-0.4593224064321211
DDX51,-0.4641859497119084
DNAJC9,-0.46420545541595815
USP37,-0.4644059170229979
HAUS1,-0.4652456806062306
MBNL1,-0.465602706245563
EXOSC10,-0.46623980122500863
CDC27,-0.46643819517590934
ATP11B,-0.4667872493437454
ZNRD1,-0.4690127466939623
NOC4L,-0.4694860127783923
COPS6,-0.46990349969457335
MCM2,-0.4704271727394297
POP4,-0.47092604579749386
TUBGCP5,-0.47115565138432575
GPS1,-0.4711611153852503
HDAC7,-0.47213848475343
POP5,-0.4749731135361806
MTBP,-0.47661947664724047
PDCD11,-0.47727296495022364
CD3EAP,-0.47744692740750533
WDR36,-0.4774955936008981
TRAIP,-0.477572247775338
SMC2,-0.47770289676577904
CENPN,-0.4792516273464199
RRP9,-0.4792609710917767
JAZF1,-0.4823602932096218
MMS22L,-0.4835456763137475
NOC3L,-0.48391321853692354
ECT2,-0.48502965115319197
RRM2,-0.4854424850175827
CSTF1,-0.48664889864786776
VPS35,-0.4896449043271533
HAUS5,-0.49168496277096296
EXOSC1,-0.4917343666110845
WDHD1,-0.4923671833055422
POLR1E,-0.49327637318188566
SURF6,-0.49383591751828426
RFC5,-0.4954772713014478
TREX2,-0.4960370114411188
MCM5,-0.498613294150666
POP1,-0.49877760314341846
CEP192,-0.5037045899853064
SKA3,-0.5064881075101947
GINS4,-0.506959681695861
PLK4,-0.5100697706823397
GINS1,-0.5112224470456158
GRWD1,-0.5131945148668504
RRP15,-0.51515565270509
HAUS8,-0.5152901223357713
STIL,-0.5170451853197076
CDK1,-0.5183944646778162
TINF2,-0.5203068405672682
MCM3,-0.5212498647867791
MCM6,-0.525394868831619
ZNHIT3,-0.5255172888015717
CUL2,-0.5331630509649833
RAD51C,-0.5427694312459759
RFC4,-0.5438227759158674
RFC2,-0.5439462931105644
