target_gene,mimetic_score,is_ARE
PABPC1,-0.43712206802721076,False
RBM25,-0.3547095510204081,False
PRPF40A,-0.33811232653061235,False
MTOR,-0.3210266122448979,False
PGK1,-0.309984,False
S100A1,-0.2987251156462585,False
HSPA8,-0.28309420408163277,False
CNOT1,-0.2802161632653061,False
HEXIM1,-0.2769876462585035,False
RPS25,-0.27511880272108846,False
C9orf78,-0.27372527891156456,False
PPP2CB,-0.2617381224489796,True
KPNA6,-0.25399053061224497,False
RBM39,-0.2520367891156462,False
DHX36,-0.25091940136054425,False
DICER1,-0.24746677551020405,False
DNMT1,-0.24443700680272107,False
PSMA3,-0.24416130612244888,False
GAPDH,-0.2431225034013605,False
DGCR8,-0.2428489795918367,False
ALDOA,-0.23691461224489802,False
VPS25,-0.23475374149659867,False
CLNS1A,-0.23231303401360545,False
RBBP6,-0.22844092517006792,False
SNRNP70,-0.2283316462585033,False
PRKCA,-0.22658895238095245,False
WDR70,-0.22559771428571435,False
IPO11,-0.22373692517006818,False
PKM,-0.22310606802721097,False
PTPN1,-0.22263912925170068,False
CDC5L,-0.21741561904761902,False
TTC4,-0.2172149115646258,False
MRPL19,-0.21554405442176877,False
DHX29,-0.21522231292517005,False
ZMAT2,-0.21457338775510193,False
ZNF207,-0.21225730612244897,False
TPR,-0.21170525170068025,False
PSMD14,-0.21134019047619046,False
PTPMT1,-0.21053540136054424,False
UBR4,-0.20983934693877548,False
PI4KA,-0.2084748843537416,False
PSMB6,-0.20795722448979598,False
EIF5A,-0.20557376870748298,False
PSMA6,-0.20520631292517003,False
PPIE,-0.20372157823129247,False
PCF11,-0.2034653605442177,False
EIF2S1,-0.20339493877551026,False
SEH1L,-0.20001251700680284,False
PSME1,-0.2000106122448979,True
ARID5B,-0.1999965170068027,False
PCID2,-0.19950672108843542,False
PSMB2,-0.19799912925170077,False
GEMIN4,-0.1979616870748298,False
INTS3,-0.19787080272108848,False
EXOC5,-0.19744979591836734,False
WDR26,-0.1967568979591838,False
FBXO5,-0.19650873469387767,False
POGZ,-0.19391891156462587,False
DHX16,-0.19377676190476195,False
USF2,-0.19291842176870747,False
PSMA1,-0.1928264489795918,False
MED12,-0.1924082721088434,False
PPP1R2,-0.19213420408163273,False
LIN54,-0.19157785034013608,False
PEX19,-0.19156636734693885,False
MRPS18B,-0.19123907482993205,False
NUP133,-0.19113284353741505,False
SNW1,-0.19094737414965984,False
BUD13,-0.19075820408163272,False
U2AF1,-0.19075602721088436,False
SRSF7,-0.18979047619047623,False
C12orf60,-0.1884417959183673,False
MYC,-0.18774791836734697,False
TMX2,-0.187569850340136,False
NXF1,-0.18575858503401355,False
EIF2B3,-0.1849413877551021,False
PSMD11,-0.18418699319727883,False
MARS,-0.1841762176870748,False
POLR3D,-0.1840464761904762,False
WAC,-0.18397648979591844,False
PPP4C,-0.18355450340136045,False
ARGLU1,-0.18234122448979584,False
NUP93,-0.18151248979591839,False
IST1,-0.18117453061224492,False
CYREN,-0.17990639455782315,False
SNRPC,-0.17912576870748298,False
RARS,-0.179009306122449,False
PUM1,-0.17850514285714297,False
TRMT6,-0.17819385034013602,False
HARS,-0.1781025306122449,False
GEMIN6,-0.17799357823129247,False
PSMD1,-0.1779415510204082,False
PSMA4,-0.17634579591836738,False
SFPQ,-0.17627907482993188,False
HMBOX1,-0.17593414965986398,False
MED1,-0.17499874829931972,False
NUF2,-0.1746353197278912,False
TAF6L,-0.1744796734693877,False
MRPS34,-0.1742091972789116,False
KANSL3,-0.17395776870748303,False
RPL5,-0.17389910204081627,False
FAM136A,-0.1738306394557824,False
ILF3,-0.17381485714285716,False
RPL21,-0.17348636734693873,False
RPL10A,-0.1734457687074831,False
TOMM22,-0.17242721088435375,False
TTC1,-0.17194895238095237,False
ERH,-0.171923700680272,False
XRN1,-0.1717063401360545,False
GTF2H2C,-0.17166791836734702,False
TRAPPC8,-0.1715802993197279,False
PAM16,-0.17146993197278915,False
VPS51,-0.1708113197278911,False
GPKOW,-0.17076364625850338,False
CCNL1,-0.1706308571428572,False
SRRM1,-0.17050710204081626,False
HNRNPU,-0.17046421768707493,False
SETDB1,-0.1701824217687074,False
COX15,-0.17001926530612244,False
SMNDC1,-0.16904359183673473,False
EIF2B4,-0.16898296598639456,False
CCNK,-0.16897175510204085,False
EIF3A,-0.16781986394557824,False
USP19,-0.16766987755102028,False
NEDD1,-0.1675948843537415,False
STX5,-0.16684277551020402,False
EIF3D,-0.1668198095238094,False
PSMD8,-0.16631085714285726,False
DDX41,-0.1657558639455782,False
ATL2,-0.16573453061224488,False
SAE1,-0.1654884353741495,False
HSPA9,-0.16538394557823122,False
CBX1,-0.16536707482993193,False
RPL36,-0.16477474829931962,False
MED19,-0.16418525170068024,False
PSMG2,-0.16411885714285712,False
NCBP2,-0.1640478911564625,False
SPC24,-0.163860462585034,False
ACTR6,-0.16375259863945582,False
TRNT1,-0.16375129251700668,False
CHMP4B,-0.16302312925170065,False
RPL10,-0.16296805442176876,False
SRPRB,-0.16271259863945575,False
FYN,-0.16266938775510206,False
ABCE1,-0.16257926530612252,False
TSG101,-0.16237703401360537,False
YPEL1,-0.16176838095238097,False
MRPS27,-0.16041882993197276,False
FTSJ3,-0.1601711020408162,False
TPT1,-0.16007531972789107,False
EIF3I,-0.15934508843537418,False
YEATS4,-0.15918138775510213,False
SOD1,-0.15893268027210888,True
BET1,-0.1588413605442177,False
THOC2,-0.15876212244897958,False
WDR75,-0.1579894965986396,False
PRMT1,-0.15648282993197282,False
HIST2H3A,-0.15442623129251712,False
TOE1,-0.15402078911564626,False
THAP11,-0.1537645714285714,False
EIF4G2,-0.15370329251700676,False
GOLGA6L1,-0.15338285714285718,False
TSSK3,-0.15308136054421767,False
CDC73,-0.15270911564625858,False
EIF3G,-0.15256979591836736,False
GPN1,-0.15249425850340131,False
TADA1,-0.15217164625850335,False
MLST8,-0.15208674829931979,False
RPS5,-0.15166378231292527,False
TSEN54,-0.15160751020408156,False
CDIPT,-0.1514088707482993,False
UHRF1,-0.15122111564625842,False
OGT,-0.15082797278911572,False
RPL12,-0.1506924625850341,False
MED27,-0.15038476190476183,False
ETF1,-0.15026655782312937,False
GRPEL1,-0.14983531972789113,False
MZT1,-0.14973376870748292,False
SEM1,-0.1493690340136054,False
SRRM2,-0.1493346394557823,False
CCNA2,-0.1490985578231293,True
SRRT,-0.14889523809523808,False
BUB1,-0.148823836734694,False
NARS,-0.1484961088435373,False
XPO5,-0.14831597278911568,False
YAE1,-0.1478441360544219,False
UBA2,-0.1477643537414967,False
GLRX3,-0.14752816326530624,False
C16orf86,-0.14739646258503397,False
PSMB3,-0.1472182857142856,False
PSMD6,-0.14690601360544212,False
POLR1A,-0.1454872380952381,False
CTCF,-0.14515330612244892,False
PPIL4,-0.14492201360544216,False
CHMP6,-0.14468266666666668,False
ANKRD39,-0.14448054421768705,False
UBAP1,-0.14395504761904748,False
SIRT7,-0.14386862585034021,False
PGAM1,-0.1437094965986396,False
INTS13,-0.14358356462585029,False
RPS10,-0.14334987755102047,False
RNF40,-0.14273262585034005,False
PSMC5,-0.14253529251700675,False
RNF103,-0.1424250340136055,False
TNNT2,-0.14173148299319727,False
TOR2A,-0.14102280272108847,False
HARS2,-0.14087912925170074,False
NSUN4,-0.14086106122448983,False
WDR25,-0.1408348299319728,False
TEFM,-0.1407951020408162,False
CPSF6,-0.14059385034013602,False
PSMD12,-0.14032642176870755,True
PRPF18,-0.1400978503401362,False
ATXN10,-0.1400285170068027,False
LENG8,-0.1399865034013604,False
PPWD1,-0.13986634013605434,False
LONP1,-0.13984946938775505,False
PSMD7,-0.1398057142857142,False
SNIP1,-0.1396532244897959,False
HPS5,-0.13954187755102052,False
CFDP1,-0.13952239455782328,False
CWC15,-0.13939809523809527,False
SF3B4,-0.13911238095238107,False
PRPF31,-0.13901474829931976,False
TIMM23B,-0.13894726530612253,False
HMGCS1,-0.13893365986394557,False
EIF2B1,-0.13886715646258518,False
XPO1,-0.1387565714285713,False
MAX,-0.13860310204081636,False
FNTA,-0.13815684353741495,False
DONSON,-0.13803352380952388,False
NDUFV2,-0.13758514285714285,False
PTCD3,-0.13748604081632657,False
RPTOR,-0.13737991836734698,False
PSMB5,-0.13650253061224493,False
POLR2K,-0.13643515646258508,False
SCNM1,-0.13590780952380957,False
PSMB7,-0.13552783673469387,False
BTAF1,-0.13505785034013607,False
SETX,-0.13456827210884356,False
MRPL54,-0.1345492244897958,False
MTG2,-0.13423619047619048,False
UBC,-0.13365855782312916,False
DNAAF3,-0.13365300680272102,False
VPS35,-0.13341420408163257,False
HIST1H2BN,-0.13325333333333328,False
POGLUT3,-0.13324702040816336,False
CPNE7,-0.13317779591836723,False
YBX1,-0.13314416326530618,False
PRPF38B,-0.1331070476190477,False
SMG5,-0.13307112925170067,False
GET3,-0.13303140136054414,False
SPC25,-0.13275439455782315,False
STRAP,-0.13256783673469388,False
GNPAT,-0.13255673469387746,False
C14orf178,-0.13254214965986383,False
GEMIN5,-0.13235123809523813,False
EIF5,-0.13191629931972795,False
UBQLN4,-0.13176000000000007,False
CLSPN,-0.13165485714285707,False
TGS1,-0.1315447619047619,False
INTS8,-0.13119281632653057,False
ZWINT,-0.13115972789115654,False
DARS,-0.13114220408163257,False
STX18,-0.1309145034013606,False
KIN,-0.130380299319728,False
ATP5F1C,-0.13005725170068036,False
GAB2,-0.12970906122448983,False
SF3A2,-0.12968827210884357,False
ACTR1A,-0.1296429931972789,False
NOM1,-0.12921872108843546,False
RTF1,-0.12887749659863953,False
SNRNP40,-0.12833991836734682,False
CACTIN,-0.1281559727891157,False
RAN,-0.12780669387755106,False
NSL1,-0.12760903401360546,False
EIF3B,-0.12754274829931964,False
XRCC3,-0.12718051700680277,False
DDX17,-0.12693213605442183,False
PHAX,-0.12684092517006804,False
CDC42,-0.12616707482993195,False
SNRNP35,-0.12585665306122443,False
MAD2L2,-0.12553915646258518,False
PSMA7,-0.12483210884353747,False
RNF20,-0.1235254421768708,False
CRLS1,-0.12335020408163266,False
CSDE1,-0.12294922448979591,False
CARS,-0.1228180680272108,False
MAD2L1,-0.1218258503401361,False
HMGCR,-0.1214023401360543,False
RRP12,-0.12120195918367348,False
ADAM10,-0.12111804081632654,False
PFDN5,-0.12048761904761891,False
SLC2A8,-0.12029180952380951,True
SMC3,-0.11984457142857158,False
AARS2,-0.11971189115646245,False
KCMF1,-0.11917757823129245,False
CUL7,-0.11917376870748297,False
NUDCD3,-0.11901322448979586,False
C7orf26,-0.11873251700680268,False
SP2,-0.11853975510204076,False
RBM42,-0.11841208163265318,False
SPAG7,-0.11838530612244899,False
AARS,-0.11823401360544221,False
PRKRA,-0.11780538775510202,False
SCFD1,-0.11773746938775521,False
ACTR8,-0.11741551020408161,False
MIOS,-0.1173724081632652,False
RPS26,-0.11736522448979596,False
NDUFB3,-0.11736337414965997,False
ANAPC4,-0.11733757823129251,False
PSMC1,-0.11732582312925183,False
CAPZB,-0.11724702040816326,False
ZCCHC9,-0.11715047619047617,False
DNAJA1,-0.11646182312925167,False
PABPC4,-0.11612429931972792,False
SLC39A10,-0.11603765986394553,False
FOXS1,-0.11590748299319728,False
DHX30,-0.11584783673469397,False
CDC40,-0.11559183673469378,False
MED14,-0.11507755102040808,False
CT45A5,-0.11490242176870752,False
HCFC1,-0.11450405442176873,False
PSMA5,-0.11436429931972796,False
RPE,-0.11383074829931969,False
E4F1,-0.11363646258503401,False
ACSS2,-0.11363243537414965,False
AP2S1,-0.11351085714285727,False
RPL7,-0.11347896598639448,False
ELP3,-0.11341877551020402,False
FXN,-0.11323591836734694,False
RSL24D1,-0.11323080272108843,False
CENPE,-0.113180081632653,False
PRELID1,-0.11281991836734699,False
PHF10,-0.11234971428571432,False
RPL35A,-0.11224946938775505,False
SRSF2,-0.11224533333333332,False
CPNE1,-0.11220821768707474,False
MEF2A,-0.11131580952380941,False
LSM7,-0.11120620408163273,False
RPL17,-0.11106960544217687,False
COX7C,-0.11086269387755102,False
ATP6AP2,-0.11019711564625842,False
SDE2,-0.11006372789115651,False
MIS18A,-0.1099468843537414,False
SRSF3,-0.10985175510204073,False
SNRNP200,-0.10967934693877551,False
MTHFD1,-0.10963178231292528,False
MED4,-0.10920990476190472,False
DYNC1H1,-0.10913447619047614,False
INTS5,-0.1090671020408163,False
PYROXD1,-0.10889567346938772,False
PSME2,-0.10878378231292507,False
TTC27,-0.10873273469387766,False
FKBP9,-0.10860146938775506,False
RPL18,-0.10850470748299308,False
MRPS35,-0.10847989115646259,False
FAM102B,-0.10837126530612243,False
EIF1AX,-0.1083552653061225,False
DBR1,-0.10834492517006811,False
FARSB,-0.1083256598639457,False
H2AFZ,-0.10816740136054431,False
KDM2A,-0.10811221768707474,False
KEAP1,-0.10774073469387742,True
MEPCE,-0.10770220408163275,False
FASTKD5,-0.10747820408163285,False
WARS,-0.10734541496598624,False
HECTD1,-0.10732016326530605,False
DNAJC8,-0.10648968707483,False
POLR1D,-0.10618895238095241,False
UBL5,-0.10607053061224485,False
RBM17,-0.10595112925170064,False
AHCTF1,-0.10585099319727886,False
BCR,-0.1055682176870748,False
THOC5,-0.10548712925170059,False
IMP3,-0.10543760544217688,False
MRPL1,-0.10527989115646269,False
DTYMK,-0.10522351020408169,False
RPL19,-0.10516647619047634,False
NCAPH2,-0.10497806802721098,False
EIF3F,-0.10494127891156468,False
PSMC4,-0.10485159183673469,False
TIMELESS,-0.10481621768707472,False
GRB2,-0.10466536054421771,False
SNAPC1,-0.10442775510204083,False
RPL13,-0.10378002721088446,False
EIF6,-0.10372397278911563,False
CHD4,-0.10367346938775507,False
ZC3H8,-0.10363711564625845,False
SNRPD1,-0.10348669387755091,False
VHL,-0.10323907482993205,False
EXOSC9,-0.10307450340136068,False
NUP153,-0.10296968707482998,False
EIF3E,-0.10286900680272104,False
POP7,-0.10286715646258507,False
ZNF335,-0.10285344217687079,False
INCENP,-0.10284680272108837,False
NOP56,-0.10280609523809524,False
LSM5,-0.10272576870748297,False
UBR5,-0.1027019319727892,False
RNF14,-0.10249578231292523,False
SART3,-0.10213382312925169,False
DHX15,-0.1020997006802721,False
AKIRIN2,-0.10209730612244894,False
RPRD1B,-0.10200457142857153,False
BMS1,-0.10190911564625847,False
BPTF,-0.10131493877551027,False
TNRC6A,-0.10113893877551008,False
SNAPC3,-0.10077768707482984,False
UTP20,-0.10063989115646255,False
EIF3CL,-0.10057121088435368,False
SCAF1,-0.10027646258503395,False
HIRA,-0.10006835374149659,False
MAK16,-0.0999965170068027,False
URM1,-0.09985099319727886,False
PIK3C3,-0.09979167346938775,False
PTBP1,-0.09966606802721092,False
ZNF718,-0.09946448979591825,False
SIN3A,-0.09943945578231286,False
CHMP3,-0.0994357551020408,False
NFKBIE,-0.09922906122448985,False
ZMAT5,-0.09908832653061213,False
SNRPA,-0.09904478911564625,False
UQCRB,-0.09900832653061224,False
DCTN5,-0.09884190476190477,False
VPS37A,-0.09882263945578224,False
SCAP,-0.09880740136054425,False
CYC1,-0.09870106122448966,False
PPP1R37,-0.0986772244897959,False
MIS12,-0.09861463945578236,False
AASDHPPT,-0.09852538775510206,False
SLU7,-0.09838367346938778,False
CHMP5,-0.09814530612244905,False
DDX20,-0.09793131972789114,False
CWC25,-0.0978971428571429,False
ELOB,-0.09782802721088425,False
ZBTB4,-0.09776043537414963,True
PAFAH1B1,-0.09761752380952383,False
SRSF11,-0.09740016326530604,False
PRDM4,-0.09730895238095243,False
ERCC2,-0.0972084897959184,False
NDUFAF7,-0.0971850884353742,False
PSMC2,-0.09706546938775511,False
NPM3,-0.0965280000000001,False
VPS29,-0.09603918367346934,False
TMEM242,-0.09582019047619053,False
QARS,-0.0957312653061225,False
LCE1E,-0.0955353469387755,False
COQ4,-0.09542955102040827,False
EIF2S3,-0.09532582312925172,False
ANKRD11,-0.0950939863945578,False
WEE1,-0.0946689523809523,False
ATP6V0B,-0.09464957823129257,False
DDX56,-0.09430606802721098,False
TOP2A,-0.09404843537414959,False
TBCC,-0.09404506122448968,False
SMG6,-0.09388201360544231,False
ELP2,-0.09375684353741495,False
ZC3H13,-0.09355842176870752,False
SHOC2,-0.09332473469387748,False
SAP30BP,-0.09332353741496606,False
CLASRP,-0.09306857142857147,False
RCC1,-0.09284604081632652,False
GLE1,-0.0927551564625851,False
MRPL24,-0.09273948299319745,False
AURKA,-0.09273131972789116,False
HGS,-0.09262193197278912,False
MPHOSPH10,-0.0926123537414966,False
PNO1,-0.09246693877551028,False
WDR12,-0.09241088435374145,False
TTK,-0.09206497959183668,False
CDK12,-0.09152979591836723,False
VARS,-0.0914606802721088,False
GNPNAT1,-0.09137131972789107,False
DOHH,-0.0913477006802722,False
FBLIM1,-0.09132495238095248,False
BCS1L,-0.09126650340136049,False
TMEM214,-0.09125540136054416,False
CNIH4,-0.09122111564625854,False
DYNC1I2,-0.09057175510204095,False
OPA1,-0.09043308843537422,False
NOP16,-0.0902706938775511,False
GTF3C1,-0.09022193197278902,False
SRP68,-0.09020005442176875,False
SRP19,-0.08997648979591832,False
GINS2,-0.08991782312925167,False
ZNHIT2,-0.08945980952380955,False
NPAT,-0.08944838095238083,False
NUTF2,-0.08936772789115639,False
IARS2,-0.08928838095238098,False
TFB1M,-0.08917202721088438,False
PDCD6IP,-0.08908125170068036,False
PLRG1,-0.08902998639455764,False
CRNKL1,-0.08902987755102035,False
ZFC3H1,-0.08900560544217681,False
CWC22,-0.08882568707482985,False
PSMB1,-0.08877322448979581,False
MBIP,-0.08851619047619055,False
RBM19,-0.08831074829931977,False
UXT,-0.08828865306122462,False
INTS14,-0.08818775510204079,False
YPEL5,-0.08810666666666667,False
SRCAP,-0.0878090884353741,False
NUP62,-0.08743967346938766,False
THOC3,-0.08709137414965995,False
DNAJC17,-0.08703945578231298,False
TRAPPC11,-0.08692310204081628,False
ICE1,-0.08691918367346953,False
TWSG1,-0.08675668027210891,False
SERPINB1,-0.08669115646258496,False
LZTR1,-0.08662628571428566,False
WDR74,-0.0865428027210885,False
PMF1,-0.08647259863945583,False
MTCP1,-0.08646160544217689,False
YARS,-0.0863750748299319,False
EPS8L1,-0.08634655782312932,False
LSM2,-0.08584272108843538,False
ZNF292,-0.08580810884353746,False
RPL6,-0.0857643537414966,False
ARL4D,-0.08537327891156456,False
SMU1,-0.08536478911564627,False
SERF2,-0.08530644897959178,False
GTF2E2,-0.08526214965986395,False
LMO2,-0.08491711564625855,False
COPE,-0.08485572789115643,False
DCUN1D5,-0.08478476190476192,False
PSMD2,-0.08443276190476193,False
RAC1,-0.08435461224489794,False
LAMTOR4,-0.08432468027210895,False
XRCC5,-0.08425850340136053,False
THOC7,-0.08425295238095247,False
WDR77,-0.08420571428571441,False
ZNF407,-0.08419515646258516,False
SLC1A5,-0.08397431292517016,False
SYMPK,-0.08394993197278901,False
TAF5,-0.08367477551020398,False
SSBP1,-0.08356985034013613,False
CTDP1,-0.08356810884353742,False
MRPS23,-0.08355591836734697,False
FDPS,-0.08335814965986398,False
FOXO1,-0.08327912925170064,False
IK,-0.0831915102040815,False
WTAP,-0.08314448979591835,False
NDUFA2,-0.082866612244898,False
CNOT2,-0.0827983673469388,False
TUFM,-0.08278481632653067,False
ADAT2,-0.08265632653061225,False
LSM4,-0.08264413605442189,False
CENPK,-0.08240228571428576,False
MRPL36,-0.08215662585034006,False
TMED10,-0.08179330612244895,False
PHF5A,-0.08118400000000006,False
ZNHIT1,-0.0809013333333333,False
RPL4,-0.08074982312925172,False
ARCN1,-0.08068168707482982,False
MCM2,-0.08055891156462583,False
POLR3C,-0.08055804081632668,False
PCM1,-0.08054247619047632,False
YRDC,-0.08052609523809535,False
ENO1,-0.08044244897959184,False
MIS18BP1,-0.08020517006802723,False
FDXR,-0.08017186394557835,True
MCM3AP,-0.0801611972789116,False
GTF2H4,-0.08009491156462588,False
FGFR1OP,-0.0799418775510205,False
DKC1,-0.07992130612244894,False
XAB2,-0.07984968707482995,False
SSU72,-0.07981779591836738,False
TRMT5,-0.07973496598639446,False
SLC35G2,-0.07951477551020403,False
SRP54,-0.07933496598639457,False
TXNL4A,-0.07930895238095244,False
H3F3A,-0.0792247074829932,False
RPL34,-0.07915831292517012,False
HUS1,-0.07871444897959187,False
NFATC2IP,-0.0785509659863946,False
GET1,-0.07846421768707493,False
HMGB3,-0.07840848979591829,False
KRTAP4-7,-0.0783902040816328,False
CDC16,-0.0782143129251702,False
PAXBP1,-0.07817044897959192,False
ELAC2,-0.0781642448979592,False
MRPL27,-0.07815368707482995,False
PFDN2,-0.07790900680272109,False
SMG1,-0.07790312925170063,False
RNF113A,-0.07745621768707475,False
METAP1,-0.0772433197278912,False
HNRNPR,-0.07723972789115661,False
ZNF253,-0.07721088435374154,False
MOK,-0.0771798639455781,False
CENPC,-0.0770308571428571,False
CEBPG,-0.07695423129251712,False
SKA1,-0.07691428571428573,False
AIFM1,-0.07671281632653054,False
NDOR1,-0.07660386394557811,False
NUMA1,-0.07650644897959188,False
DDX21,-0.076467700680272,False
USP5,-0.07642557823129256,False
INTS12,-0.07627776870748297,False
EIF4A1,-0.07608729251700684,False
GPN2,-0.07595744217687066,False
NUDT15,-0.07571907482993204,False
CSE1L,-0.07551270748299327,False
RBBP5,-0.07511183673469392,False
DHX33,-0.07499363265306114,False
PCBP1,-0.0749811156462587,False
RPL27A,-0.07496946938775509,False
CIAPIN1,-0.074821768707483,False
RPL9,-0.07470846258503391,False
PRRC2A,-0.07467112925170077,False
CDT1,-0.07451874829931965,False
METTL14,-0.07449099319727892,False
MRPL4,-0.0744431020408162,False
TSEN2,-0.074383238095238,False
ACTR1B,-0.07433186394557831,True
ZNF674,-0.07432696598639449,False
INTS11,-0.07428157823129254,False
ZNF559,-0.07419395918367352,False
RBM48,-0.0741695782312926,False
UBE2N,-0.07395091156462576,False
DCTN2,-0.07339646258503406,False
SNAPC5,-0.07291940136054431,False
EIF3M,-0.07287053061224495,False
VPS54,-0.07278911564625856,False
HJURP,-0.07257534693877564,False
MED20,-0.07251820408163268,False
EIF1,-0.07250100680272112,False
ZBTB14,-0.07245278911564622,False
TADA2B,-0.07235570068027218,False
KIF18B,-0.07231564625850348,False
RPL26L1,-0.07217219047619053,False
RCOR1,-0.07214291156462589,False
RPL27,-0.07214236734693882,False
MFAP1,-0.07192751020408157,False
SF3B5,-0.0718521904761905,False
MVK,-0.07182770068027218,False
PAF1,-0.07178568707482981,False
ARMC7,-0.07149921088435367,False
POLR3B,-0.07127129251700681,False
GNL3L,-0.07121556462585037,False
PLEKHN1,-0.0706307482993197,False
RBMX2,-0.0705926530612246,False
BANP,-0.07056217687074832,False
PRIM1,-0.07031619047619034,False
DDX1,-0.07025785034013607,False
MTREX,-0.07020484353741495,False
METTL3,-0.07011853061224496,False
TAMM41,-0.07006868027210875,False
SRBD1,-0.0699899863945578,False
GTF2F2,-0.06965834013605428,False
KTI12,-0.0696150204081632,False
LRRC37B,-0.06952914285714276,False
POLR3K,-0.06951357823129241,False
AHCY,-0.06930046258503395,False
ESF1,-0.06924255782312924,False
NOP14,-0.06911401360544228,False
PIK3R4,-0.0689677278911564,False
RTTN,-0.06894356462585034,False
VPS28,-0.06890938775510212,False
TARS,-0.06883036734693866,False
SMN2,-0.06860462585034006,False
ACTB,-0.06857393197278912,False
PPP4R2,-0.06834590476190476,False
PRDM8,-0.06801295238095231,False
EIF2B2,-0.06799706122448988,False
GEMIN8,-0.0678441360544218,False
SLC25A3,-0.06782682993197273,False
PSMD3,-0.06768359183673467,True
MED16,-0.06754797278911565,False
CHTF8,-0.06746459863945586,False
CCT8,-0.06723374149659868,False
IPO9,-0.06716658503401363,False
NDUFB4,-0.06711412244897967,False
JMJD6,-0.06706448979591847,False
SUPT16H,-0.06697055782312922,False
THAP1,-0.06679684353741489,False
PYURF,-0.06671771428571435,False
SF3B3,-0.0667070476190476,False
RTCB,-0.06665980952380965,False
CRKL,-0.06662291156462587,False
RAE1,-0.06656402721088431,False
RBBP4,-0.06653746938775522,False
TPRKB,-0.06635733333333338,False
RBM8A,-0.06629921088435366,False
THRAP3,-0.06624446258503407,False
WDR83OS,-0.06599782312925175,False
TOMM40,-0.06595493877551022,False
BRD4,-0.06563112925170073,False
SENP6,-0.06553306122448983,False
RCCD1,-0.06546644897959195,False
SAMM50,-0.06546568707482989,False
AAR2,-0.06531510204081642,False
RSRC2,-0.06530579591836722,False
TUBGCP2,-0.06528370068027205,False
DROSHA,-0.06515134693877543,False
HSCB,-0.06485268027210883,False
UBA52,-0.06484331972789109,False
PCBP2,-0.06482405442176864,False
RTRAF,-0.06479706122448979,False
SPDYE2,-0.06469409523809527,False
NOMO1,-0.06468451700680286,False
MCM7,-0.06444658503401358,False
TNPO3,-0.06436625850340144,False
CCDC115,-0.06434644897959171,False
NUP98,-0.06432827210884352,False
SETD1A,-0.06431063945578239,False
POLE,-0.0641197278911565,False
ZBTB44,-0.06372016326530616,False
IPO13,-0.06357572789115656,False
RPS15A,-0.06353082993197283,False
MED11,-0.06351357823129261,False
DDX18,-0.06349050340136059,False
NUDT21,-0.06324419047619054,False
SNRPD3,-0.06313806802721084,False
SNRPB,-0.06274982312925183,False
GOSR2,-0.06269257142857147,False
THG1L,-0.06260506122448985,False
NUP205,-0.06255662585034005,False
SMARCE1,-0.06251482993197278,False
NDUFB7,-0.06247706122448976,False
RBM22,-0.06238258503401365,False
RPS29,-0.06231902040816327,False
ERCC3,-0.062274612244897956,False
RAC3,-0.06208195918367335,False
TAZ,-0.06195787755102043,False
OSBP,-0.0619502585034014,False
ARHGAP11B,-0.06145044897959183,False
ATP6V1G1,-0.0614088707482993,False
RPS3A,-0.061396789115646236,False
SNAPC2,-0.06139145578231276,False
GTF3C4,-0.06137262585033999,False
ALG1L,-0.06129599999999991,False
LARS,-0.06129589115646252,False
RPS18,-0.06128239455782314,False
TP53RK,-0.060895836734693884,False
UBE2I,-0.06088239455782324,False
TIMM13,-0.06053670748299317,False
SF3A3,-0.06049970068027209,False
HSPH1,-0.06037703401360536,False
DDX23,-0.06036702040816329,False
WBP1,-0.060308625850340254,False
DTL,-0.05921665306122439,False
EXOSC2,-0.05920609523809523,False
RPUSD3,-0.05883700680272117,False
LSM6,-0.05879717006802738,False
CCDC137,-0.05858285714285708,False
BRF1,-0.05854247619047612,False
UBA1,-0.05843570068027215,False
MED7,-0.058386993197279045,False
MPG,-0.058384217687074844,False
BARD1,-0.05828582312925168,False
MCM10,-0.05827102040816337,False
ABCF1,-0.05816457142857138,False
SNRNP48,-0.0580066394557823,False
CYP2A13,-0.05796647619047621,False
TBCB,-0.05795287074829934,False
POLR2M,-0.057930231292517106,False
ANKLE2,-0.0577093877551019,False
HAMP,-0.057677061224489755,False
SGPP1,-0.05759341496598635,False
KDM8,-0.05750770068027217,False
ZC3H18,-0.05738176870748284,False
CA5A,-0.05723221768707486,False
KRI1,-0.057030639455782406,False
MRPS21,-0.05698133333333327,False
CCT6A,-0.05684081632653065,False
SMARCB1,-0.056837442176870645,False
OLFML3,-0.05678693877551019,False
VPS13D,-0.05678421768707485,False
RPL14,-0.056661006802721084,False
DPAGT1,-0.05665959183673465,False
PELP1,-0.05657904761904761,False
UBE3C,-0.05642187755102048,False
BORA,-0.05637431292517005,False
ORC6,-0.056168489795918444,False
MSRB1,-0.05602895238095225,False
PPP6C,-0.05595395918367348,False
HIST2H2AA3,-0.05590737414965988,False
SF3B2,-0.05584108843537417,False
THOC1,-0.05574917006802716,False
DYNLL2,-0.055484408163265365,False
AURKAIP1,-0.055393959183673416,False
PARS2,-0.05531809523809519,False
ATP6V1D,-0.05521882993197287,False
U2SURP,-0.055215673469387654,False
TIPIN,-0.05506906122448979,False
URI1,-0.05505610884353726,False
SMC2,-0.05477115646258514,False
CDC7,-0.05474644897959194,False
ERVW-1,-0.05469344217687072,False
HTATSF1,-0.05460212244897952,False
BUD31,-0.054601578231292455,False
ZNF284,-0.05459624489795907,False
EFTUD2,-0.054582965986394685,False
OR4F4,-0.05454214965986393,False
TRAPPC5,-0.05450448979591851,False
SLC25A10,-0.054425904761904634,False
POLG2,-0.05437202721088438,False
ANAPC10,-0.05436419047619056,False
ZBTB17,-0.054313904761904785,False
SPTLC1,-0.054231292517006764,False
KARS,-0.05417665306122445,False
COG2,-0.05377175510204085,False
TEN1,-0.05376130612244898,False
SNRNP27,-0.053707210884353734,False
PPP1R10,-0.05355929251700675,False
POLRMT,-0.05342693877551023,False
SDHD,-0.05321110204081633,False
TAF1,-0.05304446258503397,False
SRSF10,-0.05303923809523819,False
RPS14,-0.05257806802721088,False
FARSA,-0.05253659863945577,False
SBDS,-0.052484680272108696,False
SART1,-0.05231619047619045,False
EXOSC6,-0.052250231292516915,False
FOLR3,-0.05222051700680272,False
TRAPPC1,-0.05215401360544222,False
GUCD1,-0.05215140136054418,False
NHLRC2,-0.052093714285714354,False
POLD3,-0.051889523809523753,False
WBP11,-0.0518606802721089,False
ELP5,-0.0518140952380952,False
MRPL49,-0.05180462585034018,False
SPCS2,-0.051778938775510215,False
SH3KBP1,-0.051733115646258376,False
PRODH,-0.05171994557823127,False
PSMC6,-0.05134748299319741,False
TBP,-0.05134628571428558,False
WDR54,-0.05128859863945587,False
RBM12,-0.051286965986394664,False
LURAP1,-0.05127684353741496,False
TUBGCP4,-0.05120544217687066,False
PMPCB,-0.05119248979591835,False
ACTR3,-0.05114340136054421,False
PSAT1,-0.05109931972789096,False
TCOF1,-0.05109485714285723,False
POLR3E,-0.05093017687074836,False
HIST2H2BF,-0.050918857142857245,False
POLR2E,-0.05077910204081626,False
RPL7L1,-0.0506986666666666,False
DNM1L,-0.05055346938775516,False
EIF2S2,-0.0504050068027211,False
USP36,-0.05040359183673479,False
MCM3,-0.0502008163265306,False
ATP6AP1,-0.049991836734693894,False
RPL30,-0.04992555102040808,False
NKAP,-0.0499020408163265,False
TBC1D3,-0.04986819047619044,False
RPP21,-0.04958410884353746,False
TBC1D28,-0.04952500680272102,False
CENPH,-0.049391074829931936,False
POLR2I,-0.04938470748299317,False
CDC6,-0.0491735510204082,False
TBC1D1,-0.049125115646258516,False
CCT4,-0.04908375510204081,False
NAE1,-0.04903695238095243,False
SARNP,-0.048997224489795814,False
RPS8,-0.04893420408163261,False
SPTSSA,-0.048903727891156656,False
SNF8,-0.0486737414965986,False
YTHDC1,-0.0485045986394558,False
RPL24,-0.048462040816326456,False
COX10,-0.04838040816326539,False
PREB,-0.048124952380952477,False
CENPJ,-0.0481110204081633,False
CHCHD1,-0.048038530612244876,False
MED9,-0.04803091156462573,False
HSPA5,-0.04794721088435368,False
MBTPS2,-0.047891047619047666,False
LRRC37A3,-0.047839129251700696,False
NDUFS3,-0.04769545578231295,False
TBPL1,-0.047662693877551024,False
MRPL3,-0.047542857142857144,False
H2AFX,-0.04745697959183661,False
LSM3,-0.047456544217687247,False
ZNF143,-0.04741921088435369,False
FAM72D,-0.047180190476190396,False
UCHL5,-0.046992000000000034,False
POLD2,-0.046931591836734676,False
NKAPD1,-0.046809904761904705,False
PHB,-0.04670432653061227,False
PRC1,-0.04670051700680258,False
RBM4,-0.04662933333333328,False
EDC4,-0.04661812244897956,False
NSF,-0.0465077551020407,False
ZC3H3,-0.046458666666666565,False
ISCU,-0.04633425850340136,False
DDOST,-0.046326748299319605,False
PPP2R3C,-0.0459553741496599,False
CHMP2A,-0.04590040816326541,False
NOL11,-0.04585534693877551,False
MRPL21,-0.04582693877551022,False
EIF3H,-0.04576555102040812,False
MYSM1,-0.04574563265306123,False
UTP15,-0.04558019047619051,False
TIMM9,-0.045317877551020395,False
LAMB1,-0.04513687074829931,False
HDAC3,-0.044979156462585004,False
DIS3,-0.04489795918367351,False
ATP6V1E1,-0.044889142857142836,False
NBAS,-0.044886258503401354,False
PRPF4,-0.04486563265306114,False
PRORP,-0.04475722448979587,False
KAT8,-0.04472816326530614,False
EIF4G1,-0.0443634285714286,False
HUWE1,-0.04436299319727903,False
HIST1H2BL,-0.04435091156462585,False
BRIX1,-0.04411755102040811,False
DHX8,-0.04405975510204091,False
EXOSC8,-0.04398704761904758,False
EWSR1,-0.04379526530612243,False
RCL1,-0.04376838095238096,False
RFFL,-0.04366541496598636,False
CNOT9,-0.043656054421768724,False
CENPT,-0.04360805442176872,False
RPS27A,-0.043606095238095235,False
BCAS2,-0.0435949931972789,False
ELP4,-0.04333387755102043,False
DNTTIP2,-0.043078748299319694,False
TOP3A,-0.04304000000000004,False
IARS,-0.04301834013605445,False
CLK2,-0.04300244897959181,False
NDC80,-0.042982965986394575,False
HIST2H2AC,-0.042838857142857165,False
YKT6,-0.04258862585034014,False
MED22,-0.04256293877551018,False
MRPL13,-0.04242470748299321,False
SMAGP,-0.0422954013605442,False
PITRM1,-0.04221137414965987,False
TBL3,-0.04208729251700684,False
PPP1R11,-0.04205670748299317,False
ACTR5,-0.041896598639455725,False
REV3L,-0.041861877551020416,False
BNIP1,-0.04176282993197279,False
UQCC2,-0.04159314285714291,False
ALG14,-0.0414887619047619,False
NAA50,-0.041453931972789085,False
ANLN,-0.041410394557823124,False
RPA2,-0.04137610884353749,False
RPS13,-0.04125300680272109,False
ACOT12,-0.04118595918367355,False
MED10,-0.041103129251700635,False
GTF2H3,-0.0410839727891158,False
SRP72,-0.04097937414965989,False
RPL11,-0.04094998639455776,False
MCM5,-0.040923863945578245,False
CDC37,-0.04089393197278904,False
REXO2,-0.04085453061224481,False
CENPP,-0.040842666666666624,False
HYPK,-0.04075091156462586,False
OGFOD1,-0.040612462585033995,False
ZNF574,-0.04049730612244892,False
UPF3A,-0.04039053061224486,False
BDP1,-0.040273741496598604,False
ARPC4,-0.040250448979591916,False
RPSA,-0.040220952380952496,False
NOMO3,-0.040101986394557754,False
RPL18A,-0.04007412244897953,False
PABPN1,-0.04005659863945579,False
SF1,-0.03996974149659862,False
UQCRH,-0.03992772789115656,False
HNRNPH1,-0.03977610884353739,False
TMEM161B,-0.03976261224489779,False
RFT1,-0.03975281632653059,False
ESPL1,-0.039666176870748415,False
OSGEP,-0.039586176870748335,False
RAB4A,-0.03957104761904766,False
NCAPD2,-0.03955276190476195,False
DDX5,-0.039524244897959165,False
TARS2,-0.039505197278911504,False
CLOCK,-0.039501387755102146,False
HSPE1,-0.03941910204081629,False
RPL36AL,-0.039374040816326616,False
PDCD11,-0.0392746666666666,False
CAMLG,-0.039263020408163096,False
INO80D,-0.03926236734693874,False
NAA38,-0.039075265306122514,False
SEC62,-0.03897121088435368,False
RPL32,-0.038940081632653056,False
CAP1,-0.0389326802721087,False
INTS2,-0.038856925170067974,False
DHX37,-0.03881088435374146,False
TFIP11,-0.0386970340136054,False
SPRTN,-0.03866764625850327,False
RPL26,-0.03839782312925173,False
CIAO1,-0.038372897959183735,False
DDX27,-0.0382356462585034,False
CCNC,-0.038102639455782315,False
INTS1,-0.0380780408163265,False
MOB4,-0.037990639455782266,False
SON,-0.037916625850340224,False
POLD1,-0.03780342857142843,False
SERBP1,-0.03770165986394547,False
CNOT3,-0.03759814965986391,False
POLA1,-0.03758726530612247,False
MRTO4,-0.03755134693877553,False
RINT1,-0.03751575510204088,False
MED30,-0.03740353741496594,False
GAR1,-0.037392870748299264,False
PSMC3,-0.03724821768707479,False
EBNA1BP2,-0.037074612244897956,False
COPB2,-0.037052299319728005,False
POLR3F,-0.03690144217687089,False
GNL3,-0.03674100680272116,False
EPRS,-0.03663945578231297,False
HAUS3,-0.036568489795918355,False
WDR33,-0.03641055782312927,False
RABGGTA,-0.03622661224489794,False
SLC25A42,-0.03616315646258507,False
MYBBP1A,-0.036096000000000024,False
GNB1L,-0.03598193197278909,False
RBM10,-0.035877551020408065,False
MEX3A,-0.03579689795918364,False
PUF60,-0.03576185034013615,False
TMEM127,-0.035442829931972876,False
DNM2,-0.03538187755102033,False
DCTN6,-0.03529077551020414,False
UTP18,-0.03523646258503411,False
WDR4,-0.03514394557823127,False
NOC2L,-0.035075047619047735,False
COX11,-0.0350039727891156,False
CASC3,-0.0348663945578232,False
FNBP4,-0.034857360544217744,False
BANF1,-0.0347799727891157,False
SEC61G,-0.034625306122449025,False
ESYT1,-0.03454693877551014,False
ARGFX,-0.03450351020408166,False
PPIH,-0.03420799999999996,False
PPP1R15B,-0.034206367346938764,False
SOD2,-0.03418035374149664,True
MCM6,-0.03412995918367347,False
DDX19B,-0.03398889795918367,False
ATIC,-0.033894965986394535,False
ZDHHC7,-0.033876571428571436,False
ZNF830,-0.03362253061224495,False
VPS72,-0.03356560544217686,False
GART,-0.033509551020408146,False
RPS6,-0.03336228571428572,False
CDC27,-0.0333428027210885,False
HNRNPC,-0.03301975510204086,False
RBM14-RBM4,-0.03292168707482986,False
PGD,-0.03288576870748303,True
SNUPN,-0.03282220408163266,False
SNRPG,-0.03243798639455781,False
NKX6-1,-0.03218285714285719,False
GFM1,-0.03216707482993204,False
KAT7,-0.03215858503401375,False
PSMD9,-0.03204473469387761,False
ZNF687,-0.032030911564625834,False
RPL23,-0.032002503401360544,False
MDN1,-0.0319535238095238,False
PPIL2,-0.031881578231292534,False
NIP7,-0.031816054421768686,False
VPS18,-0.031703183673469276,False
CDCA5,-0.03167912925170073,False
GTF3C3,-0.03148473469387764,False
DLD,-0.03146742857142859,False
PCNX3,-0.031389387755101986,False
ACTL6A,-0.03134378231292525,False
DMRTA2,-0.031308462585034016,False
CEP152,-0.03128914285714293,False
CYP4F11,-0.031126312925169933,False
OSTC,-0.031019102040816288,False
EXOC8,-0.030978068027210974,False
UTP23,-0.030973278911564664,False
PDCD2,-0.03090557823129244,False
MEMO1,-0.030739482993197245,False
BUD23,-0.030702585034013574,False
SEC13,-0.03065034013605452,False
WDR7,-0.030617251700680206,False
BCL2L1,-0.03049404081632654,False
SP1,-0.030416761904761787,False
PPP1R12A,-0.030220952380952376,False
DRG1,-0.03006563265306135,False
AATF,-0.029889959183673515,False
SYS1,-0.02987504761904762,False
MED28,-0.029869931972789233,False
ISY1,-0.02980799999999996,False
TTF2,-0.029763918367346924,False
WDHD1,-0.02953110204081625,False
NUP160,-0.029428462585034038,False
CMTR1,-0.02924963265306142,False
NCAPG,-0.029084843537415042,False
SETD5,-0.02907678911564622,False
GRWD1,-0.02906764625850337,False
HDAC7,-0.028997333333333312,False
TUBGCP6,-0.028940734693877413,True
EIF4H,-0.028654258503401486,False
BOD1L1,-0.02837518367346929,False
PRELID3B,-0.028367673469387754,False
ITGB1BP1,-0.02834089795918366,False
FASN,-0.028323591836734812,False
NFYC,-0.028246639455782332,False
COG1,-0.028161088435374182,False
DDX47,-0.02815629931972788,False
RPAP3,-0.028063346938775584,False
TXN,-0.027817142857142815,True
MRPS9,-0.02766900680272104,False
ATP6V1C1,-0.027617088435374283,False
RFC4,-0.02753099319727896,False
MBTPS1,-0.027413659863945623,False
METTL16,-0.027377632653061305,False
PNN,-0.0272050068027211,False
SASS6,-0.02719281632653063,False
NFYB,-0.027123265306122524,False
SNRPA1,-0.026981551020408057,False
E2F6,-0.02690372789115645,False
MRPS24,-0.026865850340135927,False
COX6C,-0.02655248979591831,False
NOS1AP,-0.02645170068027198,False
ABCG1,-0.026323374149659816,False
PPP1CA,-0.02609915646258513,False
WDFY3,-0.02607053061224493,False
EIF2B5,-0.025927510204081565,False
WDR24,-0.025688054421768802,False
TANGO6,-0.025675972789115625,False
LARS2,-0.025409959183673447,False
RPL29,-0.025283591836734662,False
MRPS2,-0.025236027210884332,False
COX7B,-0.02522949659863953,False
RAB4B,-0.025201414965986414,False
TRA2B,-0.024936816326530657,False
TOPBP1,-0.024915591836734738,False
UQCRFS1,-0.024865306122448957,False
PC,-0.02484059863945565,False
RPL35,-0.024833088435374212,False
METTL23,-0.024801414965986413,False
RPAP1,-0.024748625850340093,False
OR2A1,-0.024582857142857087,False
MED8,-0.02451374149659865,False
OIP5,-0.02450906122448983,False
NDUFS5,-0.024450721088435344,False
SF3B1,-0.02437964625850332,False
PFDN6,-0.024341986394557792,False
ZNF84,-0.024207129251700613,False
RPP38,-0.024164571428571494,False
YJEFN3,-0.024113197278911577,False
CCNB1,-0.02407989115646259,False
CDC123,-0.0240115374149659,False
EXOSC5,-0.023971918367346995,False
ANAPC5,-0.0238224761904762,False
RABGGTB,-0.02377208163265313,False
PWP1,-0.023749333333333303,False
CDCA8,-0.023581605442176808,False
CMPK1,-0.023541115646258652,False
CARF,-0.023468843537415,False
NDUFA4,-0.023446530612245053,False
UXS1,-0.023280217687074868,False
HS6ST1,-0.023139156462585166,False
ATP6V1A,-0.023132408163265165,False
CLTC,-0.02284462585034011,False
C1QBP,-0.022755591836734777,False
ARL6IP6,-0.02275319727891152,False
UTP11,-0.022640108843537433,False
ADSL,-0.02263434013605438,False
EMC7,-0.022618884353741403,False
PDRG1,-0.022574802721088374,False
TAF1D,-0.022518312925170064,False
CCT7,-0.02228168707482993,False
MANF,-0.022277115646258498,False
POLR1C,-0.02222802721088426,False
YARS2,-0.022120163265305956,False
GSPT1,-0.02200870748299307,False
RPAP2,-0.021904326530612257,False
MRPL46,-0.0217859047619048,False
OR4N2,-0.021731482993197278,False
GTF3C2,-0.021588897959183673,False
COPS2,-0.021480489795918406,False
HAUS6,-0.021380136054421753,False
TBCA,-0.021318312925169967,False
KLHL17,-0.021311129251700596,True
C6orf15,-0.021186938775510193,False
SUPT20H,-0.02114274829931964,False
MTBP,-0.021140680272108886,False
TUBE1,-0.020943129251700675,False
COPS5,-0.020796843537414886,False
MRPS10,-0.020695619047619192,False
DDB1,-0.020587428571428507,False
PPP1R8,-0.020451918367346972,False
RRM2,-0.020430367346938774,False
BRF2,-0.02018144217687077,False
RPL23A,-0.020102204081632644,False
GTF2F1,-0.019999891156462613,False
RPIA,-0.01995907482993197,False
EXOSC4,-0.019813115646258456,False
CENPI,-0.019734639455782285,False
MRPS30,-0.0196598639455784,False
CPEB1,-0.019617197278911563,False
OR1D2,-0.019605659863945663,False
CSNK2B,-0.019577034013605485,False
DCLRE1B,-0.01957583673469386,False
INTS10,-0.019433469387755024,False
RSL1D1,-0.019243537414965983,False
PES1,-0.019207727891156434,False
TUT1,-0.01910682993197281,False
NOB1,-0.019097251700680398,False
TINF2,-0.01884691156462577,False
COPZ1,-0.018751782312925,False
MCRS1,-0.018715428571428598,False
PRPF8,-0.018709986394557718,False
CPOX,-0.018491102040816318,False
PNISR,-0.018482394557823138,False
HCRTR1,-0.01845736054421785,False
SNRPE,-0.018383129251700717,False
GGPS1,-0.018317823129251752,False
MRPL23,-0.018315972789115648,False
AQR,-0.018174040816326405,False
TMEM199,-0.017877333333333287,False
RPL15,-0.01779047619047623,False
SRSF1,-0.017481469387755036,False
DCTN4,-0.01738089795918371,False
ELP6,-0.0173460680272108,False
POLR2L,-0.01727934693877542,False
MALSU1,-0.017258448979591775,False
NUFIP1,-0.01714655782312932,False
SLC35G6,-0.017087564625850274,False
FAF2,-0.017038367346938837,False
TIGD1,-0.01699765986394549,False
NUP85,-0.016975564625850426,False
SAMD4B,-0.01690666666666657,False
TELO2,-0.016870421768707452,False
PRMT5,-0.016812843537414926,False
MRPS18A,-0.01677975510204082,False
PSTK,-0.016575455782312926,False
AFG3L2,-0.01653050340136064,False
URB1,-0.01640304761904761,False
TTI1,-0.016355591836734882,False
CBLL1,-0.01631564625850327,False
AAAS,-0.016180353741496428,False
WDR43,-0.016115047619047668,False
COPS3,-0.016014585034013724,False
INTS7,-0.015958530612244892,False
UNCX,-0.015842938775510268,False
IGBP1,-0.015801795918367237,False
ZNHIT6,-0.01574029931972784,False
CEP97,-0.015454040816326491,False
COPS8,-0.015359346938775602,False
RBBP8,-0.01531058503401364,False
NUBP2,-0.015259863945578198,False
USP37,-0.015230149659863988,False
STAT5B,-0.015206639455782302,False
N6AMT1,-0.015121741496598614,False
DYNLRB1,-0.015055455782312904,False
SNX15,-0.014900353741496758,False
CCT5,-0.014790639455782364,False
GTF3C6,-0.014626285714285668,False
TWF1,-0.014239673469387773,False
PRPF3,-0.01422182312925184,False
NPLOC4,-0.014201469387755163,False
SACM1L,-0.014056380952380904,False
OTX1,-0.013831510204081549,False
PKMYT1,-0.013754231292517006,False
BTF3,-0.013662149659863954,False
SLC35A4,-0.013611972789115679,False
NSMCE1,-0.013579537414966023,False
ARPC1B,-0.013465904761904887,False
DBF4,-0.013438149659864056,False
NFRKB,-0.01341017687074823,False
RPLP0,-0.013275428571428556,False
ZNF100,-0.013189006802721163,False
MED18,-0.01318040816326517,False
RANGAP1,-0.013133278911564725,False
NOL12,-0.01309191836734691,False
TMEM240,-0.013073306122448933,False
SLC25A26,-0.013064163265305975,False
EFR3A,-0.012860952380952327,False
COX5B,-0.012773986394557874,False
TPX2,-0.012765061224489699,False
DRAP1,-0.0124929523809524,False
LAMTOR2,-0.012490557823129137,False
TUBGCP3,-0.012430149659863984,False
TLN1,-0.012425197278911546,False
MAP2K7,-0.012360707482993172,False
THUMPD1,-0.012355156462585004,False
TFDP1,-0.011903673469387702,False
RPS10-NUDT3,-0.01178601360544218,False
RPS3,-0.011761632653061155,False
PTPN23,-0.011630367346938758,False
CHCHD4,-0.011589115646258662,False
NOC3L,-0.011570938775510159,False
EIF3J,-0.011472326530612191,False
ESPN,-0.011425632653061207,False
INPPL1,-0.01137806802721087,False
SYNGR3,-0.011329197278911518,False
MVD,-0.011268680272108866,False
EXOC4,-0.011266394557823092,False
HSF1,-0.011169741496598624,False
FIP1L1,-0.010729469387755042,False
OR4K1,-0.01072848979591841,False
CCDC130,-0.010644136054421792,False
HHEX,-0.010558585034013544,False
TAF7,-0.010434503401360526,False
TKT,-0.010346993197278886,False
NDUFA11,-0.010258829931972802,False
HMGB1,-0.010191782312925037,False
METTL21A,-0.01010536054421765,False
TCP1,-0.010058340136054278,False
CPSF3,-0.010047020408163167,False
ARFRP1,-0.009867863945578367,False
MCMBP,-0.009832598639455792,False
CCNQ,-0.00975619047619049,False
EIF4A3,-0.00968598639455781,False
UBA3,-0.009611646258503394,False
DPH3,-0.009553632653061401,False
CD3EAP,-0.009522612244897963,False
NRF1,-0.009451428571428541,False
RNF31,-0.009421115646258527,False
CCDC78,-0.009388952380952317,False
HYOU1,-0.009113142857142832,False
RFC1,-0.008777795918367332,False
ATP6V1B2,-0.008767238095238078,False
RPS20,-0.008700299319727905,False
CTPS1,-0.008602884353741371,False
CAST,-0.008447673469387726,False
TFAM,-0.008426231292517124,False
MFN2,-0.008106666666666776,False
LRP5,-0.008069333333333324,False
COPB1,-0.00805692517006807,False
RPS24,-0.007886911564625926,False
PPP1R7,-0.007851646258503334,True
OR1E2,-0.007778721088435225,False
STXBP4,-0.0077000272108842735,False
CHMP1A,-0.007696979591836864,False
KANSL2,-0.007668897959183657,False
ELL,-0.007633959183673461,False
RAMAC,-0.007534149659863973,False
GTF3A,-0.0071184761904762115,False
CAD,-0.0071070476190476,False
GSDMA,-0.007043374149659928,False
ERAL1,-0.007004571428571527,False
MRPL42,-0.006980353741496633,False
SNRPD2,-0.0068569251700680706,False
PDAP1,-0.006819700680272114,False
FBXL14,-0.006807727891156551,False
EMC4,-0.006787265306122461,False
POLR3A,-0.006671564625850338,False
ECD,-0.006628136054421857,False
SAP130,-0.006375401360544285,False
TULP1,-0.006285605442176892,False
IMPA2,-0.006224979591836748,False
PXN,-0.006114285714285718,False
RELL2,-0.005993360544217702,False
ZNF506,-0.005960925170068056,False
HOXC10,-0.005720163265306166,False
UQCRC2,-0.005702204081632538,False
NSMCE2,-0.005603156462585121,False
ACTR2,-0.005592489795918365,False
BRIP1,-0.005556136054421949,False
RPUSD4,-0.005535346938775498,False
MRPL37,-0.005518312925169966,False
RPS27,-0.004999401360544185,False
KIAA1143,-0.0049559727891157045,False
DHPS,-0.004832000000000076,False
BTF3L4,-0.004686911564625917,False
NUP107,-0.004559673469387779,False
TSR2,-0.004437768707483025,False
GARS,-0.004360816326530556,False
RPS12,-0.0043558095238095534,False
LETM1,-0.004183183673469357,False
CDC45,-0.004181333333333481,False
GINS3,-0.003830748299319696,False
NBEAL1,-0.00355428571428576,False
TRAIP,-0.0035186938775509935,False
TAF1C,-0.0035088979591835906,False
CTBP2,-0.0033055782312924366,False
HLA-C,-0.003243863945578268,False
INTS4,-0.0032155646258503635,False
ENY2,-0.0031521088435373795,False
SETD2,-0.0029843809523809883,False
VPS37C,-0.0029522721088435233,False
GLMN,-0.002772353741496668,False
CCP110,-0.0027681088435374188,False
HAUS5,-0.002742312925170076,False
WDR18,-0.0026886530612243997,False
TBX1,-0.0026589387755101,False
LRR1,-0.002499156462585028,False
MRPL18,-0.002479999999999878,False
BOP1,-0.0022737414965987024,False
FOXD4,-0.0019177142857143559,False
MRPS16,-0.0018870204081632008,False
OR7A10,-0.0018616598639456371,False
CYS1,-0.0017677278911563954,False
MMGT1,-0.0016608435374148266,False
CENPA,-0.0016096870748299168,False
TSR1,-0.0014367346938776449,False
KIF23,-0.001361306122448988,False
LAMTOR1,-0.0012612789115648143,False
COQ5,-0.0011572244897958758,False
NOL7,-0.0010495782312925639,False
YBX3,-0.000982530612244903,False
SDR39U1,-0.0009525986394558067,False
ZNF676,-0.000929632653061091,False
DPY19L4,-0.0007382857142858301,False
RPS19,-0.0005864489795917582,False
PRPF38A,-0.00048816326530609633,False
EMC3,-0.0004364625850340059,False
SEC61A1,-0.0004177414965986295,False
C1D,-0.00038051700680267336,False
TREX2,-0.00035047619047617884,False
C17orf58,-0.00034634013605453623,False
UTP25,-0.00033317006802724425,True
HIST1H2BM,-0.00022976870748284833,False
POLR3H,-0.00021474829931976283,False
GOLT1B,-0.00019102040816318736,False
NLE1,-0.00013355102040815692,False
SUGT1,-0.00011319727891158371,False
C19orf25,-9.959183673469846e-05,False
MED21,-4.821768707479607e-05,False
SNAPC4,2.1115646258534904e-05,False
CKAP5,0.00034546938775509295,False
STRIP1,0.0005369251700679464,False
PRPF19,0.000671455782313049,False
OVCA2,0.0007960816326530382,False
TEAD3,0.0009577142857144019,False
YY1,0.0011124897959184782,False
NDC1,0.001259863945578192,False
CCND1,0.0013971156462585232,False
MYB,0.0014210612244897804,False
MRM1,0.0015877006802720375,False
RFC5,0.00162557823129246,False
DNLZ,0.0017400816326530594,False
RRS1,0.0018734149659863225,False
TUBG1,0.0019315374149659198,False
LUC7L3,0.001945687074829977,False
URB2,0.002423727891156576,False
EEF2,0.002444462585034071,False
RPS4X,0.00263967346938776,False
RPLP1,0.0026956190476189884,False
SMC4,0.002814911564625794,False
C1QTNF4,0.002834938775510193,False
NUP214,0.002881197278911507,False
TAF3,0.002918965986394531,False
AQP7,0.002974476190476187,False
ASCC3,0.002998312925170138,False
KLF7,0.0030093061224489848,False
TUBB,0.00321839455782319,False
ZNHIT3,0.003283591836734767,False
SUPT5H,0.0033112380952380997,False
STAG2,0.0036108843537415464,False
DHDDS,0.003722557823129219,False
BCLAF1,0.0038470748299319103,False
HIST2H2BE,0.003907700680271955,False
SPATA5L1,0.004259918367346932,False
RACK1,0.004331102040816458,False
KIF14,0.004406857142857289,False
CABIN1,0.0044953469387754505,False
CEP68,0.00488500680272097,False
MRPL53,0.0048938231292517485,False
COPS6,0.004905034013605369,False
TUBA1C,0.005184979591836704,False
RPL39,0.005202394557823148,False
PSMG1,0.005354448979591794,False
TRAPPC4,0.005492897959183653,False
RPL31,0.0058763537414965455,False
SYF2,0.005938721088435406,False
KXD1,0.005953632653061189,False
RRP15,0.0062472925170068,False
LIMS1,0.006358965986394573,False
RBMXL1,0.0063979319727890255,False
LTBP4,0.00662721088435376,False
EARS2,0.006706503401360531,False
MED24,0.006845278911564674,False
SMG9,0.006850068027210984,False
RPL3,0.006854857142857093,False
STAT5A,0.006913197278911582,False
PGPEP1,0.007039782312925041,False
HIST1H2BE,0.007242666666666633,False
UBE2L3,0.007245170068027176,False
RPP40,0.007257469387755039,False
TICRR,0.007294911564625875,False
ZNF24,0.007307755102040911,False
ABHD17A,0.007329741496598789,False
POP1,0.007332680272108802,False
AC118549.1,0.007413115646258545,False
PMPCA,0.007483428571428519,False
TWNK,0.007693605442176963,False
POLR2F,0.008094585034013599,False
ISG20L2,0.008128870748299342,False
UTP6,0.008329360544217651,False
CS,0.008590693877551119,False
SARS,0.008591564625850463,False
MRPL43,0.008640326530612114,False
LSM11,0.008712816326530547,False
ANKS6,0.008847074829931911,False
RNPC3,0.008882612244897926,False
SRA1,0.008889469387755006,False
BAG6,0.008898068027210784,False
ARPC2,0.0089860136054421,False
ZNF236,0.009224054421768643,False
DDX52,0.00927205442176876,False
DDX19A,0.009309551020408147,False
MYCBP,0.009328326530612163,False
NPM1,0.009450775510204096,False
RPL38,0.009479074829931988,True
KDM1A,0.009617197278911563,False
ARMC6,0.009623945578231357,False
TBCE,0.00996908843537406,False
SKA3,0.01021344217687084,False
RAD21,0.010229442176870778,False
RPS21,0.010232925170068075,False
SMG8,0.010237823129251566,False
CDK1,0.010399020408163262,False
TOP1,0.01041948299319712,False
SRFBP1,0.010429278911564734,False
FARS2,0.01043134693877551,False
TERF1,0.010511346938775389,False
CCNH,0.010539102040816317,False
COG3,0.010549551020408193,False
EMG1,0.010766149659863944,False
CSTF3,0.010834938775510193,False
MRPS14,0.011058285714285528,False
SAP18,0.011072870748299254,False
TRAPPC3,0.011193469387754989,False
MRPL17,0.011368163265305958,False
NAGLU,0.01145186394557823,True
DERL2,0.011464054421768689,False
TAF8,0.011685224489795962,False
KATNB1,0.01179733333333341,False
PFDN1,0.011844244897959287,False
SUPT4H1,0.011861877551020528,False
USP7,0.011909768707482934,False
PTGR2,0.012018176870748201,False
ATP5F1B,0.012027428571428755,False
INTS6,0.012170231292517042,False
DDX46,0.012200054421768747,False
DHFR,0.012275809523809585,False
NUS1,0.012281034013605469,False
TFB2M,0.012285714285714285,False
ANAPC11,0.012385251700680347,False
EXOSC10,0.012442448979591847,False
MTRNR2L1,0.012638367346938635,False
USP10,0.012648925170067896,False
TWISTNB,0.012664163265306186,False
YEATS2,0.012815782312925149,False
NCL,0.012857469387755144,False
BUB1B,0.01294138775510209,False
GPS1,0.012995591836734821,False
MED17,0.013026612244897942,False
KIF11,0.013050122448979528,False
LIN52,0.013077333333333288,False
SLC39A9,0.013148299319727809,False
WDR3,0.013284353741496613,False
SLC7A5,0.013305578231292643,False
GJA3,0.013335945578231312,False
SUPT6H,0.013348353741496562,False
POP5,0.013351074829932003,False
ARHGAP6,0.013479074829931992,False
NDUFAB1,0.013586068027210838,False
PIAS1,0.013605986394557741,False
TIMM10,0.013777741496598592,False
GTF2A2,0.01395461224489783,False
RFC3,0.013957877551020334,False
METTL1,0.014061170068027111,False
MBNL1,0.014159455782312896,False
CDC20,0.01421823129251695,True
CCT3,0.0143087891156463,False
RNASEH2C,0.014424163265306145,False
EXOSC3,0.014444734693877609,False
CHCHD3,0.014451700680271982,False
TOX4,0.01466438095238097,False
TONSL,0.014717333333333436,True
UBE2H,0.014757768707482952,False
PPIL1,0.014904163265306018,False
SF3A1,0.014984816326530669,False
C7orf50,0.01501823129251695,False
PSMG3,0.01514546938775519,False
KPNB1,0.015214367346938831,False
TFPT,0.015331918367346847,False
COX5A,0.015398312925170052,False
CLPB,0.015615238095238081,False
RNPS1,0.01573300680272098,False
PPP2CA,0.015816707482993145,False
GTF2B,0.01587014965986392,False
FNTB,0.01596048979591838,False
NDUFA8,0.01598933333333324,False
MRPS25,0.016049741496598498,False
FAM32A,0.016055292517006665,False
CHAF1B,0.016163156462584954,False
ACD,0.016263619047619027,False
TOMM20,0.016364462585034087,False
RMI1,0.016489034013605436,False
GFER,0.01649240816326525,False
KIAA0586,0.016605605442176916,False
VEZT,0.01660985034013616,False
MMS19,0.016626938775510018,False
GTF2H1,0.016635972789115577,False
ANKRD17,0.01676897959183677,False
DHX9,0.016787047619047472,False
SRP9,0.01681676190476179,False
NASP,0.017222530612244942,False
MEN1,0.017498775510204102,False
USP8,0.017596734693877597,False
RPL8,0.017970612244897974,False
SPATA5,0.01814247619047611,False
MARS2,0.018171646258503357,False
DPH2,0.018378557823129398,False
EEFSEC,0.018391727891156603,False
DSN1,0.018665687074829893,False
OTOP1,0.01882372789115657,False
UNC50,0.018947918367346987,False
SLC35B1,0.0190024489795918,False
ATP5MF,0.01908016326530612,False
PRIM2,0.019148517006802597,False
MED26,0.019198040816326513,False
MED29,0.019236027210884334,False
RPS15,0.019274231292517034,False
LCN10,0.019305687074829932,False
ACTR10,0.01932076190476198,False
PTMA,0.019618503401360697,False
MRPS26,0.019715374149660056,False
RNF4,0.020060190476190475,False
CHERP,0.020063020408163303,False
SSBP3,0.020130285714285854,False
LTBP3,0.02027319727891154,False
CYCS,0.020294095238095278,False
POLR2A,0.020394122448979556,False
SDC1,0.020508190476190485,False
PHB2,0.02073502040816322,False
NRDE2,0.020782965986394474,False
CMTR2,0.020955102040816354,False
PHF12,0.02100865306122453,False
C18orf21,0.021124027210884168,False
CPSF2,0.021286421768707594,False
ATF5,0.02141028571428573,False
WDR55,0.02154993197278922,False
CCDC144NL,0.021553850340136186,False
GTF2H2,0.021768816326530528,False
CENPN,0.021851646258503443,False
RNF168,0.02188310204081645,False
RBX1,0.02188865306122452,False
EXOC7,0.02194808163265302,False
RPS23,0.022302149659863893,False
CCDC84,0.022329142857142867,False
RPL37A,0.022415673469387748,False
ANAPC1,0.022540299319727945,False
SUMO2,0.023048380952381042,False
LAMTOR3,0.023140789115646168,False
ADAT3,0.023152108843537487,False
GAK,0.023278585034013463,False
ZMYM4,0.023605278911564633,False
ARL2,0.02369246258503388,False
NUB1,0.023723863945578134,False
RPF2,0.0237924353741496,False
IFITM3,0.02400163265306141,False
CXXC1,0.024144326530612305,False
GON4L,0.02417480272108847,False
XRCC2,0.02420375510204072,False
PNPT1,0.024206367346938765,False
DDX3X,0.024236190476190467,False
TPI1,0.02431891156462578,False
CTU2,0.02457404081632652,False
GMPS,0.025068081632652943,False
PIGH,0.025091809523809412,False
TSPYL5,0.025112054421768698,False
MNAT1,0.025406476190476264,False
RNGTT,0.025416054421768683,False
ESYT2,0.025763482993197147,False
PPA2,0.025775020408163256,False
RAD51C,0.02590846258503402,False
MED31,0.02597790476190473,False
MRPL32,0.026169469387755086,False
SEPHS2,0.0262156190476189,False
CHTOP,0.026223455782312836,False
ZBTB11,0.02638084353741496,False
PPRC1,0.02650982312925168,False
VCP,0.026553360544217662,False
PSMA2,0.026657414965986392,False
CFL1,0.02681295238095232,False
PALB2,0.026826340136054415,False
EIF1AD,0.026837986394557915,False
ZNRD1,0.02686454421768701,False
NCOA4,0.026989278911564697,False
CSNK1A1,0.027244843537414902,False
TEX10,0.027310258503401366,False
DDX59,0.02738351020408154,False
EEF1B2,0.02740038095238083,False
DCTN3,0.027426503401360547,False
HSD17B10,0.027459374149659876,False
GCOM1,0.027741605442176763,False
PRPF6,0.027789823129251764,False
PDCD5,0.027873306122449034,False
BRCA1,0.02801055782312916,False
GPN3,0.02809219047619034,False
TRIM49C,0.028596571428571357,False
PEX1,0.028601904761904943,False
CDK7,0.028633578231292527,False
CHEK1,0.028646421768707554,True
TUBA3D,0.028855292517006775,False
NEMF,0.028864653061224505,False
RPP30,0.028980789115646194,False
TIMM44,0.029003102040816364,False
MRPL39,0.029378721088435228,False
PPARGC1B,0.02950998639455782,False
KLHL11,0.029538176870748323,False
DDX6,0.029549170068027264,False
GTF2E1,0.02955591836734696,False
OR2T29,0.029584108843537356,False
NOP2,0.029662911564625916,False
PDPK1,0.029684136054421828,False
NMD3,0.029945034013605515,False
TBCD,0.030046040816326523,False
MRPL34,0.030073142857142895,False
HIPK1,0.03015902040816322,False
NDUFB8,0.03026786394557816,False
PRPF4B,0.03037278911564624,False
CHORDC1,0.030412734693877536,False
PLA2G10,0.0305758911564626,False
ZNF133,0.03062051700680271,False
TXNL4B,0.030865632653061144,False
NDUFA6,0.0312531156462586,False
OR7A17,0.031364027210884216,False
CHTF18,0.031501496598639545,True
KRT8,0.03157507482993201,False
SEC16A,0.03183608163265307,False
NARS2,0.03195379591836744,False
NOLC1,0.03235297959183684,False
MCM4,0.03239542857142847,False
EEF1G,0.03239989115646251,False
SCD,0.03248870748299315,False
CCDC174,0.0325028571428571,False
NDUFB10,0.03251548299319735,False
RAD51,0.0325212517006803,False
NAA30,0.03257545578231283,False
MRPL15,0.03264250340136049,False
DYNLL1,0.03264261224489788,False
HAUS8,0.03285986394557829,False
RAD9A,0.03335521088435385,False
ZRANB2,0.03347330612244904,False
RPS9,0.03353131972789114,False
TAF10,0.03373551020408174,False
METAP2,0.033744979591836866,False
DDN,0.03382737414966,False
PWP2,0.03392968707482995,False
MRPL10,0.03404560544217684,False
POLR2G,0.0341543401360543,False
BRCA2,0.03436560544217687,False
TBRG4,0.03460288435374158,False
NOL10,0.03461387755102041,False
ARIH1,0.034829605442177,False
MED6,0.0350157278911566,False
RPS28,0.03509855782312921,False
XRCC6,0.03571809523809518,False
PPY,0.03577273469387769,False
PNKP,0.036362122448979683,False
ANAPC13,0.0363867210884353,False
PPME1,0.03659341496598645,False
HBS1L,0.03667689795918351,False
HSPD1,0.03680821768707496,False
NDUFB6,0.03705219047619051,False
POU3F1,0.03728087074829933,False
RBMX,0.03729926530612242,False
SMC6,0.03733910204081642,False
POU5F1B,0.037759564625850395,False
AGBL5,0.037992598639455755,False
ATP11B,0.03836114285714283,False
RPL37,0.03839782312925174,False
NSRP1,0.038747755102040746,False
NFS1,0.03882808163265312,False
CMC4,0.03889382312925175,False
ARID3A,0.03926258503401353,False
STIL,0.03931744217687083,False
CD2BP2,0.039530013605442116,False
CNN2,0.03953708843537419,False
HINFP,0.039798312925170054,False
CEBPZ,0.039900408163265316,False
RAB6A,0.04003221768707486,False
INTS9,0.040038530612244876,False
CUL2,0.040119401360544316,False
ATP6V0C,0.04033589115646255,False
TUBA1B,0.040358530612245,False
MST1,0.04049970068027199,False
NCAPG2,0.040778448979591805,False
OXA1L,0.04081741496598635,False
SDAD1,0.040894802721088384,False
PIP4K2C,0.04098133333333337,False
SHQ1,0.0415934693877551,False
C5orf30,0.04168925170068022,False
USP14,0.041804952380952345,False
GINS4,0.04190171428571422,False
MRPS12,0.04195102040816315,False
RNMT,0.042105795918367425,False
DIMT1,0.042109931972789075,False
FAU,0.0421758911564626,False
FBL,0.042315646258503384,False
SLC39A7,0.04251210884353745,False
KDM6A,0.04266100680272107,False
COMTD1,0.04277561904761887,True
BAP1,0.04294454421768709,False
NUP88,0.043007020408163225,False
ZNF131,0.043053496598639635,False
MRPS6,0.043162122448979684,False
INO80B,0.04320533333333339,False
POT1,0.04332462585034019,False
GTF3C5,0.043436625850340145,False
DPH1,0.04347765986394558,False
RAB18,0.04359129251700672,False
NUP54,0.043720707482993226,False
MTPAP,0.043761632653061155,False
ETV4,0.043769904761904656,False
PLK4,0.04387352380952381,False
ATR,0.0440632380952381,False
UFM1,0.0441643537414967,False
RPS19BP1,0.044316625850340116,False
COPG1,0.044471401360544296,False
RPL7A,0.044663727891156406,False
ABHD11,0.04472032653061241,False
DNAJC11,0.04508865306122441,False
DHODH,0.04518291156462573,False
RANBP2,0.04550356462585041,False
PLK1,0.045515646258503385,True
SLC16A5,0.0455287074829932,False
DDX51,0.04564288435374152,False
MLLT6,0.04577425850340129,False
POLR2B,0.045821877551020386,False
DEPDC5,0.04582389115646261,False
DDX55,0.04589235374149669,False
ZCRB1,0.04590487074829933,False
TFAP4,0.04596669387755101,False
KRT10,0.04614857142857156,False
NPEPPS,0.04625567346938769,False
TYK2,0.046506231292517,True
KRR1,0.04665023129251692,False
EEF1A1,0.04684963265306141,False
ROMO1,0.046981768707482954,False
NVL,0.04717899319727886,False
PIAS4,0.04731385034013605,False
LSG1,0.0473959183673469,False
TADA3,0.047405931972789195,False
GEMIN7,0.04752435374149666,False
PELO,0.04762873469387767,False
GBF1,0.04776881632653053,False
MRPL51,0.04794405442176856,False
EXOSC1,0.04794476190476188,False
ZC3H4,0.04795374149659869,False
WDR92,0.04796734693877557,False
DPY19L2,0.048189714285714266,False
MRGBP,0.048269061224489776,False
NEDD8,0.04838541496598628,False
POLA2,0.04844517006802718,False
GLI4,0.04845050340136056,False
ANAPC15,0.048458448979591985,False
TTI2,0.04856522448979605,False
ARRB2,0.04866024489795932,False
RRP7A,0.04874100680272106,False
TACC3,0.0488051156462586,False
CPSF4,0.04881512925170069,False
IMPDH2,0.04904838095238103,False
TERF2,0.049062421768707495,False
ARF4,0.04954742857142867,False
MBD3,0.04991412244897947,False
PSMD4,0.049969741496598614,False
NAPG,0.05004353741496598,False
MRPS33,0.0501327891156462,False
COG4,0.05022878911564622,False
FAM50A,0.05032827210884362,False
METTL17,0.05034590476190476,False
WDR5,0.05042917006802715,False
FAM133B,0.05043863945578238,False
FEN1,0.050698122448979636,False
RPS11,0.050966095238095296,False
RNF123,0.05099341496598645,False
TAF2,0.05100277551020409,False
NACA,0.0515819319727891,False
FBRSL1,0.05159412244897976,False
PEF1,0.0517692517006803,False
GYG1,0.051845877551020284,False
C12orf45,0.05201393197278916,False
MRPS28,0.052147700680272205,False
DNAJA3,0.05225763265306118,False
RFC2,0.05228244897959178,False
TARDBP,0.05231738775510187,False
VMP1,0.05232914285714297,False
LST1,0.052595700680272,False
CBLN1,0.05261670748299325,False
GLRX5,0.05271112925170081,False
GTPBP4,0.052933115646258584,False
ATP2A2,0.053066993197278825,False
MCL1,0.05311270748299326,False
CTR9,0.05316887074829938,False
RAD51D,0.05321066666666676,False
CINP,0.05338220408163273,False
XRCC1,0.05343063945578241,False
RPL13A,0.05346775510204087,False
NOL9,0.053829768707482954,False
TIMM22,0.054082068027210856,False
PCNA,0.05415575510204082,False
ZNF706,0.054279183673469275,False
CDC26,0.05445551020408155,False
NCBP1,0.05467940136054427,False
RPA3,0.05503434013605448,False
CLCC1,0.05531406802721093,False
KLC2,0.055429659863945775,False
DPH6,0.05549877551020409,False
DCTN1,0.05557659863945571,False
NEPRO,0.055649414965986424,False
ZNF787,0.05566225850340146,False
MRPS17,0.05567749659863953,False
RPS16,0.05589627210884354,False
MOCS3,0.0559087891156463,False
TAF1A,0.056120163265306056,False
TSFM,0.05617404081632662,False
PRXL2A,0.056177959183673375,False
NAPA,0.056265904761904774,False
POLR1E,0.056389551020408026,False
PPP1CB,0.05650808163265299,False
SMG7,0.05663923809523809,False
NCAPD3,0.056762993197278816,False
ATP1A1,0.056765931972789146,False
HEATR1,0.056766585034013516,False
LYRM4,0.0570589387755103,False
DDX24,0.057477442176870785,False
RBM28,0.057559619047619144,False
LAS1L,0.05763515646258509,False
ORC5,0.05793806802721083,False
EXOC3,0.05806247619047625,False
AURKB,0.05812190476190475,False
RBM33,0.05817382312925162,False
SLC7A6OS,0.05837387755102037,False
MRPS5,0.058694204081632576,False
MMP17,0.05872979591836733,False
RPS7,0.058751673469387714,False
RPS17,0.05876712925170069,False
HNRNPK,0.05894410884353753,False
LDB1,0.05909942857142858,False
MRPL11,0.05923929251700673,False
VPS33A,0.0594839727891158,False
ISCA2,0.0602421768707483,False
RRP1,0.06035831292517001,False
RIOK2,0.06041839455782308,False
RPA1,0.060579809523809564,False
CCT2,0.06060756462585039,False
NOC4L,0.06062345578231293,False
HIST1H2AI,0.06078595918367355,False
THOC6,0.06090840816326527,False
CCDC144A,0.06091221768707474,False
ACIN1,0.06114068027210888,False
PAK1IP1,0.06115199999999999,False
VPS41,0.061491591836734735,False
POP4,0.06158225850340138,False
NSA2,0.061738666666666636,False
NF1,0.06177599999999989,False
MPHOSPH6,0.061778829931972826,False
TIMM8A,0.06184152380952375,False
COPS4,0.0618704761904762,False
CPSF1,0.06194960544217683,False
COA5,0.06199847619047608,False
NHP2,0.062085115646258474,False
MYBL2,0.062179374149659995,False
SARS2,0.06271412244897967,False
DNAJC19,0.0630474013605442,False
MMS22L,0.06310291156462586,False
ALG2,0.06314949659863944,False
SRF,0.06318987755102042,False
ATP6V1F,0.06332658503401356,False
LEO1,0.06353523809523821,False
DOLK,0.06385284353741506,False
PSMG4,0.0639219591836735,False
CPAMD8,0.06395820408163251,False
NIFK,0.06397006802721092,False
MRPS31,0.06410340136054438,False
UBE2Z,0.06417774149659858,False
RPP14,0.06425360544217693,False
XRN2,0.06466285714285706,False
HNRNPM,0.06477072108843537,False
DDX11,0.0648514829931972,False
WDR44,0.0648779319727891,False
TRMT10C,0.06503706122448992,False
SMC1A,0.06564179591836727,False
LPA,0.06568848979591838,False
MRPL45,0.06575063945578233,False
PDCD7,0.06588027210884362,False
ADNP2,0.06621420408163259,False
SHC1,0.0662795646258503,False
INO80,0.066280380952381,False
BRD2,0.06668168707483003,False
MRPS11,0.06678748299319726,False
NDUFAF3,0.06728206802721096,False
RPL28,0.06736620408163259,False
KIF18A,0.06744043537414972,False
BCAR1,0.06745099319727899,False
LTV1,0.06745480272108845,False
SUDS3,0.06748364625850331,False
NAF1,0.06765442176870744,False
RPL41,0.0682839727891158,False
TCERG1,0.06835330612244912,False
TUBGCP5,0.06881219047619047,False
CSH2,0.06896946938775508,False
NELFA,0.06910759183673466,False
NANOG,0.06988310204081635,False
ZW10,0.07000718367346936,False
SPOUT1,0.07006421768707471,False
FCF1,0.07023009523809515,False
MRPL33,0.07027493877551023,False
LSM10,0.07032032653061232,False
CASP8AP2,0.07047967346938781,False
TVP23C,0.07063586394557819,False
DDX10,0.07069093877551026,False
MAGOH,0.07085246258503393,False
HIST1H2AB,0.07111227210884369,False
OR2T5,0.07111651700680273,False
SUPV3L1,0.07113219047619038,False
NBPF12,0.07114035374149659,False
MEIS3,0.07115885714285708,False
HAUS4,0.07140669387755094,False
ARPC3,0.07141235374149661,False
RRP9,0.07144097959183666,False
MIER1,0.07181170068027215,False
DAXX,0.07190661224489803,False
MRPL22,0.07198955102040823,False
MRPL41,0.07202797278911563,False
RARS2,0.072053006802721,False
EXOSC7,0.07235058503401348,False
PTCD1,0.0726786394557822,False
MRPS18C,0.07306944217687061,False
HNRNPL,0.07341191836734694,False
RGP1,0.07358323809523822,False
RRM1,0.07363232653061236,False
EXOC1,0.07375673469387756,False
NDUFA3,0.07381202721088444,False
MRPS22,0.07383902040816319,False
EIF4E,0.07420168707482995,False
AP2A1,0.07468821768707483,False
SLBP,0.07475102040816337,False
INO80C,0.07482089795918374,False
LTB4R2,0.0750109387755103,False
MRPL55,0.07508625850340135,False
RPAIN,0.07519934693877553,False
C1orf131,0.07521632653061222,False
HSD17B12,0.07521915646258495,False
DUT,0.07531689795918364,False
GABPB1,0.07579058503401351,False
TRMT112,0.0758657959183674,False
CENPW,0.07600598639455783,False
UNC45A,0.07605431292517002,False
GABPA,0.07609110204081641,False
NR2C2AP,0.07610187755102026,False
MON1A,0.07615379591836743,False
POLL,0.07639640816326532,False
MAT2A,0.07645627210884362,False
TNFSF10,0.07649088435374142,False
WDR36,0.07651842176870757,False
POLR1B,0.07702835374149654,False
GMIP,0.07715287074829934,False
CEP192,0.07739210884353742,False
RPS2,0.07756114285714286,False
SNRPF,0.07757039455782319,False
NOP10,0.07762688435374149,False
SPG7,0.07769556462585045,True
ABCB7,0.07778100680272121,False
SKP2,0.07796810884353741,False
ALG11,0.07801523809523797,False
ABCB10,0.07841828571428569,False
PSMB4,0.0789891700680272,False
DPPA2,0.07914329251700672,False
ALG1,0.07918302040816333,False
UMPS,0.07930448979591831,False
ATRIP,0.07931308843537418,False
ADRM1,0.07953730612244908,False
AAMP,0.07982672108843544,False
NOL8,0.07997844897959179,False
POLR2H,0.07999608163265304,False
NUP35,0.08009338775510197,False
TSEN34,0.08011178231292505,False
GATA1,0.08024848979591834,False
MYO1H,0.08052517006802726,False
RIOK1,0.08061474829931976,False
MCEE,0.08068321088435373,False
HMX3,0.08120424489795924,False
RRN3,0.08142487074829935,False
KCNA10,0.08149333333333343,False
KDM5C,0.08176315646258507,False
DNAJC9,0.08178655782312937,False
POLR2D,0.08189104761904767,False
CTNNBL1,0.08247303401360538,False
DSTYK,0.08257795918367358,False
CALR,0.08263216326530612,False
DR1,0.08264457142857137,False
SDHC,0.08284571428571424,False
RPF1,0.08297142857142858,False
SRP14,0.08303172789115644,False
BGLAP,0.08309910204081618,False
HNRNPDL,0.08409023129251705,False
INO80E,0.08427689795918372,False
ATF4,0.08431858503401371,False
POLE2,0.08449676190476185,False
UQCRC1,0.08527444897959192,False
EPB41L2,0.08533616326530609,False
KANSL1,0.0853841632653062,False
DNM1,0.08550117006802715,False
MRPL38,0.08567825850340138,False
DAD1,0.08575586394557821,False
ATP6V0D1,0.0860497414965986,False
GMPPB,0.08632391836734689,False
ZNF317,0.08687749659863954,False
GNL2,0.08698122448979588,False
ZRSR2,0.08699961904761919,False
GPR61,0.08722035374149667,False
BIRC5,0.08729491156462588,False
GLB1,0.08734650340136058,False
HAUS7,0.08741148299319715,False
MRPL9,0.08752745578231302,False
RPL36A,0.08758312925170061,False
UTP3,0.08778546938775501,False
FBXW7,0.0881310476190475,False
ORC3,0.08817665306122456,False
TMED2,0.08867080272108849,False
MT2A,0.08891439455782321,False
TMSB10,0.0897326802721088,False
PPA1,0.08975412244897962,False
CDAN1,0.08987472108843535,False
SSX4,0.09031499319727904,False
CSTF1,0.09049839455782308,False
PFN1,0.09083200000000007,False
CCDC59,0.09088446258503391,False
GTF2A1,0.09118029931972789,False
NEDD8-MDP1,0.09128370068027206,False
PPAN,0.09134258503401349,False
HIST1H2BB,0.09173855782312915,False
CDK6,0.09187831292517014,False
TMA16,0.0927684353741496,False
HERC1,0.09299678911564635,False
FUNDC2,0.09313436734693886,False
UFL1,0.093927074829932,False
PDHA1,0.09393164625850352,False
ZNF468,0.09445757823129264,False
CDK9,0.09447009523809528,False
UBA5,0.0944730340136055,False
LRPPRC,0.09453757823129251,False
MICOS10,0.09455172789115646,False
CUL1,0.09463880272108842,False
ELOVL1,0.09466688435374152,False
IPO7,0.09515287074829933,False
CDC23,0.09544642176870746,False
MSTO1,0.09559880272108848,False
F8A1,0.09652832653061216,False
EIF3L,0.09686846258503397,False
UBE2D3,0.09689970068027198,False
U2AF2,0.09775553741496613,False
SDHA,0.09848957823129251,False
TAF6,0.09854258503401361,False
UBE2M,0.09880794557823122,False
ATP5MD,0.09884919727891164,False
NOP9,0.09919706122448979,False
ANKRD49,0.09923613605442183,False
LCE1C,0.09927499319727898,False
ORC1,0.09937273469387771,False
POTEI,0.09962546938775506,False
CDK2,0.09979025850340134,False
GIT2,0.09981986394557815,False
ATP5PD,0.09985414965986378,False
SNRNP25,0.09997910204081625,False
POLR2C,0.10001251700680275,False
MRPL2,0.10038127891156452,False
C1orf109,0.100733605442177,False
CWF19L2,0.10083678911564618,False
ALYREF,0.10096468027210878,False
UROD,0.1010041904761905,False
MASTL,0.10101333333333334,False
ELOF1,0.10116136054421762,False
PPP2R1A,0.10137872108843543,False
DDX54,0.10146220408163262,False
RPLP2,0.10191434013605447,False
NPB,0.10197093877551004,False
SPCS3,0.10201480272108851,False
NUBP1,0.10244843537414958,False
WDR1,0.10245420408163264,False
CRCP,0.10258492517006795,False
C9orf16,0.10277953741496604,False
EGLN2,0.10287597278911573,False
RGPD6,0.10315406802721097,False
TRIAP1,0.10345872108843542,False
SSRP1,0.1034738503401361,False
JAZF1,0.10379994557823125,False
HAUS1,0.10385763265306129,False
MRPL14,0.10394340136054421,False
GCLC,0.10411025850340147,True
NUP155,0.10411189115646266,False
PSMD13,0.10414965986394549,False
CDK11A,0.10432065306122447,False
CUL3,0.1047536326530612,False
NAA10,0.10494399999999991,False
SPEN,0.10516081632653067,False
TM7SF2,0.10522351020408158,False
SIGLEC14,0.1052995918367346,False
CD8B,0.10577480272108847,False
GPS2,0.10616261224489801,False
EXOC2,0.10645333333333327,False
ATP6V1H,0.10650808163265299,False
SEC61B,0.10662345578231285,False
UPF2,0.10672783673469385,False
ABT1,0.10714383673469388,False
TPP2,0.10720370068027218,False
UPF1,0.10784370068027212,False
SET,0.10785578231292518,False
SFSWAP,0.10786993197278905,False
SUGP1,0.10792032653061219,False
PGAM5,0.10793959183673453,False
QRSL1,0.10797300680272102,False
FRG2,0.10851863945578226,False
MRPL28,0.1085841632653062,False
GINS1,0.10949866666666659,False
HIST1H2BJ,0.10964331972789118,False
HIST1H2BC,0.11010024489795907,False
CYFIP1,0.11018220408163251,False
DAP3,0.11025882993197281,False
RPN1,0.1105577142857143,False
SMUG1,0.11086900680272103,False
NUDC,0.11126965986394549,False
SDHAF2,0.11144609523809527,False
SPDL1,0.11149529251700681,False
PRSS50,0.11173028571428564,False
DESI1,0.11183281632653069,False
CCDC6,0.11185937414965987,False
PFDN4,0.1118804897959184,False
MRPL50,0.11200402721088447,False
NAT10,0.112098068027211,False
NOP58,0.11255281632653069,False
ZFR,0.11295227210884352,False
CACNB3,0.11310585034013597,False
SRSF6,0.11326922448979602,False
HMGA1,0.11360685714285718,False
SLC4A5,0.11441208163265318,False
VBP1,0.1144914285714285,False
ZNF763,0.1149196190476191,False
RUVBL2,0.11494106122448969,False
GSK3B,0.11503466666666666,False
KIF20A,0.11567020408163256,True
TRRAP,0.11570808163265309,False
MRPL16,0.11572669387755097,False
TAF12,0.11612179591836726,False
ECT2,0.11680925170068036,False
MRPL20,0.11700005442176875,False
DDX49,0.11750062585034018,False
ILF2,0.11819548299319732,False
COG6,0.11837638095238102,False
MRPL44,0.11853431292517011,False
NDUFAF5,0.1186554557823129,False
GFOD2,0.11876821768707482,False
PTPN11,0.11881284353741503,False
DCAF6,0.11898982312925166,False
SMC5,0.11909093877551027,False
NAA35,0.11920282993197283,False
CHAF1A,0.1198548571428572,False
ASF1B,0.1203830204081632,False
MAU2,0.12067134693877546,False
CCND3,0.12128576870748295,False
EHMT2,0.12133028571428575,False
C19orf53,0.12160326530612241,False
SKP1,0.1216550748299321,False
LSM12,0.12186329251700695,False
VARS2,0.12198204081632638,False
GUK1,0.12293387755102032,False
MZF1,0.12298340136054425,False
SNTB2,0.12326073469387754,False
CLP1,0.12373202721088435,False
WDR61,0.12426699319727891,False
MIPEP,0.12460277551020399,False
RHOQ,0.1246373877551022,False
STARD7,0.12499395918367331,False
KCTD10,0.1252182857142857,False
COQ2,0.12579787755102026,False
PTEN,0.12607368707482985,False
KAT5,0.12612799999999988,False
NCAPH,0.1288698775510204,False
CBFA2T3,0.1289579319727892,False
COTL1,0.1294007074829932,False
DDX42,0.12946057142857148,False
SEPSECS,0.12958987755102053,False
TUBB2A,0.1299254421768708,False
NBPF15,0.1321594557823129,False
NOL6,0.1327949931972789,False
TREML2,0.13282884353741498,False
RNF8,0.13286759183673463,False
CCAR1,0.13303825850340134,False
FBXO42,0.13410046258503405,False
HSPA14,0.13430345578231292,False
PARN,0.13447434013605442,False
AP2M1,0.13506198639455771,False
HIST2H3D,0.1351353469387755,False
TRPM7,0.13567423129251693,False
RHPN1,0.13572625850340128,True
SURF6,0.13667635374149656,False
PRKRIP1,0.1368216598639456,False
SEC63,0.13702182312925162,False
ATP5F1A,0.13711357823129242,False
COPA,0.13755951020408164,False
STT3B,0.13764887074829923,False
HSP90B1,0.1382108299319727,False
KRTAP4-2,0.1390520816326532,False
TAF13,0.13914470748299332,False
TFRC,0.13927368707482987,False
WDR82,0.1398619863945577,False
IRF2BP2,0.1399805170068029,False
SMARCC1,0.14061942857142856,False
NELFE,0.14151194557823132,False
NBPF3,0.14169371428571445,False
CCDC86,0.14182791836734687,False
MRPL35,0.14185284353741487,False
RAD17,0.1421576054421768,False
LPIN1,0.14252429931972802,False
PET117,0.14313414965986399,False
COX17,0.14316707482993202,False
PDCD6,0.1437841632653061,False
POLG,0.14411580952380962,False
DENR,0.14441643537414972,False
ATP5PO,0.14502868027210894,False
NMT1,0.14534715646258511,False
IFITM2,0.14591020408163272,False
NELFB,0.14712555102040809,False
FOXL2,0.14757529251700668,False
UBE3D,0.14807858503401355,False
HIST1H2AE,0.1484550748299321,False
TMEM258,0.14931265306122452,False
PTK2,0.14980658503401367,False
SBNO1,0.14999434013605445,False
HNRNPA1,0.15038693877551018,False
TLCD1,0.15048761904761904,False
ZNF492,0.15231510204081633,False
EIF4B,0.15330155102040818,False
CHMP7,0.15388527891156462,False
BYSL,0.15460506122448986,False
NAA25,0.15491102040816332,False
NAA15,0.15533159183673476,False
CEP85,0.1567531972789114,False
KIF4A,0.15692048979591844,False
ANAPC2,0.15729208163265307,False
TDGF1,0.15731493877551028,False
ZNF720,0.15735053061224483,False
HOXA3,0.15808848979591839,False
CADM4,0.15901355102040812,False
MSL1,0.15952315646258503,False
ZFP69B,0.1604281904761904,False
COASY,0.16052527891156454,False
NUP43,0.16074579591836735,False
IWS1,0.16089208163265295,False
RUVBL1,0.1619006258503403,False
MRPS7,0.1620132789115648,False
ZNF658,0.16259809523809507,False
SS18L2,0.1626823401360544,False
RTEL1,0.1643459591836734,False
NAA20,0.16450405442176874,False
KRT17,0.1647668027210883,False
PPIA,0.16481512925170058,False
INF2,0.16572897959183674,False
TUBD1,0.16580669387755093,False
NRBP1,0.1658753741496598,False
UQCRQ,0.16669137414965995,False
CNOT11,0.1668681360544217,False
EMC1,0.16739580952380959,False
RPN2,0.16750084353741507,False
CHCHD2,0.16917387755102048,False
UBTF,0.17073545578231297,False
ORC4,0.17228604081632656,False
HAPLN2,0.1729165714285715,False
USPL1,0.17381877551020403,False
RBM15,0.1744998095238095,False
TRNP1,0.1758771156462585,False
FAM207A,0.17621093877551008,False
ALG13,0.1764528979591836,False
FAM229A,0.17677877551020418,False
GRSF1,0.18122100680272105,False
PRPF39,0.18149964625850346,False
BRD8,0.18150791836734684,False
WBP1L,0.1816029387755102,False
HMGN2,0.18172136054421759,False
COG8,0.18216119727891147,False
TAF11,0.1842093061224489,False
NCKAP1,0.18480729251700678,False
PRDM10,0.1853911292517008,False
MKRN1,0.18709648979591834,False
DPM2,0.1873808979591837,False
TP53I13,0.18941278911564619,False
WNK1,0.1910638367346938,False
IMP4,0.19108495238095244,False
CNOT10,0.19114459863945563,False
PGS1,0.1919535238095239,False
WDTC1,0.19357605442176873,False
TADA2A,0.19484985034013608,False
WDR46,0.19993240816326535,False
MOG,0.20320261224489794,False
EP400,0.20688827210884347,False
ING3,0.2075982585034013,False
NISCH,0.2092577959183672,False
BRK1,0.21451178231292517,False
SLC9B1,0.21756963265306134,False
BMP2K,0.22141964625850347,False
DMAP1,0.22186862585034012,False
USP39,0.22209861224489796,False
BUB3,0.2258952925170068,False
USP9X,0.24848544217687074,False
NELFCD,0.25392990476190475,False
ATP5ME,0.2683700680272109,False
TAF1B,0.2764574693877551,False
