"pathway","pval","padj","log2err","ES","NES","size","leadingEdge"
"HALLMARK_MYC_TARGETS_V1",2.71799981327044e-12,1.35899990663522e-10,0.898671232061694,0.584550453342932,2.04532836043592,184,"PSMC6, RPS6, DHX15, SSBP1, EIF4G2"
"HALLMARK_OXIDATIVE_PHOSPHORYLATION",0.000109612332983182,0.00274030832457954,0.538434096309916,0.467116683890093,1.63130732109978,179,"ATP6V1E1, CPT1A, NDUFA5, SUCLG1, ATP6V0E1"
"HALLMARK_ESTROGEN_RESPONSE_LATE",0.00399958495870215,0.0533109766811721,0.407017918923954,-0.305070157447971,-1.35734012004943,193,"HSPA4L, NMU, MYB, LSR, EGR3"
"HALLMARK_INTERFERON_ALPHA_RESPONSE",0.00426487813449377,0.0533109766811721,0.407017918923954,-0.356511410556248,-1.42839790977688,90,"IFI30, GBP4, IFITM1, BATF2, IL7"
"HALLMARK_KRAS_SIGNALING_UP",0.0225658918447451,0.225658918447451,0.352487857583619,-0.277490498155985,-1.23463071324457,193,"TLR8, NR1H4, TOR1AIP2, CLEC4A, ARG1"
"HALLMARK_UV_RESPONSE_DN",0.0278706800445931,0.232255667038276,0.287857117255149,0.397430274568176,1.35698625007571,134,"TGFBR2, ANXA2, NFIB, VAV2, ATP2C1"
"HALLMARK_APICAL_JUNCTION",0.0416221985058698,0.275,0.227987202850442,0.374178685003394,1.31497501487287,189,"ACTG1, CAP1, CX3CL1, VAV2, DHX16"
"HALLMARK_ANGIOGENESIS",0.044,0.275,0.248911114434702,0.502136867605132,1.41742072463468,36,"CXCL6, VAV2, PDGFA, TNFRSF21, COL5A2"
"HALLMARK_PANCREAS_BETA_CELLS",0.0517365020266033,0.287425011258907,0.321775918075361,-0.398934680157548,-1.35624255071538,40,"SPCS1, ISL1, CHGA, SYT13, LMO2"
"HALLMARK_PROTEIN_SECRETION",0.0648584905660377,0.302055929065575,0.190023305279108,0.394556808785061,1.29386950814763,94,"COPB1, YIPF6, GNAS, ARCN1, GOLGA4"
"HALLMARK_HYPOXIA",0.0664523043944266,0.302055929065575,0.178219874951973,0.360647133718008,1.26518007902377,188,"GYS1, PGK1, HDLBP, ANXA2, XPNPEP1"
"HALLMARK_TNFA_SIGNALING_VIA_NFKB",0.10752688172043,0.370508982035928,0.137250779610133,0.346208273011832,1.21710448039238,194,"CCL20, CXCL3, CXCL6, CXCL1, SERPINB2"
"HALLMARK_PI3K_AKT_MTOR_SIGNALING",0.113849765258216,0.370508982035928,0.139599673451922,0.369544514588272,1.2235521321026,101,"RAC1, RAF1, PTEN, PTPN11, TBK1"
"HALLMARK_WNT_BETA_CATENIN_SIGNALING",0.116182572614108,0.370508982035928,0.271288554688953,-0.371283843244724,-1.29516557152409,42,"TP53, KAT2A, SKP2, GNAI1, TCF7"
"HALLMARK_MTORC1_SIGNALING",0.118025751072961,0.370508982035928,0.130105630751129,0.344074480185529,1.20814872166881,190,"PSMC6, COPS5, PGK1, RAB1A, PSMC2"
"HALLMARK_IL6_JAK_STAT3_SIGNALING",0.118562874251497,0.370508982035928,0.138022242496643,0.379148872377806,1.22730665230559,87,"CXCL3, CNTFR, CXCL1, PTPN11, GRB2"
"HALLMARK_G2M_CHECKPOINT",0.133405639913232,0.392369529156565,0.122107920287081,0.341836292567766,1.19379175678215,179,"AMD1, HOXC10, PRIM2, KIF11, CDKN1B"
"HALLMARK_ALLOGRAFT_REJECTION",0.152724431903431,0.424234533065086,0.249246554383295,-0.243311829578963,-1.09078745965228,194,"CRTAM, IL2RB, CD28, IL18, IRF8"
"HALLMARK_MITOTIC_SPINDLE",0.161843515541265,0.425903988266486,0.108394255853397,0.331789906360314,1.16714850110335,193,"SMC3, BCR, CLIP1, BCL2L11, ARF6"
"HALLMARK_EPITHELIAL_MESENCHYMAL_TRANSITION",0.172228202368138,0.430570505920345,0.104732821580651,0.330534679925108,1.16069246444429,195,"ITGB5, CXCL6, CXCL1, GADD45A, LOXL2"
"HALLMARK_PEROXISOME",0.208920187793427,0.482445942803999,0.0982123351217438,0.345790146804575,1.14490204746835,101,"SCP2, GNPAT, CNBP, PRDX1, DLG4"
"HALLMARK_TGF_BETA_SIGNALING",0.21227621483376,0.482445942803999,0.102449405629826,0.390906849967805,1.18649310193806,54,"CDK9, SKI, TRIM33, ID2, ID3"
"HALLMARK_MYC_TARGETS_V2",0.236270753512133,0.506506506506507,0.0959206777921745,0.37923711255833,1.15739119394988,55,"PA2G4, NPM1, TFB2M, RCL1, GRWD1"
"HALLMARK_HEDGEHOG_SIGNALING",0.257936507936508,0.506506506506507,0.0928481214159878,0.414986252118196,1.17157096603014,35,"CNTFR, THY1, NRP2, PML, DPYSL2"
"HALLMARK_E2F_TARGETS",0.267605633802817,0.506506506506507,0.0797705918628453,0.316566813953712,1.10656852548035,183,"PPP1R8, PRKDC, PA2G4, SMC3, POLD2"
"HALLMARK_XENOBIOTIC_METABOLISM",0.267741935483871,0.506506506506507,0.0793434960134973,0.312765182887252,1.09953439902289,194,"SLC22A1, ADH5, CYP17A1, PROS1, DHRS1"
"HALLMARK_ADIPOGENESIS",0.273513513513513,0.506506506506507,0.0785029047348687,0.314317467050364,1.09978946361597,184,"SCP2, NDUFA5, SUCLG1, IDH3A, DECR1"
"HALLMARK_UNFOLDED_PROTEIN_RESPONSE",0.331775700934579,0.592456608811749,0.0725351864394589,0.323958631323513,1.07926977537181,105,"SLC30A5, NPM1, CNOT6, CNOT2, GOSR2"
"HALLMARK_ANDROGEN_RESPONSE",0.392982456140351,0.677491601343785,0.0642140881844605,0.316393458766347,1.04317740911106,96,"XRCC5, PA2G4, XRCC6, AKAP12, SAT1"
"HALLMARK_COAGULATION",0.406494960806271,0.677491601343785,0.0605092988656667,0.300483645907784,1.02541730337112,136,"RAC1, FGA, SERPINB2, PROS1, PEF1"
"HALLMARK_GLYCOLYSIS",0.42749731471536,0.686267798466594,0.0561766586307176,0.289935301611214,1.01868611943118,192,"GYS1, PGK1, HDLBP, NANP, ENO1"
"HALLMARK_FATTY_ACID_METABOLISM",0.43921139101862,0.686267798466594,0.055826471778749,0.29320445814948,1.01204614369874,152,"CPT1A, SUCLG1, SDHA, DECR1, GCDH"
"HALLMARK_INFLAMMATORY_RESPONSE",0.527777777777778,0.72463768115942,0.0462302524077616,0.277098826738049,0.975264219252809,197,"CCL20, PSEN1, CXCL6, PCDH7, RAF1"
"HALLMARK_COMPLEMENT",0.532258064516129,0.72463768115942,0.0461379160269737,0.276360080350305,0.971551283479754,194,"CD46, PSEN1, RAF1, XPNPEP1, CXCL1"
"HALLMARK_APOPTOSIS",0.540894220283533,0.72463768115942,0.0460457683018055,0.280208048630061,0.969468683642956,158,"PSEN1, ETF1, GADD45A, ERBB3, BCL2L11"
"HALLMARK_MYOGENESIS",0.553418803418803,0.72463768115942,0.0440640346597561,0.273610841442999,0.9629880674712,197,"ITGB5, GABARAPL2, ERBB3, KCNH1, MYH4"
"HALLMARK_DNA_REPAIR",0.556550951847704,0.72463768115942,0.0459538081039063,0.282332380769516,0.96347509252425,136,"POLR2D, SUPT5H, POLR2F, POLA1, TAF12"
"HALLMARK_P53_PATHWAY",0.563772775991426,0.72463768115942,0.0433636987883266,0.273106625325209,0.958080709664073,188,"EI24, CEBPA, PITPNC1, RAB40C, GADD45A"
"HALLMARK_INTERFERON_GAMMA_RESPONSE",0.565217391304348,0.72463768115942,0.227987202850442,-0.218815288748791,-0.972805373155386,191,"IFI30, IL2RB, GBP4, TNFSF10, BATF2"
"HALLMARK_NOTCH_SIGNALING",0.745967741935484,0.908213408213408,0.0409055783172035,0.297401353321235,0.822190642506176,32,"SKP1, HES1, DTX4, FZD5, ARRB1"
"HALLMARK_UV_RESPONSE_UP",0.751369112814896,0.908213408213408,0.030918431706181,0.254007687533486,0.876751677858333,152,"AMD1, STARD3, BCL2L11, DDX21, DLG4"
"HALLMARK_APICAL_SURFACE",0.773981603153745,0.908213408213408,0.0381628909049257,0.279509760417673,0.811272013338593,42,"CX3CL1, THY1, SLC34A3, PCSK9, NCOA6"
"HALLMARK_SPERMATOGENESIS",0.794642857142857,0.908213408213408,0.14641623786055,-0.212647365379527,-0.894166331241004,127,"HSPA4L, IL12RB2, GFI1, PARP2, NCAPH"
"HALLMARK_REACTIVE_OXYGEN_SPECIES_PATHWAY",0.799227799227799,0.908213408213408,0.0356933083353341,0.27172975742913,0.798857172194289,44,"PRDX1, NDUFS2, NDUFB4, STK25, PRNP"
"HALLMARK_BILE_ACID_METABOLISM",0.843069873997709,0.936744304441899,0.0273777349570556,0.241847481947544,0.812570441325313,112,"SCP2, GNPAT, PXMP2, AKR1D1, GNMT"
"HALLMARK_HEME_METABOLISM",0.908108108108108,0.973983697492122,0.019974159565129,0.2243844819282,0.785116052694647,184,"RBM38, SLC25A38, SYNJ1, RBM5, RIOK3"
"HALLMARK_CHOLESTEROL_HOMEOSTASIS",0.915544675642595,0.973983697492122,0.0265350909115755,0.232778881116693,0.737305441395821,72,"ACTG1, ANTXR2, GSTM2, TP53INP1, ECH1"
"HALLMARK_IL2_STAT5_SIGNALING",0.944265809217578,0.979569892473118,0.016838053046391,0.214814622307631,0.753587524805161,188,"CDC42SE2, TNFSF11, SLC39A8, AHR, SERPINB6"
"HALLMARK_KRAS_SIGNALING_DN",0.96655879180151,0.979569892473118,0.0156180851425484,0.209055116683471,0.731475683900482,186,"CNTFR, SERPINB2, DCC, MTHFR, RSAD2"
"HALLMARK_ESTROGEN_RESPONSE_EARLY",0.979569892473118,0.979569892473118,0.0143399359768684,0.203241569019471,0.711899406778148,187,"BCL11B, SH3BP5, AFF1, TFF3, HES1"
