Gene_Target,Perturbation,Oxidative_Score,Inflammatory_Score,Senescence_Score,direction,logFC
PES1,6219_PES1_P1P2_ENSG00000100029,0.15294862,0.043377534,0.03826887,UP,0.00978137770775801
STK24,8517_STK24_P1P2_ENSG00000102572,0.13300978,0.094200924,0.031934243,UP,0.0130042633213559
MED22,4945_MED22_P1P2_ENSG00000148297,0.10590918,0.12052627,0.052841973,UP,0.00905680706109971
NOC4L,5731_NOC4L_P1P2_ENSG00000184967,0.10178377,0.07551067,0.0077551682,UP,0.00800295232525076
BCKDHA,791_BCKDHA_P1_ENSG00000248098,0.074656695,0.009059121,-0.011753408,UP,0.00753650618401456
PTEN,6905_PTEN_P1P2_ENSG00000171862,0.05405954,0.028998468,0.035488572,DOWN,-0.0100662193425765
DNAJB4,2282_DNAJB4_P1P2_ENSG00000162616,0.04994919,0.005788099,-0.019195795,DOWN,-0.0196765190937693
DNAJB4,2282_DNAJB4_P1P2_ENSG00000162616,0.04994919,0.005788099,-0.019195795,DOWN,-0.0171922127570378
TPM1,9203_TPM1_P1_ENSG00000140416,0.04764357,0.0070921304,0.032535054,DOWN,-0.0107591867181991
ATG2B,620_ATG2B_P1P2_ENSG00000066739,0.04401219,0.008373225,-0.0064429985,DOWN,-0.0105357018296564
FANCL,2967_FANCL_P1P2_ENSG00000115392,0.040491506,0.026032517,-0.008443984,DOWN,-0.012176208916047
RAB11B,7004_RAB11B_P1P2_ENSG00000185236,0.03835662,0.0017029598,0.007877181,UP,0.0102157654870722
SFXN4,7849_SFXN4_P1P2_ENSG00000183605,0.037218086,0.015941942,0.029100688,UP,0.0111942707340821
FLCN,3106_FLCN_P1P2_ENSG00000154803,0.035835568,0.014206841,0.069971986,DOWN,-0.0158116656126934
ZNF689,10555_ZNF689_P1P2_ENSG00000156853,0.035319068,0.0013779526,-0.03826079,UP,0.0103303392637926
MEST,4981_MEST_P2_ENSG00000106484,0.03451939,-0.019410819,-0.024137737,DOWN,-0.0224318564860959
DNAJA1,2275_DNAJA1_P2_ENSG00000086061,0.03281209,-0.007932811,0.009001762,DOWN,-0.01878487315197
SRA1,8395_SRA1_P1P2_ENSG00000213523,0.030721247,0.026624106,0.02880147,UP,0.010010910673954
SRA1,8395_SRA1_P1P2_ENSG00000213523,0.030721247,0.026624106,0.02880147,UP,0.0097930056924053
S100A1,7623_S100A1_P2_ENSG00000160678,0.029769965,0.12962602,0.03912329,UP,0.0119798309188864
DHCR7,2185_DHCR7_P1P2_ENSG00000172893,0.027683135,-0.0064381263,0.015196746,UP,0.0231665813521379
GGT1,3359_GGT1_P1_ENSG00000286070,0.027436297,0.009967785,-0.007682708,UP,0.0113632365537931
UHRF1,9583_UHRF1_P1P2_ENSG00000276043,0.027198391,0.09662055,0.06259013,DOWN,-0.0168075518781442
MED28,4951_MED28_P1P2_ENSG00000118579,0.027039286,0.122499295,0.038466413,DOWN,-0.00715845794122717
TMEM214,9042_TMEM214_P1P2_ENSG00000119777,0.02568109,0.041424267,0.010226865,UP,0.00973782002812309
ARL6IP6,517_ARL6IP6_P1P2_ENSG00000177917,0.025375102,0.012937825,0.03609944,DOWN,-0.00961558195690517
SLC9A3R1,8114_SLC9A3R1_P1P2_ENSG00000109062,0.023464503,0.0027319114,0.0061999736,UP,0.0178321245746454
MAN2A1,4786_MAN2A1_P1P2_ENSG00000112893,0.022493383,0.0038695512,0.007960533,UP,0.0154942635422018
SNX6,8258_SNX6_P1P2_ENSG00000129515,0.021781614,Inf,Inf,DOWN,-0.00890860033875996
LHX2,4568_LHX2_P1P2_ENSG00000106689,0.021777086,0.037468586,-0.027002564,UP,0.0248553873956604
FBXW9,3040_FBXW9_P1P2_ENSG00000132004,0.02154963,-0.024799276,-0.010332084,UP,0.0079035883122042
HBZ,3655_HBZ_P1P2_ENSG00000130656,0.021519583,-0.025491256,0.028200494,UP,0.021465095926682
SP5,8310_SP5_P1P2_ENSG00000204335,0.021370457,0.007134406,-0.02190382,UP,0.0219845554183557
RBPJ,7191_RBPJ_P1P2_ENSG00000168214,0.02116265,0.0042282697,0.022564547,DOWN,-0.00778453100570468
MAPK1,4828_MAPK1_P1P2_ENSG00000100030,0.02072475,-0.004381195,0.021594713,DOWN,-0.00953165795236447
PFKL,6245_PFKL_P2_ENSG00000141959,0.020413844,0.0056278654,0.008803843,UP,0.0173403936704166
AP1S2,372_AP1S2_P1P2_ENSG00000182287,0.019895695,-0.0050008646,0.0061639175,DOWN,-0.0131231783782751
FADS2,2816_FADS2_P2_ENSG00000134824,0.01896929,-0.018903967,-0.008243515,UP,0.0121226989491396
FADS2,2816_FADS2_P2_ENSG00000134824,0.01896929,-0.018903967,-0.008243515,UP,0.018688354988202
SLC16A1,7966_SLC16A1_P2_ENSG00000155380,0.018820122,-0.008652663,0.03561797,UP,0.0197266894919388
ZC3H11A,10018_ZC3H11A_P1P2_ENSG00000058673,0.018684614,0.012873664,0.0134955505,DOWN,-0.00646218118069646
FADS2,2817_FADS2_P1_ENSG00000134824,0.018683838,-0.004338673,-0.006463815,UP,0.0121226989491396
FADS2,2817_FADS2_P1_ENSG00000134824,0.018683838,-0.004338673,-0.006463815,UP,0.018688354988202
WRN,9877_WRN_P1P2_ENSG00000165392,0.01757696,0.0066504613,0.04132414,DOWN,-0.0079581345163928
ZNF541,10432_ZNF541_P1P2_ENSG00000118156,0.017493699,0.009337483,-0.006239574,UP,0.0120062063249419
AGPAT4,196_AGPAT4_P1P2_ENSG00000026652,0.016779633,0.016942007,0.034958255,DOWN,-0.0100465753778135
GPX4,3523_GPX4_P1P2_ENSG00000167468,0.016440617,0.028853383,0.031234946,UP,0.0119248751105752
AEN,172_AEN_P1P2_ENSG00000181026,0.015990473,0.022134664,0.032030337,UP,0.0136123016751751
SLC2A1,8026_SLC2A1_P1P2_ENSG00000117394,0.015935408,0.0077612507,0.0057605575,UP,0.0208138623886908
LRRC20,4658_LRRC20_P1P2_ENSG00000172731,0.01531774,-0.0034215834,0.0027058918,UP,0.0137736286909979
NOC2L,5729_NOC2L_P1P2_ENSG00000188976,0.0152857555,-0.0069117276,-0.023286294,UP,0.0109393457677913
PFKL,6244_PFKL_P1_ENSG00000141959,0.01522803,0.0005590542,-0.012434338,UP,0.0173403936704166
GTF2F2,3572_GTF2F2_P1P2_ENSG00000188342,0.014835025,0.006578331,0.028706523,UP,0.0110122770153645
TMEM98,9101_TMEM98_P1P2_ENSG00000006042,0.014727965,0.014800224,0.00032563246,UP,0.0204156243427939
FRYL,3204_FRYL_P1P2_ENSG00000075539,0.014639218,-0.0009846545,0.014093053,DOWN,-0.00921429662034511
STK11,8512_STK11_P2_ENSG00000118046,0.014511832,0.0035626364,0.033709805,UP,0.00924389064692581
MBOAT1,4883_MBOAT1_P1P2_ENSG00000172197,0.013972487,0.018567173,0.051308427,DOWN,-0.0144263678280207
ARAF,432_ARAF_P1P2_ENSG00000078061,0.01386686,0.0019348483,0.005453172,UP,0.0124172677261815
TTC7A,9392_TTC7A_P1P2_ENSG00000068724,0.013752196,0.02170575,0.031754486,UP,0.011514123552767
MBOAT2,4884_MBOAT2_P1P2_ENSG00000143797,0.01372449,-0.0082952585,0.0012210008,DOWN,-0.0113001013441122
BEST1,818_BEST1_P1_ENSG00000167995,0.013137204,-0.008672639,0.0023217434,UP,0.0217143587467327
WBP4,9795_WBP4_P1P2_ENSG00000120688,0.012512181,-0.0097506875,0.004215779,DOWN,-0.00934398900152491
PHKG2,6300_PHKG2_P1P2_ENSG00000156873,0.0122615,0.00618589,0.0070911422,UP,0.00762116188795683
FAM133B,2852_FAM133B_P1P2_ENSG00000234545,0.0121791875,0.03391733,-0.00058184814,DOWN,-0.0094353055826164
INPP5K,4138_INPP5K_P1P2_ENSG00000132376,0.012057219,-0.00087822654,0.0039320863,UP,0.0214130652874726
INPP5K,4138_INPP5K_P1P2_ENSG00000132376,0.012057219,-0.00087822654,0.0039320863,UP,0.0176460755548964
PRKCB,6761_PRKCB_P1P2_ENSG00000166501,0.011844003,0.006043629,0.00078273006,UP,0.0149741224933481
SLC40A1,8082_SLC40A1_P1_ENSG00000138449,0.011711879,-0.015731078,-0.022087773,DOWN,-0.0132626406142714
TMEM62,9087_TMEM62_P1P2_ENSG00000137842,0.011457748,0.06689886,0.0597655,UP,0.0125768354643687
PCOLCE2,6140_PCOLCE2_P1P2_ENSG00000163710,0.010854379,0.010119064,0.02039781,UP,0.02239024274882
GCAT,3313_GCAT_P1P2_ENSG00000100116,0.010213209,-0.0010013388,0.002406829,UP,0.0109672728286736
TCF7,8787_TCF7_P1P2_ENSG00000081059,0.009671318,0.0018703234,0.06566087,UP,0.0112567426014502
CLK1,1658_CLK1_P1P2_ENSG00000013441,0.009515027,0.010038812,0.0067303656,DOWN,-0.0134405769169601
CLK1,1658_CLK1_P1P2_ENSG00000013441,0.009515027,0.010038812,0.0067303656,DOWN,-0.0130470123205711
PI4K2A,6315_PI4K2A_P1P2_ENSG00000155252,0.009444636,0.046578135,0.0567746,UP,0.0109003146496338
FXR2,3231_FXR2_P1P2_ENSG00000129245,0.009220066,0.004908276,0.01798598,UP,0.0112380137701489
CTSD,1947_CTSD_P1P2_ENSG00000117984,0.009095662,0.021184195,0.03559601,UP,0.0210537415468474
CGGBP1,1540_CGGBP1_P1_ENSG00000163320,0.008970998,-0.00041531146,0.010391977,DOWN,-0.0093159861799731
SOX9,8301_SOX9_P1P2_ENSG00000125398,0.008944638,-0.017802237,-0.005018585,UP,0.0182315403920421
GOT2,3481_GOT2_P1P2_ENSG00000125166,0.008901254,0.007321657,-0.0011303268,UP,0.0145641422898208
IFRD1,4048_IFRD1_P2_ENSG00000006652,0.0088986615,0.029436646,0.0066527356,DOWN,-0.00987034009496678
EDEM3,2478_EDEM3_P1P2_ENSG00000116406,0.008866359,0.01977256,0.008284407,DOWN,-0.0092477741122529
NETO2,5607_NETO2_P1P2_ENSG00000171208,0.008767953,-0.0024953973,-0.0062378477,UP,0.0240809763470547
NETO2,5607_NETO2_P1P2_ENSG00000171208,0.008767953,-0.0024953973,-0.0062378477,UP,0.024129733923094
ZEB2,10061_ZEB2_P2_ENSG00000169554,0.008703521,-0.009412669,-0.02051216,DOWN,-0.011157051875192
APLP1,406_APLP1_P1P2_ENSG00000105290,0.008486097,0.0041511087,0.02085888,UP,0.0168314432181809
ABHD8,52_ABHD8_P1P2_ENSG00000127220,0.008257195,-0.026050158,0.008989885,UP,0.0113067767869126
SLC19A1,7972_SLC19A1_P1P2_ENSG00000173638,0.008183584,-0.00925593,0.004766196,UP,0.0155066810725295
GGT1,3360_GGT1_P2_ENSG00000286070,0.007890077,0.008831672,-0.0045057903,UP,0.0113632365537931
ARFRP1,452_ARFRP1_P1P2_ENSG00000101246,0.007875281,0.0063677123,-0.009622071,UP,0.0115032553509198
HIST1H4H,"3781_HIST1H4H_ENST00000289352.1,ENST00000377727.1_ENSG00000158406",0.0075682146,-0.0032274248,0.013037735,DOWN,-0.011761590917849
BCAT1,787_BCAT1_P1P2_ENSG00000060982,0.0073870635,-0.02045449,-0.0017202742,UP,0.0191181068720799
THAP7,8880_THAP7_P1P2_ENSG00000184436,0.0073626856,0.019148342,0.011307035,UP,0.00923983393570846
MFSD11,5025_MFSD11_P1P2_ENSG00000092931,0.007263573,0.022292212,0.052408874,DOWN,-0.00937492119690952
SCAND1,7684_SCAND1_P1P2_ENSG00000171222,0.0071797953,0.012921834,0.010065766,UP,0.00825044897736307
BCKDHA,790_BCKDHA_P2_ENSG00000248098,0.00665059,-0.013490956,-0.0079668565,UP,0.00753650618401456
NFX1,5654_NFX1_P1P2_ENSG00000086102,0.006464348,-0.008178261,-7.746866e-06,UP,0.00949459692752374
ASRGL1,591_ASRGL1_P1P2_ENSG00000162174,0.0061498974,0.006165833,-0.0018677656,UP,0.0158849877023002
ASRGL1,591_ASRGL1_P1P2_ENSG00000162174,0.0061498974,0.006165833,-0.0018677656,UP,0.0148599810340011
SHISA5,7894_SHISA5_P1P2_ENSG00000164054,0.006120266,0.0034923,0.007204173,UP,0.0105275134700241
HLCS,3811_HLCS_P2_ENSG00000159267,0.005534269,-0.0021091315,0.0052587152,UP,0.0156281066468832
KIF1B,4382_KIF1B_P1P2_ENSG00000054523,0.0055292854,0.0071107256,-0.02006488,DOWN,-0.0121159475525796
RAB22A,7015_RAB22A_P1P2_ENSG00000124209,0.0051135565,-0.010466506,-0.018540317,DOWN,-0.00798895707501617
EXOSC1,2788_EXOSC1_P1P2_ENSG00000171311,0.0046492103,0.022187628,0.04146135,UP,0.00606966454825471
TMEM33,9068_TMEM33_P1P2_ENSG00000109133,0.004557143,0.013301178,0.013097196,UP,0.010561198999072
APLP2,407_APLP2_P1P2_ENSG00000084234,0.004514117,-0.003171565,0.005121697,UP,0.0111896403856573
ARHGAP21,463_ARHGAP21_P1P2_ENSG00000107863,0.0044732206,0.005178411,-0.007860376,DOWN,-0.0181114717568047
HSD17B1,3951_HSD17B1_P1P2_ENSG00000108786,0.0044374606,-0.00090761314,-0.0055005085,UP,0.00772007258719281
TTLL4,9403_TTLL4_P1P2_ENSG00000135912,0.004384309,0.016688878,0.020198949,UP,0.0186842632058468
DAAM1,2016_DAAM1_P1P2_ENSG00000100592,0.0043765577,0.027110154,0.020510135,UP,0.0223696623580848
DAAM1,2016_DAAM1_P1P2_ENSG00000100592,0.0043765577,0.027110154,0.020510135,UP,0.0188222663479356
DENND1A,2146_DENND1A_P1P2_ENSG00000119522,0.004098199,0.0186782,0.018294027,UP,0.0107844935916031
ANKRD9,345_ANKRD9_P1P2_ENSG00000156381,0.003987052,-0.00031601157,0.03781814,UP,0.0153317806634412
LEPR,4556_LEPR_P1P2_ENSG00000116678,0.0038714255,0.0092773335,0.0009616693,DOWN,-0.0203194622066191
IQGAP2,4173_IQGAP2_P1P2_ENSG00000145703,0.0038475757,-0.008428463,0.013445367,UP,0.0121911873759671
ARMCX3,526_ARMCX3_P1P2_ENSG00000102401,0.0036146918,-0.0051233117,-0.004622116,DOWN,-0.0130486040569772
ASB13,564_ASB13_P1P2_ENSG00000196372,0.0033310323,0.02124998,0.019615822,UP,0.0207079337489159
ASB13,564_ASB13_P1P2_ENSG00000196372,0.0033310323,0.02124998,0.019615822,UP,0.016694667964659
PITPNA,6379_PITPNA_P1P2_ENSG00000174238,0.003132678,0.0018557176,0.0005873089,UP,0.0197646156581008
PITPNA,6379_PITPNA_P1P2_ENSG00000174238,0.003132678,0.0018557176,0.0005873089,UP,0.0204579734568881
PITPNA,6379_PITPNA_P1P2_ENSG00000174238,0.003132678,0.0018557176,0.0005873089,UP,0.0138493569032985
C9orf16,1131_C9orf16_P1P2_ENSG00000171159,0.0027584052,0.023741309,0.02667327,UP,0.0135983489911101
PHF19,6283_PHF19_P1P2_ENSG00000119403,0.0024026665,0.01618938,-0.026320625,DOWN,-0.0102978224288835
TMEM161A,9011_TMEM161A_P1P2_ENSG00000064545,0.0023362543,0.028008947,0.014889106,UP,0.011240449614929
CHDH,1567_CHDH_P1P2_ENSG00000016391,0.0023249218,0.0024623687,-0.0016237197,UP,0.0138253399573845
CCNO,1336_CCNO_P1P2_ENSG00000152669,0.0021189475,0.023695435,0.028741384,UP,0.0187772419156783
UBL4A,9533_UBL4A_P1P2_ENSG00000102178,0.001948928,0.011523145,0.036235902,UP,0.0102221977230888
PPIC,6623_PPIC_P1P2_ENSG00000168938,0.0017239584,-0.0076244934,-0.01596569,DOWN,-0.0106033006163451
WASF1,9786_WASF1_P1P2_ENSG00000112290,0.0016765519,0.019617246,0.007953123,DOWN,-0.014309619456112
STK11,8511_STK11_P1_ENSG00000118046,0.0015527346,-0.001459477,-0.012315848,UP,0.00924389064692581
SLC25A39,8005_SLC25A39_P1_ENSG00000013306,0.0012472963,0.0045748143,-0.012056053,UP,0.00921741145464772
SLC40A1,8083_SLC40A1_P2_ENSG00000138449,0.0010527364,0.0068758456,0.017647104,DOWN,-0.0132626406142714
FGD6,3068_FGD6_P1P2_ENSG00000180263,0.000926247,-0.0008511713,-0.0103492355,DOWN,-0.0119524994770686
FGD6,3068_FGD6_P1P2_ENSG00000180263,0.000926247,-0.0008511713,-0.0103492355,DOWN,-0.0116994608675333
GGA2,3352_GGA2_P1P2_ENSG00000103365,0.00089808635,0.026015755,0.011742878,UP,0.0143681401919924
ID2,4020_ID2_P1_ENSG00000115738,0.00032903833,-0.00541396,-0.013603925,DOWN,-0.0131809571703663
TPM1,9204_TPM1_P2_ENSG00000140416,-0.00019173315,-0.00081094034,0.0008631357,DOWN,-0.0107591867181991
FADS3,2818_FADS3_P1P2_ENSG00000221968,-0.00025082417,-0.018722927,-0.023831964,UP,0.0133796366908505
DMTF1,2263_DMTF1_P1P2_ENSG00000135164,-0.0003095881,0.022774728,0.022273846,DOWN,-0.00773503276083463
RIT1,7317_RIT1_P1P2_ENSG00000143622,-0.00033204202,0.00083710783,0.019997008,DOWN,-0.0106043257586144
CETN3,1531_CETN3_P1P2_ENSG00000153140,-0.0003938072,0.009745715,-0.015297809,DOWN,-0.00974126408783262
MLLT3,5113_MLLT3_P1P2_ENSG00000171843,-0.00040929057,-0.003744984,0.0008824967,DOWN,-0.0119363018636624
ARHGAP1,462_ARHGAP1_P1P2_ENSG00000175220,-0.00047369656,0.0040870775,-0.019798608,UP,0.00896485577454609
ARHGAP1,462_ARHGAP1_P1P2_ENSG00000175220,-0.00047369656,0.0040870775,-0.019798608,UP,0.0178089748650318
LSR,4698_LSR_P1P2_ENSG00000105699,-0.00053759996,-0.00074310496,0.019804979,UP,0.0165001233646137
BEST1,819_BEST1_P2_ENSG00000167995,-0.0006324039,-0.007489714,-0.009077872,UP,0.0217143587467327
KRAS,4466_KRAS_P1P2_ENSG00000133703,-0.00079645327,-0.027253978,0.02057564,DOWN,-0.00999416119484724
SLC39A3,8074_SLC39A3_P1P2_ENSG00000141873,-0.00086539716,0.013459812,0.002139283,UP,0.0111965170712398
ACY1,121_ACY1_P1P2_ENSG00000243989,-0.000878153,-0.006150195,0.0009460335,UP,0.00844077916511836
ZNF518B,10417_ZNF518B_P1P2_ENSG00000178163,-0.00092262565,0.04598599,0.01574421,DOWN,-0.00968650317298453
PDCD4,6156_PDCD4_P1_ENSG00000150593,-0.0010763927,0.0019654366,-0.005684829,DOWN,-0.0115226789592798
ZBTB46,10000_ZBTB46_P1P2_ENSG00000130584,-0.0010900744,-0.001696868,-0.012184531,DOWN,-0.00859662065776074
RILP,7307_RILP_P1P2_ENSG00000167705,-0.0014270336,0.030198695,-0.0044614803,UP,0.00922360035204795
COPG2,1776_COPG2_P1P2_ENSG00000158623,-0.0014844775,0.0059854398,0.0118065635,UP,0.0107031336183546
ME1,4923_ME1_P1P2_ENSG00000065833,-0.001796674,-0.010014815,0.03728642,DOWN,-0.00949630946999462
ME1,4923_ME1_P1P2_ENSG00000065833,-0.001796674,-0.010014815,0.03728642,DOWN,-0.0164364216184245
MAP1S,4799_MAP1S_P1P2_ENSG00000130479,-0.0020876145,0.0010452955,0.0032530583,UP,0.00829641030097908
LIMA1,4581_LIMA1_P1_ENSG00000050405,-0.002386131,0.016116314,0.07805354,DOWN,-0.010832436853923
LBH,4526_LBH_P1P2_ENSG00000213626,-0.002543013,-0.00020403575,0.007734793,UP,0.0132353411830061
NR3C1,5796_NR3C1_P1P2_ENSG00000113580,-0.002823028,0.027728371,0.030813936,DOWN,-0.00922828341135388
GLI2,3391_GLI2_ENST00000452319.1_ENSG00000074047,-0.0028794082,0.003334167,0.0106186215,DOWN,-0.0124495371822522
CST3,1913_CST3_P1P2_ENSG00000101439,-0.0029287133,0.018697485,0.023172835,UP,0.0175133643553241
ZBTB7A,10008_ZBTB7A_P1_ENSG00000178951,-0.0029829296,0.008880287,0.008697216,UP,0.00881405588874752
BSG,913_BSG_P1P2_ENSG00000172270,-0.0030873318,0.01230803,0.001160949,UP,0.0154878075560867
BSG,913_BSG_P1P2_ENSG00000172270,-0.0030873318,0.01230803,0.001160949,UP,0.0134824307034072
SCARB1,7687_SCARB1_P1P2_ENSG00000073060,-0.0031128938,-0.009833688,0.00094312284,UP,0.00970238771279027
SCARB1,7687_SCARB1_P1P2_ENSG00000073060,-0.0031128938,-0.009833688,0.00094312284,UP,0.0129480640175906
GLI2,3392_GLI2_ENST00000361492.4_ENSG00000074047,-0.0031194875,-0.0027515711,-0.003951086,DOWN,-0.0124495371822522
DEAF1,2136_DEAF1_P1P2_ENSG00000177030,-0.0034773552,0.011104313,0.019563386,UP,0.0107154526248322
CSNK1E,1900_CSNK1E_P1P2_ENSG00000213923,-0.003659377,0.0005328053,0.008998171,UP,0.011888271538706
EZR,2804_EZR_P2_ENSG00000092820,-0.0037212214,0.00016743751,-0.0030895802,UP,0.0218303984981641
STXBP6,8566_STXBP6_P1P2_ENSG00000168952,-0.0038131122,-0.022063576,0.007113888,DOWN,-0.0130526770931013
SLC13A3,7964_SLC13A3_P1P2_ENSG00000158296,-0.003979645,0.00950279,0.0012384026,UP,0.023403691881033
SLC35A1,8037_SLC35A1_P1P2_ENSG00000164414,-0.003981514,0.08731836,0.050435062,DOWN,-0.00864444299024996
SMCHD1,8162_SMCHD1_P1P2_ENSG00000101596,-0.004102652,0.033783488,-0.0074871075,DOWN,-0.0118431044144112
POM121,6567_POM121_P1P2_ENSG00000196313,-0.004164201,0.01961734,0.015736835,UP,0.00858394601506846
ABCB10,20_ABCB10_P1P2_ENSG00000135776,-0.004361278,0.046679504,0.038407512,UP,0.00868760160129969
SERPINF1,7805_SERPINF1_P1P2_ENSG00000132386,-0.0044316356,0.01779637,0.009659741,UP,0.0184319519541009
VEGFA,9718_VEGFA_P1P2_ENSG00000112715,-0.00447524,0.0018900024,-0.0018264741,UP,0.0163288915165446
VEGFA,9718_VEGFA_P1P2_ENSG00000112715,-0.00447524,0.0018900024,-0.0018264741,UP,0.0164355624383928
VEGFA,9718_VEGFA_P1P2_ENSG00000112715,-0.00447524,0.0018900024,-0.0018264741,UP,0.0121861658794375
EZR,2805_EZR_P1_ENSG00000092820,-0.004492863,0.02472281,0.015892426,UP,0.0218303984981641
SRGAP2,8407_SRGAP2_P1P2_ENSG00000266028,-0.004564606,0.017663438,0.02158958,DOWN,-0.0101159213137231
LIMA1,4580_LIMA1_P2_ENSG00000050405,-0.0046126,0.027053703,0.035575256,DOWN,-0.010832436853923
FADS1,2815_FADS1_P1P2_ENSG00000149485,-0.004658513,-0.010196333,-0.028687898,UP,0.0126399696777929
FADS1,2815_FADS1_P1P2_ENSG00000149485,-0.004658513,-0.010196333,-0.028687898,UP,0.016738801724427
FHL3,3080_FHL3_P1P2_ENSG00000183386,-0.005253433,0.011058575,0.007826934,UP,0.0115252038672071
CTDSP1,1930_CTDSP1_P1P2_ENSG00000144579,-0.0054769614,0.01781649,0.019711332,UP,0.00937201942128764
MEST,4982_MEST_P1_ENSG00000106484,-0.005706906,0.022310322,0.00778102,DOWN,-0.0224318564860959
HLCS,3812_HLCS_P1_ENSG00000159267,-0.0060060746,-0.0067925723,-0.0004761619,UP,0.0156281066468832
CYB561,1988_CYB561_P1P2_ENSG00000008283,-0.0062721116,-0.0004881174,-0.02211965,UP,0.0088779901399327
ZXDC,10741_ZXDC_P1P2_ENSG00000070476,-0.006303327,-0.007550457,-0.05953803,DOWN,-0.0111452545983987
GALNT10,3267_GALNT10_P1P2_ENSG00000164574,-0.0069926935,0.005326157,0.0026005812,UP,0.00992545016719961
PEMT,6216_PEMT_P1P2_ENSG00000133027,-0.0070031765,0.02734142,0.020796202,UP,0.00881671638932309
IFRD1,4049_IFRD1_P1_ENSG00000006652,-0.007114621,0.023258055,0.015503545,DOWN,-0.00987034009496678
PEX16,6227_PEX16_P1P2_ENSG00000121680,-0.0072007407,0.048419226,0.024973415,UP,0.0147450533203006
RDH11,7214_RDH11_P1P2_ENSG00000072042,-0.007999484,0.03869501,0.011120135,UP,0.0181832061187449
CHCHD10,1547_CHCHD10_P1P2_ENSG00000250479,-0.008143588,0.015871067,0.002029744,UP,0.0105126328615675
RAB8B,7041_RAB8B_P1P2_ENSG00000166128,-0.008181731,0.02312335,0.05067758,DOWN,-0.0119246134588403
HAGHL,3624_HAGHL_P1P2_ENSG00000103253,-0.008204181,-0.005574814,-0.005215943,UP,0.0112586904340615
VGLL4,9724_VGLL4_P1P2_ENSG00000144560,-0.008210005,0.023725,0.02370552,UP,0.0123092042073283
STK38L,8522_STK38L_P1P2_ENSG00000211455,-0.008630551,0.01773715,0.01936851,DOWN,-0.0128504329295919
PTGES2,6909_PTGES2_P1P2_ENSG00000148334,-0.008664966,0.027752204,0.015885696,UP,0.0114508551760824
DCXR,2084_DCXR_P1P2_ENSG00000169738,-0.009029687,0.03139788,-0.0050653303,UP,0.0102102150217812
ROGDI,7410_ROGDI_P1P2_ENSG00000067836,-0.009158494,0.021922989,0.022185065,UP,0.0124961205535524
MARCKSL1,4850_MARCKSL1_P1P2_ENSG00000175130,-0.009169839,-0.007035586,0.016819773,UP,0.00808942428709859
ZEB2,10062_ZEB2_P1_ENSG00000169554,-0.009526293,-0.012633224,0.02205466,DOWN,-0.011157051875192
SH3GLB1,7885_SH3GLB1_P1P2_ENSG00000097033,-0.009536937,0.0031893132,0.008871555,DOWN,-0.00963590103826484
ANGPT1,312_ANGPT1_P1P2_ENSG00000154188,-0.009787407,-0.019600142,0.0009323314,DOWN,-0.0251285820836246
ANGPT1,312_ANGPT1_P1P2_ENSG00000154188,-0.009787407,-0.019600142,0.0009323314,DOWN,-0.023989610709891
ZDHHC20,10048_ZDHHC20_P1P2_ENSG00000180776,-0.010186524,0.008364562,0.008560433,DOWN,-0.00760176678208121
CHCHD5,1552_CHCHD5_P1P2_ENSG00000125611,-0.0105008045,0.018458668,0.016904606,UP,0.00920252488833682
MANBAL,4791_MANBAL_P1P2_ENSG00000101363,-0.010590365,0.016022963,0.035959776,UP,0.00915597901513755
NSFL1C,5824_NSFL1C_P1P2_ENSG00000088833,-0.010784446,0.024337169,-0.018157683,UP,0.013465566027986
NSFL1C,5824_NSFL1C_P1P2_ENSG00000088833,-0.010784446,0.024337169,-0.018157683,UP,0.0150315050291005
CIB1,1611_CIB1_P1P2_ENSG00000185043,-0.011240985,-0.0009859898,-0.007763944,UP,0.00793726947916737
NFAT5,5621_NFAT5_P1P2_ENSG00000102908,-0.011554008,-0.022491068,-0.014398484,DOWN,-0.00877076932933806
RAB7A,7039_RAB7A_P1P2_ENSG00000075785,-0.011658916,-0.015328845,-0.014055661,UP,0.00889378821096465
QSOX1,6990_QSOX1_P1P2_ENSG00000116260,-0.0118924985,0.0052524568,-0.005953026,UP,0.00697644196979143
RFT1,7255_RFT1_P1P2_ENSG00000163933,-0.011984434,0.008921427,0.0055665653,UP,0.00893529603944196
SMG1,8165_SMG1_P1P2_ENSG00000157106,-0.012026418,0.022775382,0.006576844,DOWN,-0.0120156180456381
NAPA,5462_NAPA_P1P2_ENSG00000105402,-0.012164974,0.029237669,-0.010490467,UP,0.0131435609979715
VPS33B,9750_VPS33B_P1P2_ENSG00000184056,-0.012293413,0.04780776,0.016872145,UP,0.0121971946669785
S100A1,7622_S100A1_P1_ENSG00000160678,-0.012863492,-0.0032106442,0.013459646,UP,0.0119798309188864
DNAJA1,2274_DNAJA1_P1_ENSG00000086061,-0.013691618,0.014897638,0.006105305,DOWN,-0.01878487315197
SLC25A39,8004_SLC25A39_P2_ENSG00000013306,-0.013756868,0.011364409,-0.047170382,UP,0.00921741145464772
LPCAT3,4632_LPCAT3_P1P2_ENSG00000111684,-0.014415462,-0.0043427,-0.01973435,UP,0.0152005246496876
WDR26,9812_WDR26_P1P2_ENSG00000162923,-0.01486113,0.036808133,0.011490492,DOWN,-0.00725904018420138
DOCK11,2322_DOCK11_P1P2_ENSG00000147251,-0.015145461,-0.013232521,0.0039354847,DOWN,-0.0143664091009085
GNA13,3429_GNA13_P1P2_ENSG00000120063,-0.0155118685,0.013496839,0.0072764237,DOWN,-0.0100107654254984
ECHDC3,2465_ECHDC3_P1P2_ENSG00000134463,-0.015553725,0.0033678594,-0.021487685,UP,0.013592040790561
ID2,4019_ID2_P2_ENSG00000115738,-0.01724811,0.0134508535,0.038339898,DOWN,-0.0131809571703663
SPTBN2,8385_SPTBN2_P1P2_ENSG00000173898,-0.017376645,-0.007690045,1.9032508e-05,UP,0.0190879582845058
LSM14A,4688_LSM14A_P1P2_ENSG00000257103,-0.017845726,0.015984748,0.017008249,DOWN,-0.00943242438699189
DDAH2,2086_DDAH2_P1P2_ENSG00000213722,-0.017850446,-0.0038505052,0.028631883,DOWN,-0.0113224199925575
C6orf47,1111_C6orf47_P1P2_ENSG00000204439,-0.018140875,0.012266621,-0.01609469,UP,0.00770784753929134
NIPSNAP3A,5679_NIPSNAP3A_P1P2_ENSG00000136783,-0.018636627,0.02837564,-0.017203717,DOWN,-0.0141721192197512
TOMM34,9165_TOMM34_P1P2_ENSG00000025772,-0.019161781,0.014005389,-0.0036365332,UP,0.00838388006496099
PAQR4,6066_PAQR4_P1P2_ENSG00000162073,-0.019846572,0.0010865149,0.011639593,UP,0.0146259150197213
PAQR4,6066_PAQR4_P1P2_ENSG00000162073,-0.019846572,0.0010865149,0.011639593,UP,0.0190714413405045
SLC25A4,8011_SLC25A4_P1P2_ENSG00000151729,-0.01992949,0.004027216,0.013074345,UP,0.0176779971347318
FAM102B,2827_FAM102B_P1P2_ENSG00000162636,-0.019989997,0.09264991,0.064402625,DOWN,-0.0147738264137485
NMNAT3,5718_NMNAT3_P1P2_ENSG00000163864,-0.020378944,0.0012356511,-0.0043035895,UP,0.0133787955354959
ATP6V0B,674_ATP6V0B_P1P2_ENSG00000117410,-0.021098137,0.021874307,-0.009228915,UP,0.00869615675981511
ANKRD16,331_ANKRD16_P1P2_ENSG00000134461,-0.022802047,-0.010491446,0.015422695,UP,0.0109838802672308
KLF8,4424_KLF8_P1P2_ENSG00000102349,-0.022844879,0.093761064,0.060941834,DOWN,-0.023926155512387
ZBTB7A,10009_ZBTB7A_P2_ENSG00000178951,-0.023551049,0.0078786,-0.001716355,UP,0.00881405588874752
CGGBP1,1541_CGGBP1_P2_ENSG00000163320,-0.023748746,0.021020392,0.02879417,DOWN,-0.0093159861799731
B4GALT1,734_B4GALT1_P1P2_ENSG00000086062,-0.024068257,0.020207347,0.021035245,UP,0.011487490006725
EXOC2,2779_EXOC2_P1P2_ENSG00000112685,-0.025899561,0.011833172,-0.0048703807,DOWN,-0.0108942868252922
SLC38A2,8064_SLC38A2_P1P2_ENSG00000134294,-0.028686492,-0.010824276,0.017518405,DOWN,-0.0186691683279749
SLC38A2,8064_SLC38A2_P1P2_ENSG00000134294,-0.028686492,-0.010824276,0.017518405,DOWN,-0.0128885278736259
HERC4,3694_HERC4_P1P2_ENSG00000148634,-0.029800247,-0.004797331,0.0046228827,DOWN,-0.0115221072204959
RDH10,7213_RDH10_P1P2_ENSG00000121039,-0.030405812,0.010636035,0.008430763,UP,0.0143155940337035
TMEM115,8986_TMEM115_P1P2_ENSG00000126062,-0.030570706,-0.0011059702,-0.0084339585,UP,0.0107801519652448
PTPMT1,6922_PTPMT1_P1P2_ENSG00000110536,-0.03406435,0.058957335,0.04487367,UP,0.00715231685086589
TSEN54,9339_TSEN54_P1P2_ENSG00000182173,-0.036702406,0.04276261,0.021426817,DOWN,-0.0119167246154906
PDCD4,6155_PDCD4_P2_ENSG00000150593,-0.036904365,0.057060633,0.042778797,DOWN,-0.0115226789592798
PPAT,6611_PPAT_P1P2_ENSG00000128059,-0.039513797,0.00879786,-0.10279301,UP,0.00831533453755994
SETDB2,7824_SETDB2_P1P2_ENSG00000136169,-0.04106331,0.045278177,0.02011899,DOWN,-0.0108814171749217
TBL1XR1,8734_TBL1XR1_P1P2_ENSG00000177565,-0.041347653,-0.016764892,-0.0070332885,DOWN,-0.00833677679386855
SLC16A1,7967_SLC16A1_P1_ENSG00000155380,-0.04189841,0.0022039986,-0.011481997,UP,0.0197266894919388
FOXF2,3158_FOXF2_P1P2_ENSG00000137273,-0.044933893,0.020760652,0.09047013,DOWN,-0.0150769585428755
COPE,1773_COPE_P1P2_ENSG00000105669,-0.047480296,0.09930809,0.046173953,UP,0.0121763005316926
SLC31A1,8035_SLC31A1_P1P2_ENSG00000136868,-0.0607462,-0.019031143,-0.03502433,UP,0.00973518360483571
NDUFS1,5565_NDUFS1_P1P2_ENSG00000023228,-0.072174214,-0.0004905664,-0.05818591,UP,0.00754447824590669
MRPL38,5220_MRPL38_P1P2_ENSG00000204316,-0.08362818,-0.0305608,-0.034907434,UP,0.0101564264032558
PRPF38B,6795_PRPF38B_P1P2_ENSG00000134186,-0.099364884,0.06677175,0.027577916,DOWN,-0.00861949144131147
MRPS18A,5248_MRPS18A_P1P2_ENSG00000096080,-0.110495426,-0.008302764,-0.02304269,UP,0.0109535441549277
