Gene_Target,Perturbation,Axis_Score,direction,logFC,adj.P.Val
MRPS18A,5248_MRPS18A_P1P2_ENSG00000096080,-0.10952904,UP,0.0109535441549277,0.0185738662350176
MRPL38,5220_MRPL38_P1P2_ENSG00000204316,-0.086638235,UP,0.0101564264032558,0.0168276050206054
PPAT,6611_PPAT_P1P2_ENSG00000128059,-0.07150273,UP,0.00831533453755994,0.0356681089545314
PRPF38B,6795_PRPF38B_P1P2_ENSG00000134186,-0.062552415,DOWN,-0.00861949144131147,0.0271375227919344
NDUFS1,5565_NDUFS1_P1P2_ENSG00000023228,-0.0580959,UP,0.00754447824590669,0.0232720554268509
SLC31A1,8035_SLC31A1_P1P2_ENSG00000136868,-0.05742058,UP,0.00973518360483571,0.0168276050206054
COPE,1773_COPE_P1P2_ENSG00000105669,-0.03601118,UP,0.0121763005316926,0.0135305375987697
PTPMT1,6922_PTPMT1_P1P2_ENSG00000110536,-0.03429647,UP,0.00715231685086589,0.0305553566787438
TSEN54,9339_TSEN54_P1P2_ENSG00000182173,-0.03320176,DOWN,-0.0119167246154906,0.0293895390973787
DCXR,2084_DCXR_P1P2_ENSG00000169738,-0.032816187,UP,0.0102102150217812,0.0225860429968128
TMEM115,8986_TMEM115_P1P2_ENSG00000126062,-0.031199813,UP,0.0107801519652448,0.0407015069593055
SLC38A2,8064_SLC38A2_P1P2_ENSG00000134294,-0.029839192,DOWN,-0.0186691683279749,0.00443486633530252
SLC38A2,8064_SLC38A2_P1P2_ENSG00000134294,-0.029839192,DOWN,-0.0128885278736259,0.0373035320481167
FOXF2,3158_FOXF2_P1P2_ENSG00000137273,-0.026629904,DOWN,-0.0150769585428755,0.0108489065150277
SLC16A1,7967_SLC16A1_P1_ENSG00000155380,-0.02525969,UP,0.0197266894919388,0.026462372826106
EXOC2,2779_EXOC2_P1P2_ENSG00000112685,-0.023164114,DOWN,-0.0108942868252922,0.0271375227919344
DOCK11,2322_DOCK11_P1P2_ENSG00000147251,-0.02223005,DOWN,-0.0143664091009085,0.0147406083425061
ANKRD16,331_ANKRD16_P1P2_ENSG00000134461,-0.021726409,UP,0.0109838802672308,0.0428521873655949
B4GALT1,734_B4GALT1_P1P2_ENSG00000086062,-0.021586081,UP,0.011487490006725,0.0498048494535535
ABCB10,20_ABCB10_P1P2_ENSG00000135776,-0.021311367,UP,0.00868760160129969,0.028107572242297
ZBTB7A,10009_ZBTB7A_P2_ENSG00000178951,-0.02070441,UP,0.00881405588874752,0.0263588338420056
S100A1,7622_S100A1_P1_ENSG00000160678,-0.020633847,UP,0.0119798309188864,0.0301385191209631
RDH10,7213_RDH10_P1P2_ENSG00000121039,-0.019538296,UP,0.0143155940337035,0.0426538051063771
RFT1,7255_RFT1_P1P2_ENSG00000163933,-0.019052861,UP,0.00893529603944196,0.0309898482440457
PDCD4,6155_PDCD4_P2_ENSG00000150593,-0.01812624,DOWN,-0.0115226789592798,0.0207718775876049
SLC25A39,8004_SLC25A39_P2_ENSG00000013306,-0.018111859,UP,0.00921741145464772,0.0284579978775374
WDR26,9812_WDR26_P1P2_ENSG00000162923,-0.018085392,DOWN,-0.00725904018420138,0.0313455110578305
NFAT5,5621_NFAT5_P1P2_ENSG00000102908,-0.016137434,DOWN,-0.00877076932933806,0.0144882793136808
C6orf47,1111_C6orf47_P1P2_ENSG00000204439,-0.016070476,UP,0.00770784753929134,0.0467426252540438
HERC4,3694_HERC4_P1P2_ENSG00000148634,-0.015970912,DOWN,-0.0115221072204959,0.0168276050206054
ATP6V0B,674_ATP6V0B_P1P2_ENSG00000117410,-0.015790721,UP,0.00869615675981511,0.0206572897466305
KLF8,4424_KLF8_P1P2_ENSG00000102349,-0.014694572,DOWN,-0.023926155512387,0.00404876508589167
MARCKSL1,4850_MARCKSL1_P1P2_ENSG00000175130,-0.014549743,UP,0.00808942428709859,0.0389450818687503
RAB7A,7039_RAB7A_P1P2_ENSG00000075785,-0.013874899,UP,0.00889378821096465,0.0362680746209791
TOMM34,9165_TOMM34_P1P2_ENSG00000025772,-0.013787849,UP,0.00838388006496099,0.0462128364115417
NAPA,5462_NAPA_P1P2_ENSG00000105402,-0.012855864,UP,0.0131435609979715,0.00634212559022695
EZR,2805_EZR_P1_ENSG00000092820,-0.012339227,UP,0.0218303984981641,0.0145900964540037
FADS3,2818_FADS3_P1P2_ENSG00000221968,-0.012318723,UP,0.0133796366908505,0.00443486633530252
TBL1XR1,8734_TBL1XR1_P1P2_ENSG00000177565,-0.012128129,DOWN,-0.00833677679386855,0.0479403906948764
SRGAP2,8407_SRGAP2_P1P2_ENSG00000266028,-0.012085826,DOWN,-0.0101159213137231,0.0275989791043356
CGGBP1,1541_CGGBP1_P2_ENSG00000163320,-0.01151543,DOWN,-0.0093159861799731,0.0462128364115417
GALNT10,3267_GALNT10_P1P2_ENSG00000164574,-0.011245576,UP,0.00992545016719961,0.0356681089545314
FADS1,2815_FADS1_P1P2_ENSG00000149485,-0.010961795,UP,0.0126399696777929,0.0419841763326442
FADS1,2815_FADS1_P1P2_ENSG00000149485,-0.010961795,UP,0.016738801724427,0.0453344261165584
ZEB2,10062_ZEB2_P1_ENSG00000169554,-0.010558623,DOWN,-0.011157051875192,0.0272909533345406
NMNAT3,5718_NMNAT3_P1P2_ENSG00000163864,-0.0103029115,UP,0.0133787955354959,0.0311892027676313
HSD17B1,3951_HSD17B1_P1P2_ENSG00000108786,-0.010300841,UP,0.00772007258719281,0.0429207193289368
LPCAT3,4632_LPCAT3_P1P2_ENSG00000111684,-0.01001719,UP,0.0152005246496876,0.0263588338420056
DNAJA1,2274_DNAJA1_P1_ENSG00000086061,-0.00991635,DOWN,-0.01878487315197,0.0168276050206054
SETDB2,7824_SETDB2_P1P2_ENSG00000136169,-0.009616089,DOWN,-0.0108814171749217,0.0148341394160752
SPTBN2,8385_SPTBN2_P1P2_ENSG00000173898,-0.009519437,UP,0.0190879582845058,0.00845060980835057
PAQR4,6066_PAQR4_P1P2_ENSG00000162073,-0.009494785,UP,0.0146259150197213,0.0187969603581849
PAQR4,6066_PAQR4_P1P2_ENSG00000162073,-0.009494785,UP,0.0190714413405045,0.0168276050206054
CHCHD5,1552_CHCHD5_P1P2_ENSG00000125611,-0.00915723,UP,0.00920252488833682,0.0373035320481167
CETN3,1531_CETN3_P1P2_ENSG00000153140,-0.009058687,DOWN,-0.00974126408783262,0.0325931596278407
NIPSNAP3A,5679_NIPSNAP3A_P1P2_ENSG00000136783,-0.009016072,DOWN,-0.0141721192197512,0.0210065541269356
ROGDI,7410_ROGDI_P1P2_ENSG00000067836,-0.008855428,UP,0.0124961205535524,0.0313455110578305
DMTF1,2263_DMTF1_P1P2_ENSG00000135164,-0.008515783,DOWN,-0.00773503276083463,0.0263588338420056
RAB8B,7041_RAB8B_P1P2_ENSG00000166128,-0.00832044,DOWN,-0.0119246134588403,0.0206950800815505
IFRD1,4049_IFRD1_P1_ENSG00000006652,-0.008195062,DOWN,-0.00987034009496678,0.0436260708508578
PEX16,6227_PEX16_P1P2_ENSG00000121680,-0.0067192884,UP,0.0147450533203006,0.0223997015593214
ME1,4923_ME1_P1P2_ENSG00000065833,-0.005928784,DOWN,-0.00949630946999462,0.0168276050206054
ME1,4923_ME1_P1P2_ENSG00000065833,-0.005928784,DOWN,-0.0164364216184245,0.00676339515854389
ZNF518B,10417_ZNF518B_P1P2_ENSG00000178163,-0.0056649987,DOWN,-0.00968650317298453,0.0103066581320454
HLCS,3812_HLCS_P1_ENSG00000159267,-0.005472026,UP,0.0156281066468832,0.0125341083157423
LSM14A,4688_LSM14A_P1P2_ENSG00000257103,-0.00539909,DOWN,-0.00943242438699189,0.0371435461139647
STK11,8511_STK11_P1_ENSG00000118046,-0.005292168,UP,0.00924389064692581,0.0353268980388232
NSFL1C,5824_NSFL1C_P1P2_ENSG00000088833,-0.0048897797,UP,0.013465566027986,0.0271375227919344
NSFL1C,5824_NSFL1C_P1P2_ENSG00000088833,-0.0048897797,UP,0.0150315050291005,0.0108489065150277
SH3GLB1,7885_SH3GLB1_P1P2_ENSG00000097033,-0.004814553,DOWN,-0.00963590103826484,0.0150820827886685
FHL3,3080_FHL3_P1P2_ENSG00000183386,-0.0047071734,UP,0.0115252038672071,0.0419841763326442
CHCHD10,1547_CHCHD10_P1P2_ENSG00000250479,-0.004476279,UP,0.0105126328615675,0.0376552026965915
MAP1S,4799_MAP1S_P1P2_ENSG00000130479,-0.004112481,UP,0.00829641030097908,0.014279561496736
SHISA5,7894_SHISA5_P1P2_ENSG00000164054,-0.0039983946,UP,0.0105275134700241,0.0289222052277259
WASF1,9786_WASF1_P1P2_ENSG00000112290,-0.0039911033,DOWN,-0.014309619456112,0.0108489065150277
STXBP6,8566_STXBP6_P1P2_ENSG00000168952,-0.0039455188,DOWN,-0.0130526770931013,0.0491947428891234
SCARB1,7687_SCARB1_P1P2_ENSG00000073060,-0.003912054,UP,0.00970238771279027,0.034779213937706
SCARB1,7687_SCARB1_P1P2_ENSG00000073060,-0.003912054,UP,0.0129480640175906,0.00443486633530252
VEGFA,9718_VEGFA_P1P2_ENSG00000112715,-0.0035712086,UP,0.0163288915165446,0.0117491859274041
VEGFA,9718_VEGFA_P1P2_ENSG00000112715,-0.0035712086,UP,0.0164355624383928,0.00407290694652651
VEGFA,9718_VEGFA_P1P2_ENSG00000112715,-0.0035712086,UP,0.0121861658794375,0.0272909533345406
DAAM1,2016_DAAM1_P1P2_ENSG00000100592,-0.003558309,UP,0.0223696623580848,0.00830708682061085
DAAM1,2016_DAAM1_P1P2_ENSG00000100592,-0.003558309,UP,0.0188222663479356,0.0232720554268509
ARMCX3,526_ARMCX3_P1P2_ENSG00000102401,-0.0034687985,DOWN,-0.0130486040569772,0.0494223037642735
SLC13A3,7964_SLC13A3_P1P2_ENSG00000158296,-0.0034663817,UP,0.023403691881033,0.0242071383903987
MEST,4982_MEST_P1_ENSG00000106484,-0.0034066166,DOWN,-0.0224318564860959,0.00585992008486129
CST3,1913_CST3_P1P2_ENSG00000101439,-0.003039248,UP,0.0175133643553241,0.0401729668776668
MLLT3,5113_MLLT3_P1P2_ENSG00000171843,-0.0029351108,DOWN,-0.0119363018636624,0.0484959380025854
ECHDC3,2465_ECHDC3_P1P2_ENSG00000134463,-0.0028652623,UP,0.013592040790561,0.0479403906948764
QSOX1,6990_QSOX1_P1P2_ENSG00000116260,-0.0026022058,UP,0.00697644196979143,0.0352053664366198
INPP5K,4138_INPP5K_P1P2_ENSG00000132376,-0.0025696843,UP,0.0214130652874726,0.0210424424290435
INPP5K,4138_INPP5K_P1P2_ENSG00000132376,-0.0025696843,UP,0.0176460755548964,0.0494453943766575
TPM1,9204_TPM1_P2_ENSG00000140416,-0.0025475076,DOWN,-0.0107591867181991,0.0426538051063771
TMEM161A,9011_TMEM161A_P1P2_ENSG00000064545,-0.0025415742,UP,0.011240449614929,0.0242071383903987
PTGES2,6909_PTGES2_P1P2_ENSG00000148334,-0.0024253647,UP,0.0114508551760824,0.0281642459123839
ZBTB46,10000_ZBTB46_P1P2_ENSG00000130584,-0.0024153148,DOWN,-0.00859662065776074,0.0207673165107694
GGA2,3352_GGA2_P1P2_ENSG00000103365,-0.002102427,UP,0.0143681401919924,0.0266146674975324
HLCS,3811_HLCS_P2_ENSG00000159267,-0.0020091208,UP,0.0156281066468832,0.0125341083157423
LIMA1,4580_LIMA1_P2_ENSG00000050405,-0.0018270564,DOWN,-0.010832436853923,0.0128959018141283
VPS33B,9750_VPS33B_P1P2_ENSG00000184056,-0.0017812107,UP,0.0121971946669785,0.0325931596278407
SERPINF1,7805_SERPINF1_P1P2_ENSG00000132386,-0.0017681294,UP,0.0184319519541009,0.0312917431621461
LBH,4526_LBH_P1P2_ENSG00000213626,-0.0016328832,UP,0.0132353411830061,0.0333375761179703
DEAF1,2136_DEAF1_P1P2_ENSG00000177030,-0.0015805953,UP,0.0107154526248322,0.0207718775876049
FXR2,3231_FXR2_P1P2_ENSG00000129245,-0.0014314534,UP,0.0112380137701489,0.0436260708508578
SMG1,8165_SMG1_P1P2_ENSG00000157106,-0.001416819,DOWN,-0.0120156180456381,0.0336388828611276
RILP,7307_RILP_P1P2_ENSG00000167705,-0.001340552,UP,0.00922360035204795,0.0495647286647004
SLC25A39,8005_SLC25A39_P1_ENSG00000013306,-0.0012810205,UP,0.00921741145464772,0.0284579978775374
PEMT,6216_PEMT_P1P2_ENSG00000133027,-0.001280856,UP,0.00881671638932309,0.0449325531219475
IQGAP2,4173_IQGAP2_P1P2_ENSG00000145703,-0.0012637582,UP,0.0121911873759671,0.0491947428891234
CCNO,1336_CCNO_P1P2_ENSG00000152669,-0.0012433786,UP,0.0187772419156783,0.014279561496736
UBL4A,9533_UBL4A_P1P2_ENSG00000102178,-0.0012370207,UP,0.0102221977230888,0.0441225854088442
RIT1,7317_RIT1_P1P2_ENSG00000143622,-0.0011758968,DOWN,-0.0106043257586144,0.0311892027676313
APLP1,406_APLP1_P1P2_ENSG00000105290,-0.0011658869,UP,0.0168314432181809,0.0109360329137389
FAM133B,2852_FAM133B_P1P2_ENSG00000234545,-0.0011479376,DOWN,-0.0094353055826164,0.0103066581320454
EZR,2804_EZR_P2_ENSG00000092820,-0.0010506662,UP,0.0218303984981641,0.0145900964540037
VGLL4,9724_VGLL4_P1P2_ENSG00000144560,-0.00078958826,UP,0.0123092042073283,0.0034290301913685
RDH11,7214_RDH11_P1P2_ENSG00000072042,-0.0007364299,UP,0.0181832061187449,0.0382837713516112
RAB22A,7015_RAB22A_P1P2_ENSG00000124209,-0.000715326,DOWN,-0.00798895707501617,0.0376452405580788
ANGPT1,312_ANGPT1_P1P2_ENSG00000154188,-0.00045158158,DOWN,-0.0251285820836246,0.00530488077275737
ANGPT1,312_ANGPT1_P1P2_ENSG00000154188,-0.00045158158,DOWN,-0.023989610709891,0.0225860429968128
ZBTB7A,10008_ZBTB7A_P1_ENSG00000178951,-0.00043661526,UP,0.00881405588874752,0.0263588338420056
BCKDHA,790_BCKDHA_P2_ENSG00000248098,-0.00017364285,UP,0.00753650618401456,0.0461585394631721
NR3C1,5796_NR3C1_P1P2_ENSG00000113580,-0.00010889969,DOWN,-0.00922828341135388,0.0494223037642735
STK38L,8522_STK38L_P1P2_ENSG00000211455,4.8693848e-05,DOWN,-0.0128504329295919,0.0226686141798354
CYB561,1988_CYB561_P1P2_ENSG00000008283,0.00018929347,UP,0.0088779901399327,0.0426538051063771
ZDHHC20,10048_ZDHHC20_P1P2_ENSG00000180776,0.00020287703,DOWN,-0.00760176678208121,0.0426538051063771
GNA13,3429_GNA13_P1P2_ENSG00000120063,0.00021028005,DOWN,-0.0100107654254984,0.0271375227919344
GPX4,3523_GPX4_P1P2_ENSG00000167468,0.00030490613,UP,0.0119248751105752,0.0151466788748567
SMCHD1,8162_SMCHD1_P1P2_ENSG00000101596,0.00052891194,DOWN,-0.0118431044144112,0.0150820827886685
CTDSP1,1930_CTDSP1_P1P2_ENSG00000144579,0.000751009,UP,0.00937201942128764,0.0449325531219475
LSR,4698_LSR_P1P2_ENSG00000105699,0.00091181014,UP,0.0165001233646137,0.0186487909648053
LEPR,4556_LEPR_P1P2_ENSG00000116678,0.0010191438,DOWN,-0.0203194622066191,0.0303188292905441
HAGHL,3624_HAGHL_P1P2_ENSG00000103253,0.0010572537,UP,0.0112586904340615,0.0314004255818238
FGD6,3068_FGD6_P1P2_ENSG00000180263,0.0011556974,DOWN,-0.0119524994770686,0.0167274779734353
FGD6,3068_FGD6_P1P2_ENSG00000180263,0.0011556974,DOWN,-0.0116994608675333,0.0481530183192658
SLC40A1,8083_SLC40A1_P2_ENSG00000138449,0.0012202046,DOWN,-0.0132626406142714,0.0375355739135275
GLI2,3391_GLI2_ENST00000452319.1_ENSG00000074047,0.0012442206,DOWN,-0.0124495371822522,0.0373035320481167
CLK1,1658_CLK1_P1P2_ENSG00000013441,0.0013574248,DOWN,-0.0134405769169601,0.0151466788748567
CLK1,1658_CLK1_P1P2_ENSG00000013441,0.0013574248,DOWN,-0.0130470123205711,0.0371435461139647
ARFRP1,452_ARFRP1_P1P2_ENSG00000101246,0.0015526931,UP,0.0115032553509198,0.0247775541168489
PPIC,6623_PPIC_P1P2_ENSG00000168938,0.001837946,DOWN,-0.0106033006163451,0.0382837713516112
GOT2,3481_GOT2_P1P2_ENSG00000125166,0.0021414298,UP,0.0145641422898208,0.0479403906948764
HIST1H4H,"3781_HIST1H4H_ENST00000289352.1,ENST00000377727.1_ENSG00000158406",0.0022633488,DOWN,-0.011761590917849,0.0401729668776668
SLC39A3,8074_SLC39A3_P1P2_ENSG00000141873,0.0023268,UP,0.0111965170712398,0.0108489065150277
MANBAL,4791_MANBAL_P1P2_ENSG00000101363,0.0023907225,UP,0.00915597901513755,0.0382837713516112
THAP7,8880_THAP7_P1P2_ENSG00000184436,0.0026137803,UP,0.00923983393570846,0.0289222052277259
BSG,913_BSG_P1P2_ENSG00000172270,0.0027979752,UP,0.0154878075560867,0.0219140148434724
BSG,913_BSG_P1P2_ENSG00000172270,0.0027979752,UP,0.0134824307034072,0.0214813166357918
SOX9,8301_SOX9_P1P2_ENSG00000125398,0.002873683,UP,0.0182315403920421,0.0224862690054313
ID2,4020_ID2_P1_ENSG00000115738,0.0031476954,DOWN,-0.0131809571703663,0.0312917431621461
ASB13,564_ASB13_P1P2_ENSG00000196372,0.0031938178,UP,0.0207079337489159,0.00978071916088283
ASB13,564_ASB13_P1P2_ENSG00000196372,0.0031938178,UP,0.016694667964659,0.0373035320481167
POM121,6567_POM121_P1P2_ENSG00000196313,0.00330057,UP,0.00858394601506846,0.0373035320481167
COPG2,1776_COPG2_P1P2_ENSG00000158623,0.0033837007,UP,0.0107031336183546,0.0226946247443891
ARHGAP1,462_ARHGAP1_P1P2_ENSG00000175220,0.003625958,UP,0.00896485577454609,0.0180506429320999
ARHGAP1,462_ARHGAP1_P1P2_ENSG00000175220,0.003625958,UP,0.0178089748650318,0.00454532720524772
BEST1,819_BEST1_P2_ENSG00000167995,0.0039175465,UP,0.0217143587467327,0.0405162731281127
PI4K2A,6315_PI4K2A_P1P2_ENSG00000155252,0.004014215,UP,0.0109003146496338,0.0309932417847774
MFSD11,5025_MFSD11_P1P2_ENSG00000092931,0.004050391,DOWN,-0.00937492119690952,0.0271375227919344
DENND1A,2146_DENND1A_P1P2_ENSG00000119522,0.004067773,UP,0.0107844935916031,0.0383558148675779
GGT1,3360_GGT1_P2_ENSG00000286070,0.004100988,UP,0.0113632365537931,0.0261828020952465
DDAH2,2086_DDAH2_P1P2_ENSG00000213722,0.004433708,DOWN,-0.0113224199925575,0.0108489065150277
ASRGL1,591_ASRGL1_P1P2_ENSG00000162174,0.0045646606,UP,0.0158849877023002,0.00845060980835057
ASRGL1,591_ASRGL1_P1P2_ENSG00000162174,0.0045646606,UP,0.0148599810340011,0.0168276050206054
ZXDC,10741_ZXDC_P1P2_ENSG00000070476,0.004583712,DOWN,-0.0111452545983987,0.0214813166357918
LHX2,4568_LHX2_P1P2_ENSG00000106689,0.004616816,UP,0.0248553873956604,0.012855091259739
GCAT,3313_GCAT_P1P2_ENSG00000100116,0.0047171344,UP,0.0109672728286736,0.0232720554268509
NFX1,5654_NFX1_P1P2_ENSG00000086102,0.004738683,UP,0.00949459692752374,0.0308967089158896
PHF19,6283_PHF19_P1P2_ENSG00000119403,0.004796138,DOWN,-0.0102978224288835,0.0103066581320454
SLC35A1,8037_SLC35A1_P1P2_ENSG00000164414,0.0048741563,DOWN,-0.00864444299024996,0.0232720554268509
AGPAT4,196_AGPAT4_P1P2_ENSG00000026652,0.0048962487,DOWN,-0.0100465753778135,0.0412254272183675
EDEM3,2478_EDEM3_P1P2_ENSG00000116406,0.0049910517,DOWN,-0.0092477741122529,0.0363991481341572
PDCD4,6156_PDCD4_P1_ENSG00000150593,0.005188391,DOWN,-0.0115226789592798,0.0207718775876049
PHKG2,6300_PHKG2_P1P2_ENSG00000156873,0.0052461987,UP,0.00762116188795683,0.0491947428891234
ID2,4019_ID2_P2_ENSG00000115738,0.0052610696,DOWN,-0.0131809571703663,0.0312917431621461
TTLL4,9403_TTLL4_P1P2_ENSG00000135912,0.0052833324,UP,0.0186842632058468,0.0223068032234418
TMEM98,9101_TMEM98_P1P2_ENSG00000006042,0.005350702,UP,0.0204156243427939,0.0207718775876049
FADS2,2816_FADS2_P2_ENSG00000134824,0.005513972,UP,0.0121226989491396,0.0373035320481167
FADS2,2816_FADS2_P2_ENSG00000134824,0.005513972,UP,0.018688354988202,0.0130248413436757
KRAS,4466_KRAS_P1P2_ENSG00000133703,0.005572663,DOWN,-0.00999416119484724,0.0404555553245339
GTF2F2,3572_GTF2F2_P1P2_ENSG00000188342,0.005599009,UP,0.0110122770153645,0.0271375227919344
CSNK1E,1900_CSNK1E_P1P2_ENSG00000213923,0.0057253623,UP,0.011888271538706,0.0330694903066041
ARHGAP21,463_ARHGAP21_P1P2_ENSG00000107863,0.005795105,DOWN,-0.0181114717568047,0.00211168697793625
SLC2A1,8026_SLC2A1_P1P2_ENSG00000117394,0.00585443,UP,0.0208138623886908,0.012855091259739
SCAND1,7684_SCAND1_P1P2_ENSG00000171222,0.0060405335,UP,0.00825044897736307,0.0240134821793781
NETO2,5607_NETO2_P1P2_ENSG00000171208,0.006415063,UP,0.0240809763470547,0.0211567108225005
NETO2,5607_NETO2_P1P2_ENSG00000171208,0.006415063,UP,0.024129733923094,0.0333375761179703
SLC25A4,8011_SLC25A4_P1P2_ENSG00000151729,0.006440321,UP,0.0176779971347318,0.00778061164908113
SLC40A1,8082_SLC40A1_P1_ENSG00000138449,0.0066616894,DOWN,-0.0132626406142714,0.0375355739135275
CHDH,1567_CHDH_P1P2_ENSG00000016391,0.0068472014,UP,0.0138253399573845,0.0427491567597914
FBXW9,3040_FBXW9_P1P2_ENSG00000132004,0.006884839,UP,0.0079035883122042,0.0373035320481167
APLP2,407_APLP2_P1P2_ENSG00000084234,0.0069500525,UP,0.0111896403856573,0.0168276050206054
TMEM62,9087_TMEM62_P1P2_ENSG00000137842,0.0069900006,UP,0.0125768354643687,0.00407290694652651
LRRC20,4658_LRRC20_P1P2_ENSG00000172731,0.0074559925,UP,0.0137736286909979,0.0207718775876049
PFKL,6244_PFKL_P1_ENSG00000141959,0.0074899867,UP,0.0173403936704166,0.0104495159848239
C9orf16,1131_C9orf16_P1P2_ENSG00000171159,0.007937375,UP,0.0135983489911101,0.012855091259739
ACY1,121_ACY1_P1P2_ENSG00000243989,0.008181091,UP,0.00844077916511836,0.0385118102225947
TMEM33,9068_TMEM33_P1P2_ENSG00000109133,0.008198783,UP,0.010561198999072,0.0168895716790559
STK11,8512_STK11_P2_ENSG00000118046,0.008554526,UP,0.00924389064692581,0.0353268980388232
ARAF,432_ARAF_P1P2_ENSG00000078061,0.008670338,UP,0.0124172677261815,0.0389390716216429
BCAT1,787_BCAT1_P1P2_ENSG00000060982,0.008678723,UP,0.0191181068720799,0.0445321187123484
PCOLCE2,6140_PCOLCE2_P1P2_ENSG00000163710,0.008752322,UP,0.02239024274882,0.0186487909648053
MBOAT2,4884_MBOAT2_P1P2_ENSG00000143797,0.008846995,DOWN,-0.0113001013441122,0.0223997015593214
GLI2,3392_GLI2_ENST00000361492.4_ENSG00000074047,0.008900642,DOWN,-0.0124495371822522,0.0373035320481167
ANKRD9,345_ANKRD9_P1P2_ENSG00000156381,0.0091447765,UP,0.0153317806634412,0.00615523463114332
FRYL,3204_FRYL_P1P2_ENSG00000075539,0.009349281,DOWN,-0.00921429662034511,0.00407290694652651
PRKCB,6761_PRKCB_P1P2_ENSG00000166501,0.009946533,UP,0.0149741224933481,0.0271375227919344
SLC9A3R1,8114_SLC9A3R1_P1P2_ENSG00000109062,0.010301526,UP,0.0178321245746454,0.00986864202441733
SLC16A1,7966_SLC16A1_P2_ENSG00000155380,0.010464235,UP,0.0197266894919388,0.026462372826106
WRN,9877_WRN_P1P2_ENSG00000165392,0.010887184,DOWN,-0.0079581345163928,0.036502183186153
ABHD8,52_ABHD8_P1P2_ENSG00000127220,0.011239806,UP,0.0113067767869126,0.0125341083157423
SP5,8310_SP5_P1P2_ENSG00000204335,0.011389841,UP,0.0219845554183557,0.0333375761179703
WBP4,9795_WBP4_P1P2_ENSG00000120688,0.011683861,DOWN,-0.00934398900152491,0.00676339515854389
PITPNA,6379_PITPNA_P1P2_ENSG00000174238,0.011875169,UP,0.0197646156581008,0.0356681089545314
PITPNA,6379_PITPNA_P1P2_ENSG00000174238,0.011875169,UP,0.0204579734568881,0.00676339515854389
PITPNA,6379_PITPNA_P1P2_ENSG00000174238,0.011875169,UP,0.0138493569032985,0.0271375227919344
CIB1,1611_CIB1_P1P2_ENSG00000185043,0.011911386,UP,0.00793726947916737,0.0385118102225947
SLC19A1,7972_SLC19A1_P1P2_ENSG00000173638,0.012060987,UP,0.0155066810725295,0.0447455547367026
HBZ,3655_HBZ_P1P2_ENSG00000130656,0.012505649,UP,0.021465095926682,0.012855091259739
CTSD,1947_CTSD_P1P2_ENSG00000117984,0.012587462,UP,0.0210537415468474,0.0112102448955385
ZEB2,10061_ZEB2_P2_ENSG00000169554,0.012714933,DOWN,-0.011157051875192,0.0272909533345406
AEN,172_AEN_P1P2_ENSG00000181026,0.01274619,UP,0.0136123016751751,0.0423784418214644
S100A1,7623_S100A1_P2_ENSG00000160678,0.01279553,UP,0.0119798309188864,0.0301385191209631
EXOSC1,2788_EXOSC1_P1P2_ENSG00000171311,0.013307743,UP,0.00606966454825471,0.0257786665340111
IFRD1,4048_IFRD1_P2_ENSG00000006652,0.013383727,DOWN,-0.00987034009496678,0.0436260708508578
KIF1B,4382_KIF1B_P1P2_ENSG00000054523,0.013401259,DOWN,-0.0121159475525796,0.00794989334969128
ZNF541,10432_ZNF541_P1P2_ENSG00000118156,0.013627427,UP,0.0120062063249419,0.0322867901249762
CGGBP1,1540_CGGBP1_P1_ENSG00000163320,0.013754085,DOWN,-0.0093159861799731,0.0462128364115417
RBPJ,7191_RBPJ_P1P2_ENSG00000168214,0.013902196,DOWN,-0.00778453100570468,0.0108489065150277
LIMA1,4581_LIMA1_P1_ENSG00000050405,0.014101497,DOWN,-0.010832436853923,0.0128959018141283
AP1S2,372_AP1S2_P1P2_ENSG00000182287,0.014312689,DOWN,-0.0131231783782751,0.0472822498662355
MEST,4981_MEST_P2_ENSG00000106484,0.014720352,DOWN,-0.0224318564860959,0.00585992008486129
TTC7A,9392_TTC7A_P1P2_ENSG00000068724,0.014774545,UP,0.011514123552767,0.0462128364115417
TMEM214,9042_TMEM214_P1P2_ENSG00000119777,0.01515348,UP,0.00973782002812309,0.0314004255818238
MAN2A1,4786_MAN2A1_P1P2_ENSG00000112893,0.015391166,UP,0.0154942635422018,0.0108489065150277
TCF7,8787_TCF7_P1P2_ENSG00000081059,0.015641738,UP,0.0112567426014502,0.0207031056612992
SFXN4,7849_SFXN4_P1P2_ENSG00000183605,0.016281517,UP,0.0111942707340821,0.012855091259739
BEST1,818_BEST1_P1_ENSG00000167995,0.017202465,UP,0.0217143587467327,0.0405162731281127
SNX6,8258_SNX6_P1P2_ENSG00000129515,0.017321955,DOWN,-0.00890860033875996,0.0353268980388232
FADS2,2817_FADS2_P1_ENSG00000134824,0.017525176,UP,0.0121226989491396,0.0373035320481167
FADS2,2817_FADS2_P1_ENSG00000134824,0.017525176,UP,0.018688354988202,0.0130248413436757
ZC3H11A,10018_ZC3H11A_P1P2_ENSG00000058673,0.017689561,DOWN,-0.00646218118069646,0.0314004255818238
PFKL,6245_PFKL_P2_ENSG00000141959,0.017793337,UP,0.0173403936704166,0.0104495159848239
FAM102B,2827_FAM102B_P1P2_ENSG00000162636,0.017860131,DOWN,-0.0147738264137485,0.0117491859274041
RAB11B,7004_RAB11B_P1P2_ENSG00000185236,0.018036203,UP,0.0102157654870722,0.00407290694652651
MBOAT1,4883_MBOAT1_P1P2_ENSG00000172197,0.018500378,DOWN,-0.0144263678280207,0.0294460197843892
DHCR7,2185_DHCR7_P1P2_ENSG00000172893,0.019109804,UP,0.0231665813521379,0.00252136586814623
DNAJA1,2275_DNAJA1_P2_ENSG00000086061,0.020255083,DOWN,-0.01878487315197,0.0168276050206054
FANCL,2967_FANCL_P1P2_ENSG00000115392,0.022486983,DOWN,-0.012176208916047,0.0108489065150277
FLCN,3106_FLCN_P1P2_ENSG00000154803,0.023803616,DOWN,-0.0158116656126934,0.0259812069756154
ZNF689,10555_ZNF689_P1P2_ENSG00000156853,0.02496555,UP,0.0103303392637926,0.00404876508589167
TPM1,9203_TPM1_P1_ENSG00000140416,0.026041394,DOWN,-0.0107591867181991,0.0426538051063771
GGT1,3359_GGT1_P1_ENSG00000286070,0.026869882,UP,0.0113632365537931,0.0261828020952465
MAPK1,4828_MAPK1_P1P2_ENSG00000100030,0.02788559,DOWN,-0.00953165795236447,0.0315873695757955
UHRF1,9583_UHRF1_P1P2_ENSG00000276043,0.028630078,DOWN,-0.0168075518781442,0.0147406083425061
MED28,4951_MED28_P1P2_ENSG00000118579,0.030269016,DOWN,-0.00715845794122717,0.0441225854088442
BCKDHA,791_BCKDHA_P1_ENSG00000248098,0.032602146,UP,0.00753650618401456,0.0461585394631721
ARL6IP6,517_ARL6IP6_P1P2_ENSG00000177917,0.03288081,DOWN,-0.00961558195690517,0.0329482417900333
DNAJB4,2282_DNAJB4_P1P2_ENSG00000162616,0.033286568,DOWN,-0.0196765190937693,0.0165425714984095
DNAJB4,2282_DNAJB4_P1P2_ENSG00000162616,0.033286568,DOWN,-0.0171922127570378,0.0210368194729947
SRA1,8395_SRA1_P1P2_ENSG00000213523,0.034293924,UP,0.010010910673954,0.0226213446583982
SRA1,8395_SRA1_P1P2_ENSG00000213523,0.034293924,UP,0.0097930056924053,0.0427491567597914
ATG2B,620_ATG2B_P1P2_ENSG00000066739,0.038338877,DOWN,-0.0105357018296564,0.0108489065150277
NOC2L,5729_NOC2L_P1P2_ENSG00000188976,0.039982304,UP,0.0109393457677913,0.020022896260455
PTEN,6905_PTEN_P1P2_ENSG00000171862,0.07407076,DOWN,-0.0100662193425765,0.0104495159848239
MED22,4945_MED22_P1P2_ENSG00000148297,0.09430238,UP,0.00905680706109971,0.0373035320481167
NOC4L,5731_NOC4L_P1P2_ENSG00000184967,0.12811686,UP,0.00800295232525076,0.0224862690054313
STK24,8517_STK24_P1P2_ENSG00000102572,0.13943142,UP,0.0130042633213559,0.034411998341179
PES1,6219_PES1_P1P2_ENSG00000100029,0.15332074,UP,0.00978137770775801,0.0332483186740448
