probe_id,logFC,AveExpr,t,P.Value,adj.P.Val,B,gene,direction,tissue
97,-0.0167063124913595,5.33997455248932,-3.84494613348785,0.00024548603461582,0.0289222052277259,-1.32525711585798,SAMD9L,DOWN,extramacular
194,0.0146259150197213,4.8024559720666,4.12416302385062,9.26094144476428e-05,0.0187969603581849,-0.390804932855317,PAQR4,UP,extramacular
376,-0.0134405769169601,7.62024642351158,-4.26164613002882,5.65213926534061e-05,0.0151466788748567,0.0847507549778435,CLK1,DOWN,extramacular
452,0.0223586669506817,6.84037073404721,3.79210752959937,0.000293919247707502,0.0314004255818238,-1.49713400484002,KIRREL2,UP,extramacular
587,-0.0144263678280207,4.27894586453535,-3.83387022257176,0.000254959439596541,0.0294460197843892,-1.3614199998903,MBOAT1,DOWN,extramacular
896,0.0197646156581008,12.1926218107012,3.71850765424573,0.00037679057121586,0.0356681089545314,-1.73381006645861,PITPNA,UP,extramacular
991,0.0328802182066699,14.2059576737623,4.08678366137031,0.000105753011590174,0.0206572897466305,-0.518382349153531,TTR,UP,extramacular
1034,-0.00999416119484724,4.13635253022227,-3.64129501878393,0.000487440105617554,0.0404555553245339,-1.97861586434095,KRAS,DOWN,extramacular
1209,0.0119248751105752,10.7127368517051,4.26778787341595,5.5277063549569e-05,0.0151466788748567,0.106222625065827,GPX4,UP,extramacular
1594,-0.0092477741122529,6.90398496570636,-3.70370705295273,0.000395951708971564,0.0363991481341572,-1.78101493603508,EDEM3,DOWN,extramacular
1610,-0.01878487315197,9.14081055466555,-4.1861573231797,7.42044472826007e-05,0.0168276050206054,-0.177583384773249,DNAJA1,DOWN,extramacular
1630,-0.014309619456112,5.46589985723994,-4.51831275108796,2.19797750050914e-05,0.0108489065150277,0.99796550950953,WASF1,DOWN,extramacular
1806,0.011514123552767,7.7207893469767,3.56443607790878,0.000627818289786066,0.0462128364115417,-2.21867807225232,TTC7A,UP,extramacular
1959,-0.010832436853923,7.87236357098612,-4.37461236231985,3.74295686800308e-05,0.0128959018141283,0.482716750555678,LIMA1,DOWN,extramacular
1998,-0.00760176678208121,7.73633251074883,-3.60838691377288,0.000543442892446111,0.0426538051063771,-2.08184832058787,ZDHHC20,DOWN,extramacular
2099,0.0234642149714019,6.64135200665339,4.39692422297177,3.44803219707265e-05,0.0126222607214267,0.56206590236429,SLC22A8,UP,extramacular
2200,-0.0147738264137485,4.67200032715261,-4.44165927946386,2.92296820632981e-05,0.0117491859274041,0.721888088598673,FAM102B,DOWN,extramacular
2350,-0.0141895735136909,3.9383239479112,-3.72431379094768,0.000369517823431071,0.0353268980388232,-1.71525618523063,SHE,DOWN,extramacular
2504,0.0182315403920421,5.06944422788928,4.01043992215906,0.000138390098850178,0.0224862690054313,-0.776604520379333,SOX9,UP,extramacular
2568,0.0158849877023002,8.19759540089617,4.66237359902478,1.27789709297009e-05,0.00845060980835057,1.52418759717883,ASRGL1,UP,extramacular
2639,0.0136123016751751,3.60854548409843,3.61173199942058,0.000537482676760036,0.0423784418214644,-2.07138523668713,AEN,UP,extramacular
2674,0.0108138952579209,4.86987256136176,3.57975049647346,0.000597098440547225,0.0449325531219475,-2.17113677082458,LMF1,UP,extramacular
2829,-0.0193855641067255,7.99883959539654,-3.92651024769528,0.000185392191950203,0.0257448574044385,-1.05678231174022,RSPO3,DOWN,extramacular
2875,0.0214130652874726,8.60007257828695,4.05939663262634,0.00011650327881446,0.0210424424290435,-0.61137933300278,INPP5K,UP,extramacular
2880,-0.011875815791848,4.99921356482632,-3.56258500348375,0.00063163137490996,0.0464101906295849,-2.22441454126271,C9orf150,DOWN,extramacular
2992,0.0102221977230888,3.52518161840177,3.58963324833144,0.000578037172262123,0.0441225854088442,-2.14037976513279,UBL4A,UP,extramacular
3012,0.0143155940337035,7.69644370892144,3.60704289102415,0.000545855278855759,0.0426538051063771,-2.08605034069355,RDH10,UP,extramacular
3099,0.0221041182747269,9.27853740232139,3.95394901362727,0.00016855575511084,0.0242071383903987,-0.965617372401439,CLIC6,UP,extramacular
3159,-0.011157051875192,7.69794096052043,-3.88001335284896,0.000217661993668165,0.0272909533345406,-1.21029623189699,ZEB2,DOWN,extramacular
3168,0.029624819045865,8.04825469836515,4.17675120342878,7.67502960695905e-05,0.0168276050206054,-0.210064378233997,RRH,UP,extramacular
3186,0.0224234092397462,8.25479500420971,4.13133696611151,9.02734824440346e-05,0.0186487909648053,-0.366234783835972,TRPM3,UP,extramacular
3237,0.00917813419737181,8.58909437809706,3.79800163457072,0.000288095125600818,0.0312917431621461,-1.47804196380638,CECR7,UP,extramacular
3317,-0.0107591867181991,6.01338775896194,-3.60876222689929,0.00054277105329383,0.0426538051063771,-2.08067472362761,TPM1,DOWN,extramacular
3423,0.0273289803455821,4.63553890655251,4.13467615362119,8.92056439472604e-05,0.0185738662350176,-0.3547890395058,PLD5,UP,extramacular
3477,-0.011761590917849,4.26720450360352,-3.64528990446091,0.000481027621126908,0.0401729668776668,-1.96603872604756,HIST1H4H,DOWN,extramacular
3524,0.0234320591394335,4.21365789724664,5.10314945140664,2.31432343347386e-06,0.00407290694652651,3.18950675905851,NOG,UP,extramacular
3619,-0.0168598636901278,4.80362053059475,-4.02558890902974,0.000131227122325289,0.0222884554028969,-0.725617797407777,CARD16,DOWN,extramacular
3661,-0.0103795138860516,4.30024636845818,-3.57878893515252,0.000598984547519982,0.0449325531219475,-2.17412609192111,LOC727820,DOWN,extramacular
3688,0.00762116188795683,7.1343031741001,3.53146808021167,0.00069911117246223,0.0491947428891234,-2.32052430363503,PHKG2,UP,extramacular
3782,-0.012104235873441,7.58575483282407,-3.83559566553378,0.000253461003767199,0.0294388134687114,-1.355791092503,C1orf63,DOWN,extramacular
3799,0.0147300064976035,3.86614509868917,4.4024464827141,3.37858534250235e-05,0.0125341083157423,0.581742548421392,ABCA2,UP,extramacular
3858,0.030807787773138,6.47176526435017,4.70700330705531,1.07843968060376e-05,0.00778061164908113,1.6891021468062,IGFALS,UP,extramacular
4086,-0.0143664091009085,5.32062067887987,-4.29162590701709,5.06933116169112e-05,0.0147406083425061,0.189742739778616,DOCK11,DOWN,extramacular
4184,0.0226703712468379,5.84458337057702,4.84670680803962,6.30863021487305e-06,0.00587849633658625,2.21089538904923,COMP,UP,extramacular
4203,0.0191200287033073,7.29744797261662,4.18187363187941,7.53536067738089e-05,0.0168276050206054,-0.192381452458932,CLDN19,UP,extramacular
4322,-0.0119167246154906,4.18268678311216,-3.83691614167526,0.000252319945421398,0.0293895390973787,-1.35148214221527,TSEN54,DOWN,extramacular
4447,0.0248356672122297,5.01587868982798,3.8276799801207,0.000260405247764127,0.0297975874871272,-1.38160020436295,BMP7,UP,extramacular
4513,-0.00953165795236447,4.48270742668541,-3.78713067842644,0.000298924375497773,0.0315873695757955,-1.51323903467374,MAPK1,DOWN,extramacular
4519,0.0111414908922421,5.27395182848064,4.36289620282997,3.90745240310272e-05,0.0130248413436757,0.441147400574598,GBL,UP,extramacular
4549,0.0190714413405045,7.10694185201001,4.18838744423789,7.36128915427617e-05,0.0168276050206054,-0.169875617133703,PAQR4,UP,extramacular
4647,-0.0142468919317891,3.37398579978564,-4.34261607726642,4.20885513057374e-05,0.0136954809804384,0.369352612438085,GRB14,DOWN,extramacular
4694,0.00896485577454609,10.8483698795415,4.14976358291389,8.45305955687242e-05,0.0180506429320999,-0.303000290745223,ARHGAP1,UP,extramacular
4699,0.0107844935916031,3.99805036873573,3.6667844150831,0.000447879272004734,0.0383558148675779,-1.89820020293838,DENND1A,UP,extramacular
4819,0.0175960438638749,6.28061106947342,3.68056291950691,0.000427785874921812,0.0375807530651711,-1.85456632534873,HSPB8,UP,extramacular
4833,0.0229445525755812,6.52751108327498,4.03038068771226,0.000129036502412428,0.0222289773063426,-0.709463989357642,FXYD3,UP,extramacular
4836,-0.0120378900325056,2.94940845327036,-3.71584608503045,0.000380169844222689,0.0356681089545314,-1.74230853487699,C20orf7,DOWN,extramacular
4852,0.0211975948944017,6.93200912992131,4.16517946695776,7.99978973201596e-05,0.0172627041585607,-0.2499601858766,FOLR1,UP,extramacular
5183,-0.0186247857056459,6.62279398038686,-5.19315714989143,1.61897481120612e-06,0.00404876508589167,3.53898505576378,KCTD12,DOWN,extramacular
5223,0.00925135942479284,7.35394476770464,4.06809785594525,0.000112978748830144,0.0207718775876049,-0.581876851998203,SSSCA1,UP,extramacular
5232,0.0248553873956604,7.93364957963414,4.38354102401677,3.62211705250509e-05,0.012855091259739,0.514441154742817,LHX2,UP,extramacular
5331,0.0144585029297327,6.78739545117713,3.64970163398421,0.0004740392383709,0.0398270671582109,-1.95213790214042,SDC4,UP,extramacular
5441,0.0119798309188864,4.26606548415081,3.82214786310385,0.000265365985430919,0.0301385191209631,-1.39961609457906,S100A1,UP,extramacular
5718,0.0101564264032558,5.58335758478643,4.19656897227534,7.14813689067121e-05,0.0168276050206054,-0.141576372531924,MRPL38,UP,extramacular
5733,0.0132353411830061,7.15863580660341,3.75482337011179,0.000333448396079211,0.0333375761179703,-1.61743042096655,LBH,UP,extramacular
5738,0.0107801519652448,4.06573663269238,3.63703088442419,0.000494374401603272,0.0407015069593055,-1.99202990790363,TMEM115,UP,extramacular
5809,0.00715231685086589,8.65054435384725,3.81554712373717,0.000271403150279556,0.0305553566787438,-1.42108877254719,PTPMT1,UP,extramacular
5818,0.00992545016719961,4.21217375593808,3.71667134096659,0.000379118978221123,0.0356681089545314,-1.7396739224608,GALNT10,UP,extramacular
5847,0.0209428121058853,5.77741048441914,3.59185205208003,0.000573837775726913,0.0438943074716482,-2.13346608991464,BSPRY,UP,extramacular
5877,0.0247886234459041,9.45901830437648,4.32972496186793,4.41200122000921e-05,0.014132191407842,0.323821904856448,FLJ42875,UP,extramacular
5880,0.0185200568196038,4.58180177601762,3.99277704635556,0.000147215980859794,0.0226911850197428,-0.835892755543916,SYTL3,UP,extramacular
5894,0.025571469968367,7.06459281556448,3.55930791555626,0.000638435857128403,0.0467426252540438,-2.2345649658171,FAM40B,UP,extramacular
6071,0.0151530953432382,6.16640514393952,4.90397692269168,5.05309872257238e-06,0.00530488077275737,2.42716635739708,CA5B,UP,extramacular
6088,0.0181832061187449,9.36932558845307,3.6703063914195,0.000442659356751978,0.0382837713516112,-1.88705773543949,RDH11,UP,extramacular
6159,0.00865256657556921,7.07319434281406,3.74545866812616,0.000344146298421575,0.0339182649886648,-1.64751626411159,TMEM104,UP,extramacular
6418,0.00844077916511836,7.29516873235362,3.66424897771082,0.000451673233010082,0.0385118102225947,-1.90621689491822,ACY1,UP,extramacular
6429,-0.00937492119690952,6.41809848324263,-3.89799433456298,0.000204591887051414,0.0271375227919344,-1.15107599281093,MFSD11,DOWN,extramacular
6481,0.0137298747183464,4.97179844589297,3.95693403112294,0.000166815180944755,0.0242071383903987,-0.955674223625962,TMEM38A,UP,extramacular
6501,0.0216359019867294,9.67456626565337,4.8904914119921,5.32474621347537e-06,0.00532474621347537,2.37611949753196,CST5,UP,extramacular
6571,-0.00864444299024996,6.81170240089731,-3.97283934952615,0.000157827506095982,0.0232720554268509,-0.90260944176761,SLC35A1,DOWN,extramacular
6667,0.0136778951331947,4.25688034548967,4.16645719893411,7.96329016458607e-05,0.0172627041585607,-0.245558401527711,TTYH2,UP,extramacular
6677,0.0219291581388267,5.36318867198754,4.99766923229856,3.50571925889229e-06,0.00454532720524772,2.78384166691099,PEBP4,UP,extramacular
6755,-0.00974126408783262,5.10981183549693,-3.77185286540973,0.000314802224698169,0.0325931596278407,-1.56258688451843,CETN3,DOWN,extramacular
6771,0.0293967448058666,8.83798772556149,3.86375080938707,0.000230168022629126,0.0280357991515922,-1.26369761025753,ITGB8,UP,extramacular
7101,0.011240449614929,5.43346224716556,3.95142619060326,0.000170040386742313,0.0242071383903987,-0.974017055756783,TMEM161A,UP,extramacular
7184,-0.0158131458423657,5.81389734031251,-3.71887072836936,0.000376331816845345,0.0356681089545314,-1.73265043126431,FLRT2,DOWN,extramacular
7353,0.022484164617893,2.98152305173739,4.33024723942554,4.40358969595068e-05,0.014132191407842,0.325664955710211,GSTA5,UP,extramacular
7527,0.0114508551760824,5.04029774484565,3.85863269998911,0.000234244094051778,0.0281642459123839,-1.28047256433962,PTGES2,UP,extramacular
7639,-0.0115226789592798,5.06334344758844,-4.0754858098709,0.000110066850477262,0.0207718775876049,-0.556795029359257,PDCD4,DOWN,extramacular
7759,0.0217908144262345,6.18093121947666,3.65028037466577,0.000473129680933407,0.0398270671582109,-1.95031347879444,CLDN10,UP,extramacular
7823,0.0115393983096952,6.75676040570437,3.73974031919739,0.000350838828006478,0.0343302910459799,-1.66586189936844,SLC43A2,UP,extramacular
7890,-0.0130486040569772,4.37914400448769,-3.5279579261825,0.000707138171988241,0.0494223037642735,-2.33132779035767,ARMCX3,DOWN,extramacular
7918,0.0189225789094935,11.0268926971668,4.18681518501058,7.40294698522237e-05,0.0168276050206054,-0.17530994523687,RGR,UP,extramacular
7920,0.0217632245573362,6.43448141370685,4.18405216711146,7.47670575566856e-05,0.0168276050206054,-0.184856869551131,SEC14L2,UP,extramacular
7922,-0.0124695266538237,2.73457130616364,-3.86155290668387,0.000231910054869109,0.028107572242297,-1.27090323202422,THSD7B,DOWN,extramacular
8135,-0.0128504329295919,3.99697896284408,-3.99413899208636,0.000146516652625766,0.0226686141798354,-0.831327296671875,STK38L,DOWN,extramacular
8200,0.0283962864425785,10.0832232176211,4.07920268910234,0.000108629295617102,0.0207673165107694,-0.544165231418543,SFRP1,UP,extramacular
8229,0.0190832773385205,7.97126256231567,3.79900320051028,0.000287116470146588,0.0312917431621461,-1.47479569289871,WWC1,UP,extramacular
8275,0.0111896403856573,7.49706953097687,4.21827233780245,6.61113747534974e-05,0.0168276050206054,-0.0663380080615035,APLP2,UP,extramacular
8319,-0.0121159475525796,5.06899372563768,-4.69599546601813,1.12461905922462e-05,0.00794989334969128,1.64834482794904,KIF1B,DOWN,extramacular
8363,0.0115032553509198,4.60726978774568,3.9417361178841,0.000175860201170806,0.0247775541168489,-1.00624678297706,ARFRP1,UP,extramacular
8371,0.0155430165015285,6.3266425324238,4.02370122527378,0.000132099869826926,0.0222884554028969,-0.731978012653751,CD79A,UP,extramacular
8472,0.0223696623580848,8.37998977391192,4.67552341118778,1.21567124204061e-05,0.00830708682061085,1.57268714729543,DAAM1,UP,extramacular
8585,-0.0111452545983987,2.48438331464833,-4.04730030149683,0.00012157905788046,0.0214813166357918,-0.652325113461889,ZXDC,DOWN,extramacular
8627,0.016544805779741,4.78456914037366,4.00802205245982,0.000139567544203547,0.0224862690054313,-0.784730641311534,PTPN3,UP,extramacular
8666,0.0187772419156783,5.88422224800955,4.31976192253987,4.57546673830091e-05,0.014279561496736,0.288689624150846,CCNO,UP,extramacular
8854,0.00644343842748425,5.38931242488736,3.67722342716226,0.00043257562122182,0.0376552026965915,-1.86515242199804,OBFC2B,UP,extramacular
8899,-0.0100879311914828,6.0487601686915,-3.91895517350082,0.000190303818519842,0.0260951724391757,-1.08180952733773,C20orf94,DOWN,extramacular
8926,0.0219845554183557,5.08763668617506,3.75545299178306,0.000332740634503318,0.0333375761179703,-1.61540577792575,SP5,UP,extramacular
8940,0.0118291077457401,7.96163565622738,3.75877961851118,0.000329024874209388,0.0332483186740448,-1.60470461108041,FICD,UP,extramacular
8969,0.013465566027986,6.4522289392192,3.88995803376238,0.000210337704911747,0.0271375227919344,-1.17756628185198,NSFL1C,UP,extramacular
9027,0.02239024274882,6.68479183916149,4.12777980816329,9.14245605835575e-05,0.0186487909648053,-0.378421164320779,PCOLCE2,UP,extramacular
9096,0.0091352742541583,5.11217021215675,3.9972331722322,0.000144939691344136,0.0226686141798354,-0.820951301876383,SRC,UP,extramacular
9379,0.0208138623886908,10.3186526358811,4.38188654701079,3.64421990073797e-05,0.012855091259739,0.508559692252163,SLC2A1,UP,extramacular
9468,0.00924389064692581,4.58024137053123,3.72421537089628,0.000369639981918419,0.0353268980388232,-1.71557086082253,STK11,UP,extramacular
9487,0.0107154526248322,6.61191466523368,4.06877525194501,0.000112708704962893,0.0207718775876049,-0.579578345880765,DEAF1,UP,extramacular
9702,0.0257133316925085,8.02866460769815,4.64255357624296,1.37757821065322e-05,0.00896519152964793,1.45123199454779,TRPM3,UP,extramacular
9726,-0.0124524110471375,7.71827838240289,-4.21944888884882,6.58316667859711e-05,0.0168276050206054,-0.0622523390843561,TRO,DOWN,extramacular
9843,0.00893529603944196,5.53307514431422,3.80913114423776,0.000277396934282068,0.0309898482440457,-1.44193608572276,RFT1,UP,extramacular
10089,0.0334578950901725,5.73236919411641,4.60899001845276,1.56386923309652e-05,0.00971494523590264,1.32808910134363,KLK11,UP,extramacular
10231,-0.0131809571703663,7.66080338615805,-3.79981017474502,0.000286330265303705,0.0312917431621461,-1.47217970456037,ID2,DOWN,extramacular
10278,-0.0125181809721101,4.98425420668974,-3.89180907990246,0.000209000703745097,0.0271375227919344,-1.171467886172,SYT15,DOWN,extramacular
10384,0.0163288915165446,8.11912661894632,4.44221506839615,2.91695917660856e-05,0.0117491859274041,0.723879784885964,VEGFA,UP,extramacular
10403,0.011487490006725,4.0953397393175,3.52282542582997,0.000719032423822704,0.0498048494535535,-2.34711051247718,B4GALT1,UP,extramacular
10413,0.0137736286909979,6.75146712143247,4.07317766827355,0.000110968744460528,0.0207718775876049,-0.564634247138004,LRRC20,UP,extramacular
10421,0.0135983489911101,5.64202589779372,4.37777179883639,3.69975797231513e-05,0.012855091259739,0.493938074258695,C9orf16,UP,extramacular
10532,-0.0224621818480082,5.30227228037992,-4.9946403883603,3.54757245287627e-06,0.00454532720524772,2.77225669036816,C10orf114,DOWN,extramacular
10662,-0.00961558195690517,5.70795163761611,-3.76790384008843,0.000319035414405933,0.0329482417900333,-1.57531999774944,ARL6IP6,DOWN,extramacular
10670,0.0139312551114669,4.90770385711565,4.53751438818114,2.04570672778395e-05,0.01061695896698,1.06755534138481,GDF1,UP,extramacular
10714,-0.0219415525317581,7.03430166709867,-4.87177774874926,5.72543766738644e-06,0.00558911772292485,2.30540564096208,CYP4X1,DOWN,extramacular
10810,0.0079035883122042,4.9763097112309,3.68452629436557,0.000422166801715272,0.0373035320481167,-1.84199378068754,FBXW9,UP,extramacular
10859,0.0173403936704166,5.71476637238595,4.54516178789823,1.98795669955186e-05,0.0104495159848239,1.09531844808197,PFKL,UP,extramacular
10904,0.0156874001165098,9.29296683124504,4.20451533590686,6.94681515225273e-05,0.0168276050206054,-0.114057264181307,C11orf9,UP,extramacular
10934,0.0173020798505293,4.84246542146609,3.78784391077441,0.000298202129106816,0.0315873695757955,-1.51093191605742,AK2P2,UP,extramacular
10965,-0.0101159213137231,8.42986475449678,-3.87371832628587,0.00022242377981762,0.0275989791043356,-1.23098521496143,SRGAP2,DOWN,extramacular
11037,0.00909839171709744,4.65361895115521,3.75143455967247,0.000337282506071053,0.0334832512080222,-1.62832361275647,N-PAC,UP,extramacular
11072,0.0137546530303597,7.92354642717665,3.82629661947575,0.000261637353545507,0.0297975874871272,-1.38610692325955,KLHDC9,UP,extramacular
11092,0.00996009911432656,6.27100728500337,3.61931758813574,0.000524195989906648,0.0420587780551322,-2.04763273654441,GIYD1,UP,extramacular
11165,-0.0152297067888254,4.91672815453475,-3.75858654313895,0.000329239448333224,0.0332483186740448,-1.60532587940639,FAM65B,DOWN,extramacular
11299,-0.0137457783711599,6.93511919230832,-3.80750169265437,0.000278939176062997,0.0309932417847774,-1.44722680583025,SLIT2,DOWN,extramacular
11552,0.0199854216883824,4.58641534395545,3.76086391724752,0.00032671696724208,0.0332391951784746,-1.59799645328527,OPCML,UP,extramacular
11683,0.0110122770153645,9.24328433310159,3.89621130141,0.000205853604812605,0.0271375227919344,-1.15695663039444,GTF2F2,UP,extramacular
11762,0.0218623019139373,10.9187088079123,4.50496778539517,2.31022163748868e-05,0.0108489065150277,0.949702558873831,RDH5,UP,extramacular
11837,0.00831533453755994,4.39387023788367,3.71668052801512,0.00037910729518945,0.0356681089545314,-1.73964459070263,PPAT,UP,extramacular
11840,0.0153317806634412,7.99493825042557,4.81769389579326,7.05600067472527e-06,0.00615523463114332,2.10185107004905,ANKRD9,UP,extramacular
11886,0.0120062063249419,4.77840558922404,3.77688969025507,0.000309480695588187,0.0322867901249762,-1.54633295619071,ZNF541,UP,extramacular
12012,0.0183599112108439,5.07453095763211,3.61406493696622,0.000533362691171266,0.0423784418214644,-2.06408396279272,CSPG5,UP,extramacular
12070,-0.0196765190937693,4.44288843207549,-4.23012179479237,6.33459445182997e-05,0.0165425714984095,-0.0251572390323922,DNAJB4,DOWN,extramacular
12083,0.0212881796091096,5.23660254111548,4.05095572471491,0.000120023204899565,0.0213028199172389,-0.639959975534846,ITGB8,UP,extramacular
12091,0.00731418570088235,6.14068904502394,3.62302532027553,0.000517815730455603,0.0419219445515622,-2.03600994883184,C6orf1,UP,extramacular
12233,-0.0119363018636624,3.39582488292385,-3.54045877522808,0.000678943132036196,0.0484959380025854,-2.29281751375165,MLLT3,DOWN,extramacular
12268,0.0147450533203006,5.30014172337831,4.01482725845915,0.000136277880124779,0.0223997015593214,-0.761851087931211,PEX16,UP,extramacular
12404,-0.0176679446910082,4.19314922629906,-3.58379571703505,0.000589225259957827,0.0446547794053066,-2.15855461004795,NPY1R,DOWN,extramacular
12453,0.00909313904427849,8.76604617855168,4.02613323884016,0.000130976488523625,0.0222884554028969,-0.723783412259293,ATP5D,UP,extramacular
12818,0.0177874662881845,5.78555233285827,3.75703741126189,0.000330965912732942,0.0332588294658103,-1.61030979971701,PTPRZ1,UP,extramacular
12857,0.00754447824590669,9.46066286639531,3.97213440889859,0.000158215817018859,0.0232720554268509,-0.904964315052224,NDUFS1,UP,extramacular
12888,0.0117052347423781,8.06898301512354,3.8956872482035,0.000206225851889233,0.0271375227919344,-1.15868467095453,PDE8B,UP,extramacular
12960,0.0165335526429023,7.4906261808256,4.08962637517563,0.000104693461325741,0.0206572897466305,-0.508706314699973,MAP6D1,UP,extramacular
13013,0.0120287242666332,4.63315858934575,3.54638882166552,0.000665943837809422,0.0479403906948764,-2.27451496047382,CYP4V2,UP,extramacular
13158,0.00923983393570846,4.62571473055614,3.84658221206287,0.000244115522804693,0.0289222052277259,-1.31990930134274,THAP7,UP,extramacular
13185,0.0191181068720799,8.42463605249637,3.58519721375741,0.000586520587918736,0.0445321187123484,-2.15419305457965,BCAT1,UP,extramacular
13193,0.0145641422898208,9.18251955015018,3.54613822846644,0.000666488358440965,0.0479403906948764,-2.27528884068597,GOT2,UP,extramacular
13257,0.0204626957917337,9.3167518461394,3.9731876884596,0.000157635964004537,0.0232720554268509,-0.901445704046689,COL20A1,UP,extramacular
13363,0.036257197362039,8.16400805298942,4.0888530993151,0.000104980665154825,0.0206572897466305,-0.511338822290291,ERMN,UP,extramacular
13404,0.0165481301431864,4.80548230774444,3.63295057564201,0.000501097465421865,0.0410079762121686,-2.00485524902836,NPTX2,UP,extramacular
13477,0.0132361858755458,4.46153868394315,3.83216889798351,0.000256445218234179,0.0295344212011273,-1.36696853660739,KIAA1543,UP,extramacular
13534,0.0178089748650318,3.86233331137784,5.00309875252694,3.43189749364061e-06,0.00454532720524772,2.8046179566421,ARHGAP1,UP,extramacular
13727,0.0102157654870722,3.8529361080504,5.10854987650567,2.26540567860052e-06,0.00407290694652651,3.21039039070533,RAB11B,UP,extramacular
13774,0.0160829213964291,5.41588668392807,4.5882971114447,1.69068613621978e-05,0.0100461060268132,1.25242161757381,TMEM151A,UP,extramacular
13803,0.0197266894919388,7.26471171058695,3.91011556566908,0.000196208813149664,0.026462372826106,-1.11105096616484,SLC16A1,UP,extramacular
13894,-0.00987034009496678,6.18058407937948,-3.59428465084473,0.000569267022078267,0.0436260708508578,-2.12588273276383,IFRD1,DOWN,extramacular
13921,0.0148599810340011,6.96627045654115,4.18258984435467,7.51602859501068e-05,0.0168276050206054,-0.189907953275934,ASRGL1,UP,extramacular
14028,0.0224406696771938,4.54905825800823,4.29557037208321,4.99711372073598e-05,0.0147406083425061,0.20359042379908,LOC284033,UP,extramacular
14060,0.0165001233646137,7.84575097094383,4.12831195062237,9.12514676633483e-05,0.0186487909648053,-0.376598537405657,LSR,UP,extramacular
14267,-0.0200505491465943,5.42246887056237,-5.27472365600607,1.16848832374785e-06,0.00404876508589167,3.8582321502911,EYA1,DOWN,extramacular
14314,0.0109535441549277,8.18250427790128,4.13595401735619,8.88002222960528e-05,0.0185738662350176,-0.350407339243626,MRPS18A,UP,extramacular
14357,-0.0093159861799731,5.93105564510207,-3.56478001292888,0.00062711221635786,0.0462128364115417,-2.21761198377858,CGGBP1,DOWN,extramacular
14547,0.00606966454825471,7.85493328719345,3.92442100107994,0.000186738145380519,0.0257786665340111,-1.06370645039846,EXOSC1,UP,extramacular
14622,-0.0207207285912404,4.07273346771604,-5.18405391913562,1.67875625512582e-06,0.00404876508589167,3.50350388067319,DKK2,DOWN,extramacular
14766,0.0196063395181531,4.1434948592692,3.84550323633731,0.000245018536260096,0.0289222052277259,-1.32343629945805,LOC730101,UP,extramacular
14903,0.0115252038672071,3.49939044639761,3.62111676486557,0.00052109069909406,0.0419841763326442,-2.04199383589345,FHL3,UP,extramacular
15025,-0.00838675107590707,3.95871151902805,-3.61199286847246,0.000537020483553267,0.0423784418214644,-2.07056897496272,LRRC6,DOWN,extramacular
15252,-0.0104256455735257,8.08440507578175,-3.53688013736589,0.000686903832644595,0.0488941964208826,-2.30385196255389,LOC26010,DOWN,extramacular
15263,0.0116223405937608,8.51131585838256,3.61684328268197,0.000528495240009703,0.0421562350980502,-2.05538434183941,CRTAC1,UP,extramacular
15328,0.0244127473099386,7.92419274692101,3.79434881357805,0.000291691451683556,0.0313893688163406,-1.48987649154456,BMP7,UP,extramacular
15381,-0.0190293065985839,5.00596124517189,-3.77842654132572,0.000307874142029971,0.0322011219980327,-1.54137053231742,COL14A1,DOWN,extramacular
15448,0.0180065934466675,3.94622784257182,4.19316995876555,7.23595836324676e-05,0.0168276050206054,-0.153337511859839,MGC16291,UP,extramacular
15508,0.011408622695785,6.85896323848366,4.26337455061803,5.61685031405643e-05,0.0151466788748567,0.090791469354853,C9orf127,UP,extramacular
15520,0.00915597901513755,7.61628020430592,3.6696400264337,0.000443642514733306,0.0382837713516112,-1.88916649030863,MANBAL,UP,extramacular
15540,-0.0184739243616304,4.54437001004613,-4.28739700775766,5.14787584940022e-05,0.0148341394160752,0.174905209350108,SGCD,DOWN,extramacular
15905,0.0140209275368874,8.74162400398674,4.47431252913077,2.58951668574804e-05,0.0109360329137389,0.839152850028675,C18orf10,UP,extramacular
15987,-0.00949630946999462,4.77060344390827,-4.21026977094277,6.80445105976088e-05,0.0168276050206054,-0.094108614364746,ME1,DOWN,extramacular
15988,0.010010910673954,7.37544901673997,3.9990840794805,0.000144004169654681,0.0226213446583982,-0.814741958922187,SRA1,UP,extramacular
16072,0.0102068555642734,4.04626337692135,3.72215274387631,0.000372208975984193,0.0354181349691023,-1.72216430593025,C19orf20,UP,extramacular
16357,-0.0160206987520208,4.37090642074098,-3.89020485814768,0.000210158953022378,0.0271375227919344,-1.17675321521696,PTPLAD2,DOWN,extramacular
16421,-0.023926155512387,5.032413525028,-5.21659876164546,1.4744675782067e-06,0.00404876508589167,3.63049041865875,KLF8,DOWN,extramacular
16629,-0.0118824685437553,6.06703121226317,-4.40126084851246,3.39338054401803e-05,0.0125341083157423,0.577516704967092,SAMD5,DOWN,extramacular
16862,0.025881171359377,3.9455705601457,4.43852556368659,2.95707411843057e-05,0.0117708775588013,0.710661039868915,SCGB1D2,UP,extramacular
16911,-0.00878998863885034,6.97068963939159,-3.64457106968199,0.000482175527273145,0.0401729668776668,-1.96830256060738,NDN,DOWN,extramacular
16932,0.0174568341711976,4.88041252950643,4.51196660550998,2.25067884496466e-05,0.0108489065150277,0.975003859100173,HOMER2,UP,extramacular
17024,0.0245526318529033,12.4217155042004,4.19969005914775,7.0684019940562e-05,0.0168276050206054,-0.130771620356708,FRZB,UP,extramacular
17033,0.0123206618591829,2.68432130218535,3.86594560118986,0.000228440950845662,0.0279584447303646,-1.25649941766827,LAYN,UP,extramacular
17058,-0.0171922127570378,5.11507114106615,-4.06072353633716,0.00011595905368041,0.0210368194729947,-0.606882964928685,DNAJB4,DOWN,extramacular
17062,0.0121226989491396,3.55302993410304,3.68880059629199,0.000416185669846346,0.0373035320481167,-1.82842427618364,FADS2,UP,extramacular
17073,-0.0108942868252922,4.44804322361606,-3.9001443635518,0.000203080319669887,0.0271375227919344,-1.14398255799562,EXOC2,DOWN,extramacular
17110,0.0104188431204433,9.88729748922652,3.7753577368971,0.000311090089570406,0.0323723189654483,-1.55127818087354,GPR56,UP,extramacular
17171,-0.0212468415292858,5.28435640553834,-5.80458478345018,1.33972024212217e-07,0.00211168697793625,5.98554187938249,PLA2G4A,DOWN,extramacular
17342,0.00818729882138534,3.9032375065774,3.71622106496231,0.000379692008025145,0.0356681089545314,-1.74111146982974,RBBP9,UP,extramacular
17451,0.00951325005122462,8.22690495258149,4.61162064299098,1.54842507676766e-05,0.00971494523590264,1.3377223854544,GPC1,UP,extramacular
17675,0.023403691881033,8.48095443040839,3.95522712559092,0.000167808362371058,0.0242071383903987,-0.961360567738186,SLC13A3,UP,extramacular
17806,0.0204579734568881,6.65216645934167,4.76191305597121,8.74292544884942e-06,0.00676339515854389,1.89319633224025,PITPNA,UP,extramacular
17826,0.0249584735621574,6.7596963757824,3.89632239766858,0.000205774773261439,0.0271375227919344,-1.15659027567751,OR51E2,UP,extramacular
17829,0.0136042384112547,7.6489085934001,4.20561495274678,6.91939061637199e-05,0.0168276050206054,-0.11024659504997,ST3GAL5,UP,extramacular
17866,0.0246096307282819,11.0782730934327,4.96571933832218,3.97260336286736e-06,0.00493565872356248,2.66181908593877,CHADL,UP,extramacular
17874,0.0109672728286736,4.7796749072019,3.97186674195536,0.00015836349912418,0.0232720554268509,-0.905858391303783,GCAT,UP,extramacular
17942,0.0152005246496876,3.97376040122746,3.91220379928403,0.000194798211076285,0.0263588338420056,-1.1041470768305,LPCAT3,UP,extramacular
17971,0.0240809763470547,6.01264088114097,4.05492588095046,0.000118355071991955,0.0211567108225005,-0.626521970557421,NETO2,UP,extramacular
18078,0.0190879582845058,6.25231342255084,4.66664112550329,1.25737084602343e-05,0.00845060980835057,1.53991882213329,SPTBN2,UP,extramacular
18089,-0.01383192073422,6.37230229353481,-4.30628828146756,4.80586826014777e-05,0.0144882793136808,0.241256883620389,CROP,DOWN,extramacular
18120,0.0104985339472554,4.12183754281129,4.11501648580414,9.56721334722004e-05,0.0193229432135971,-0.422091396491679,C17orf28,UP,extramacular
18140,-0.0130526770931013,5.40669777576399,-3.53241269824242,0.000696965809315093,0.0491947428891234,-2.31761564962974,STXBP6,DOWN,extramacular
18142,0.0125458652576917,4.34083591255884,3.54283752820837,0.000673700032637901,0.0482054124575112,-2.28547836075629,SLC23A2,UP,extramacular
18219,0.0088779901399327,3.84297351610159,3.60764715085836,0.000544769437429375,0.0426538051063771,-2.08416129044737,CYB561,UP,extramacular
18449,-0.0113046504305479,6.84686315931491,-3.93492240588872,0.000180066299737348,0.0252252253312878,-1.02887800860722,IL15,DOWN,extramacular
18469,0.0242740997919743,7.17834673792473,4.68410487770632,1.17666303172053e-05,0.00817681089839689,1.60437882315636,SFRP5,UP,extramacular
18548,0.0123377262242783,6.7686104080086,4.00744843305187,0.00013984829152061,0.0224862690054313,-0.786658023447924,PYCRL,UP,extramacular
18549,0.00920252488833682,6.56227663909797,3.68647287319231,0.000419432832311825,0.0373035320481167,-1.83581540119494,CHCHD5,UP,extramacular
18571,0.0186842632058468,5.89792437466687,4.01997120065072,0.000133840819340651,0.0223068032234418,-0.74453992686643,TTLL4,UP,extramacular
18712,0.0183971882272329,6.28326518584621,3.68480427443686,0.000421775343264248,0.0373035320481167,-1.84111162092822,HRASLS,UP,extramacular
18731,0.0300999733364493,8.27411325269948,3.88257937206406,0.00021574908640483,0.0272909533345406,-1.20185635215023,SLC16A14,UP,extramacular
18789,0.0182895868728684,9.50976747084045,4.77284215162773,8.38410186480643e-06,0.00676339515854389,1.93397371118326,CHN1,UP,extramacular
18835,0.00753650618401456,8.78237583873508,3.56644576473566,0.000623703191770666,0.0461585394631721,-2.21244764101362,BCKDHA,UP,extramacular
18962,-0.0115221072204959,5.97454235961808,-4.1914003283022,7.28209173176302e-05,0.0168276050206054,-0.15945834379797,HERC4,DOWN,extramacular
19183,-0.0106033006163451,6.94848865262484,-3.66908347308653,0.000444465247886999,0.0382837713516112,-1.89092753260474,PPIC,DOWN,extramacular
19202,-0.0105357018296564,5.21841383431789,-4.51569683820697,2.21955460985392e-05,0.0108489065150277,0.988498321567201,ATG2B,DOWN,extramacular
19215,-0.00968650317298453,6.7713241949113,-4.56860645862683,1.82060238108259e-05,0.0103066581320454,1.18060029283084,ZNF518B,DOWN,extramacular
19235,0.0209685881579206,5.05568283776324,3.87231707811083,0.000223497216067202,0.0275989791043356,-1.23558741366048,GJB1,UP,extramacular
19243,-0.00715845794122717,7.62014651104124,-3.5885748625187,0.000580050574033342,0.0441225854088442,-2.14367656349691,MED28,DOWN,extramacular
19296,0.0132842275238674,8.28405761791818,4.20795421096417,6.86139617876958e-05,0.0168276050206054,-0.102137925943067,ENPP4,UP,extramacular
19299,0.0232224589106785,8.39268734981254,3.94834511388453,0.000171870548287374,0.0243830189611845,-0.984270598336786,ALDH1A3,UP,extramacular
19309,-0.00895840126568108,6.2512670685025,-3.78294616129572,0.000303195531240665,0.0318744020022238,-1.52676882356372,PTPLB,DOWN,extramacular
19408,0.0149851104273239,6.04386636537581,3.92577419897848,0.00018586531199302,0.0257448574044385,-1.05922199042602,DENND2A,UP,extramacular
19417,0.0216891413076612,5.72468673573285,4.26404762569907,5.60316584831498e-05,0.0151466788748567,0.093144232651392,SHANK2,UP,extramacular
19512,0.0284923370623649,8.22168449288801,3.70842068890872,0.000389750836263004,0.0362680746209791,-1.76599558862138,OPCML,UP,extramacular
19738,0.0178914739968156,5.55608756195147,3.99485628209372,0.000146149623335514,0.0226686141798354,-0.828922414132369,C7orf31,UP,extramacular
19756,-0.0124686222718327,4.48032660972379,-4.0151228879357,0.000136136672372754,0.0223997015593214,-0.760856585041505,TRAF6,DOWN,extramacular
19758,0.0155066810725295,6.0846970864543,3.58261429701441,0.000591514406519337,0.0447455547367026,-2.16223032337293,SLC19A1,UP,extramacular
19770,-0.00890860033875996,7.68393409232938,-3.72475351273231,0.000368972512631401,0.0353268980388232,-1.71385020471393,SNX6,DOWN,extramacular
19903,-0.0132626406142714,7.60031200186323,-3.68202249111043,0.000425708338287568,0.0375355739135275,-1.84993740451649,SLC40A1,DOWN,extramacular
19935,-0.0289655027597543,4.25010012924662,-4.89781539898783,5.17549343683646e-06,0.00530488077275737,2.40383387455262,C6orf142,DOWN,extramacular
20308,-0.0162516769976704,6.74847091957688,-3.55687132973374,0.000643540122732285,0.0470323440856037,-2.24210767236977,MS4A6A,DOWN,extramacular
20309,0.0131435609979715,5.29368022221252,4.80446000120806,7.4249275202657e-06,0.00634212559022695,2.05222893948634,NAPA,UP,extramacular
20338,0.0133787955354959,5.70748067506959,3.80326767897277,0.000282984961696558,0.0311892027676313,-1.46096711416466,NMNAT3,UP,extramacular
20566,0.0121798517314669,5.52795387897586,3.54978611387437,0.000658603249005528,0.0477080092035807,-2.26401957747589,PYGM,UP,extramacular
20611,0.0152482376209098,6.838646111642,4.05413882354507,0.000118683987540857,0.0211567108225005,-0.629186646969446,RNF150,UP,extramacular
20720,0.0146413212679138,4.27244018000689,3.8338742512792,0.000254955931082518,0.0294460197843892,-1.36140685905939,SFTPD,UP,extramacular
20765,0.0186154064020175,10.0915656169951,4.20950241940004,6.82327137557456e-05,0.0168276050206054,-0.0967697486589199,C1QTNF5,UP,extramacular
20859,0.0154878075560867,8.07655032242895,4.03563750527181,0.000126673695558609,0.0219140148434724,-0.691728024117167,BSG,UP,extramacular
20959,0.0113273640083743,4.16185142053313,3.88338235255321,0.00021515379569693,0.0272909533345406,-1.19921450039646,SLC16A11,UP,extramacular
20997,0.0193422822388723,5.06461274667264,4.57677778569221,1.76555322109496e-05,0.0103066581320454,1.21038353760712,MFAP3L,UP,extramacular
21080,0.00881405588874752,7.98187930862528,3.91292311259172,0.000194314567840578,0.0263588338420056,-1.10176838987018,ZBTB7A,UP,extramacular
21086,-0.00910792742953559,7.96258370393708,-4.13455189394248,8.92451621536211e-05,0.0185738662350176,-0.355215070633328,THSD1,DOWN,extramacular
21087,-0.00798895707501617,6.38237460174078,-3.67921947093879,0.000429706648321485,0.0376452405580788,-1.85882583126459,RAB22A,DOWN,extramacular
21130,0.0150315050291005,6.94891138516206,4.4995333536417,2.35750625710601e-05,0.0108489065150277,0.930072497011015,NSFL1C,UP,extramacular
21427,-0.0100107654254984,6.08503711897058,-3.88975993541935,0.000210481274337443,0.0271375227919344,-1.17821881442509,GNA13,DOWN,extramacular
21455,0.0277528180346008,7.62517305990139,3.75753220055911,0.000330413547449406,0.0332588294658103,-1.6087181010767,SFRP1,UP,extramacular
21485,-0.0251285820836246,6.52769425862739,-4.90456126722287,5.04163883793476e-06,0.00530488077275737,2.42937995747822,ANGPT1,DOWN,extramacular
21533,0.011888271538706,6.99247755144119,3.76459036236856,0.000322629173722967,0.0330694903066041,-1.58599676581424,CSNK1E,UP,extramacular
21619,-0.0148470901174514,5.20045486895363,-3.52604291888928,0.000711554122473653,0.0495309321246516,-2.33721848802802,COL11A2,DOWN,extramacular
21632,0.0160245484493443,12.1206626476615,3.88160330672593,0.000216474816519018,0.0272909533345406,-1.20506716684125,TIMP3,UP,extramacular
21831,0.014015243061693,6.57105699059049,3.89172122013316,0.000209063980076814,0.0271375227919344,-1.17175739022374,ANKH,UP,extramacular
21894,0.00808942428709859,4.9119714287299,3.65954578113594,0.00045879206201479,0.0389450818687503,-1.92107738225494,MARCKSL1,UP,extramacular
22116,-0.00921429662034511,6.16452849309729,-5.16610523239982,1.80302816419274e-06,0.00407290694652651,3.4336348334634,FRYL,DOWN,extramacular
22129,0.021168127995209,7.16211577229179,4.56384647711839,1.85343411431817e-05,0.0103066581320454,1.16326500498391,TMEM38A,UP,extramacular
22148,-0.0124495371822522,3.52633336396003,-3.68619553170878,0.00041982132623901,0.0373035320481167,-1.83669581416134,GLI2,DOWN,extramacular
22232,0.00937201942128764,5.28464046646052,3.57798696887165,0.000600561929532372,0.0449325531219475,-2.17661882074177,CTDSP1,UP,extramacular
22265,0.0153686048630723,6.91094724343311,3.64604455283672,0.000479825319890714,0.0401729668776668,-1.96366176355214,ANKRD43,UP,extramacular
22349,0.0342594935848348,7.45414182886067,4.18416969858181,7.47355387933059e-05,0.0168276050206054,-0.184450849683773,IGK@,UP,extramacular
22354,-0.00963590103826484,7.72468296630385,-4.27573108962171,5.37069289547708e-05,0.0150820827886685,0.134020934038965,SH3GLB1,DOWN,extramacular
22403,0.00928718389149834,10.6833455657273,3.57980935372915,0.00059698317495803,0.0449325531219475,-2.17095377552637,ULK1,UP,extramacular
22555,0.00838388006496099,3.07059549258693,3.56524727828288,0.000626154161143381,0.0462128364115417,-2.21616349237103,TOMM34,UP,extramacular
22616,0.0154942635422018,6.26094627818538,4.49604047407485,2.38839161311678e-05,0.0108489065150277,0.917462968217508,MAN2A1,UP,extramacular
22721,0.017479117410108,3.75163513873859,3.66663086274446,0.000448108178574873,0.0383558148675779,-1.89868582469526,SLC6A20,UP,extramacular
22738,0.0111942707340821,5.95480170484776,4.3816545982691,3.64732901335372e-05,0.012855091259739,0.507735249946446,SFXN4,UP,extramacular
22857,0.0104846097946367,5.38997525091181,4.07955449364919,0.000108494169514304,0.0207673165107694,-0.542969428821758,LOC200810,UP,extramacular
22920,0.0113155377810298,3.25863174627373,3.53104920565606,0.000700064497270018,0.0491947428891234,-2.3218139160823,RASL12,UP,extramacular
23011,0.0120961064844826,9.55930583171418,3.68835664246162,0.000416803130723679,0.0373035320481167,-1.82983419738107,FAM174B,UP,extramacular
23104,-0.0250644605108847,6.35017170820451,-5.03493155406409,3.02868920459684e-06,0.00443486633530252,2.92665890462297,C8orf4,DOWN,extramacular
23116,0.0227693449739281,11.3174501923104,4.78416525176293,8.02748161712699e-06,0.00671687237351442,1.97627492216985,VASN,UP,extramacular
23148,0.030029819712925,4.79285605787302,5.09723262505609,2.3691056379876e-06,0.00407290694652651,3.16663879051639,SCGB1D1,UP,extramacular
23215,0.022918007783195,6.96146592227145,4.55115999128169,1.94377098920133e-05,0.0104495159848239,1.11711325668496,C9orf75,UP,extramacular
23226,0.0159850578143605,10.3189239945664,3.61756904124518,0.000527230733315463,0.0421373490564015,-2.05311104640762,ARMC9,UP,extramacular
23234,0.00961673934600158,7.77005319429067,3.74364577042004,0.000346254751928181,0.0340442322039698,-1.65333451696817,ITGB4,UP,extramacular
23588,0.0117261887628699,6.63915630544465,3.82638252865669,0.000261560675601782,0.0297975874871272,-1.38582708028551,FAM134B,UP,extramacular
23655,0.0188222663479356,7.21082845006589,3.9752393723454,0.000156512315357787,0.0232720554268509,-0.894590027823146,DAAM1,UP,extramacular
23681,0.00993496818766185,6.16503980910292,3.66775105151513,0.000446440820895016,0.0383558148675779,-1.89514280773346,SMCR7,UP,extramacular
23701,0.0101587617952887,3.99133628770929,4.14187201266769,8.69456690410372e-05,0.0183751156220749,-0.330103705980822,ANKH,UP,extramacular
23801,0.0112567426014502,4.75246777406873,4.08334043044954,0.000107050204882815,0.0207031056612992,-0.530096608346077,TCF7,UP,extramacular
23915,0.0112048160014435,5.94913706295138,4.71508111438347,1.04573145341402e-05,0.00778061164908113,1.71904451275345,KIAA0652,UP,extramacular
23942,0.0111965170712398,4.48314025881988,4.48683165594258,2.47171216640114e-05,0.0108489065150277,0.884246060394043,SLC39A3,UP,extramacular
24072,0.0239800012116585,8.81142183155355,3.63512684748774,0.000497500916258507,0.0407950751331976,-1.99801599995853,ENPP2,UP,extramacular
24082,0.021465095926682,5.61123329271641,4.3784595830561,3.69041806175312e-05,0.012855091259739,0.496381515322646,HBZ,UP,extramacular
24198,0.00829641030097908,4.78048444643114,4.32428999245121,4.5004608641045e-05,0.014279561496736,0.304650649887577,MAP1S,UP,extramacular
24356,0.00971902217925228,4.08642175458815,3.60686420191947,0.000546176772703609,0.0426538051063771,-2.08660891926657,LPPR2,UP,extramacular
24478,-0.0262379598775556,7.73028242714701,-3.65185920282127,0.000470656801705724,0.0397056149587134,-1.94533533824465,CDH18,DOWN,extramacular
24510,0.0178321245746454,9.70982251766419,4.5969071245121,1.63675038453751e-05,0.00986864202441733,1.28388210799006,SLC9A3R1,UP,extramacular
24521,0.0121911873759671,6.69450894363626,3.53075925696383,0.000700725118225563,0.0491947428891234,-2.3227065325218,IQGAP2,UP,extramacular
24539,-0.014726078216818,5.80316465068357,-3.83858586037426,0.000250884126342252,0.0293559792277323,-1.3460321054329,ARHGAP20,DOWN,extramacular
24541,0.00973518360483571,4.22349867437398,4.17718071095418,7.66322341393558e-05,0.0168276050206054,-0.208582219233663,SLC31A1,UP,extramacular
24556,-0.0174372789589089,3.74411000938118,-5.18550772103652,1.6690660221175e-06,0.00404876508589167,3.50916826280965,GALNT9,DOWN,extramacular
24594,-0.0138997950329306,6.05072913301616,-4.30734992511219,4.78731443097186e-05,0.0144882793136808,0.244991006587169,SPOPL,DOWN,extramacular
24784,0.0110084409773763,6.07450196990006,3.63550532164872,0.000496877952032122,0.0407950751331976,-1.99682629384519,ATP1A4,UP,extramacular
24836,-0.00934398900152491,6.7131530644795,-4.7664186334763,8.59322208568211e-06,0.00676339515854389,1.9100008330724,WBP4,DOWN,extramacular
25001,0.0297970475520852,9.16227960317243,3.70471318144571,0.000394620293115278,0.0363930026094507,-1.77781016804395,SLC39A12,UP,extramacular
25050,0.0102102150217812,8.3675213620428,4.00266957081723,0.00014220838271836,0.0225860429968128,-0.802708130075807,DCXR,UP,extramacular
25079,0.0210537415468474,9.0247957100646,4.45967087600363,2.73420607208257e-05,0.0112102448955385,0.786508710224647,CTSD,UP,extramacular
25107,0.00960420843158884,6.34954417288771,4.20749563002071,6.87272816472332e-05,0.0168276050206054,-0.103727747548474,ST3GAL3,UP,extramacular
25154,0.0133796366908505,6.56264824474077,5.04825480902476,2.87403069273061e-06,0.00443486633530252,2.97785433972824,FADS3,UP,extramacular
25205,0.0109003146496338,5.17651642361807,3.80795805040515,0.000278506419342316,0.0309932417847774,-1.44574519907047,PI4K2A,UP,extramacular
25465,0.019864563497222,14.326529288173,5.25232800836381,1.27820080816641e-06,0.00404876508589167,3.77034068770534,PTGDS,UP,extramacular
25554,0.0231665813521379,10.3030760035344,5.65781118302257,2.45986913965486e-07,0.00252136586814623,5.38759998796307,DHCR7,UP,extramacular
25689,0.0210305238994996,7.14800578961972,4.19768222069158,7.11959757283506e-05,0.0168276050206054,-0.137723047369329,MUPCDH,UP,extramacular
25773,-0.0186691683279749,8.89886099105157,-5.05930329737947,2.75165853861561e-06,0.00443486633530252,3.02036064678548,SLC38A2,DOWN,extramacular
25811,0.0164355624383928,5.15305730863116,5.11388712572898,2.21805485769798e-06,0.00407290694652651,3.23104048309264,VEGFA,UP,extramacular
25929,0.0120493284778026,6.23792246001798,3.76318866551214,0.000324161033320287,0.0331436467983335,-1.59051139421837,ST3GAL5,UP,extramacular
25970,0.0122015503491549,6.74402140525883,3.95269004935438,0.000169295070518762,0.0242071383903987,-0.969809511343747,GPR56,UP,extramacular
26231,0.00858394601506846,5.73128452064376,3.6864208728775,0.000419505647148872,0.0373035320481167,-1.83598047831454,POM121,UP,extramacular
26300,0.0204156243427939,10.6747423250694,4.06932933484166,0.000112488281342772,0.0207718775876049,-0.577698075218868,TMEM98,UP,extramacular
26305,0.0103793344115761,2.92742094412686,3.70442801389289,0.000394997223444038,0.0363930026094507,-1.77871855900544,KIAA1244,UP,extramacular
26419,-0.00725904018420138,7.9893064554949,-3.79553456051128,0.000290519370779892,0.0313455110578305,-1.48603572718032,WDR26,DOWN,extramacular
26615,-0.00646218118069646,8.77590165122244,-3.79040386305231,0.000295623518892292,0.0314004255818238,-1.50264868545108,ZC3H11A,DOWN,extramacular
26651,0.00921741145464772,7.6312016687315,3.85304917415993,0.000238769543167631,0.0284579978775374,-1.29875576089103,SLC25A39,UP,extramacular
26849,-0.00861949144131147,6.58860074247659,-3.89497432815673,0.000206733290228866,0.0271375227919344,-1.16103523996112,PRPF38B,DOWN,extramacular
27081,0.0184319519541009,13.8301297869354,3.79759373398698,0.00028849460769003,0.0312917431621461,-1.47936388098809,SERPINF1,UP,extramacular
27141,0.0159814424880955,8.69205275397996,3.62268361762572,0.000518400631405903,0.0419219445515622,-2.03708145257441,CDH3,UP,extramacular
27147,0.0137754307027167,8.07098662901088,4.3193790555017,4.58186390502956e-05,0.014279561496736,0.28734052245659,CTNND2,UP,extramacular
27356,0.0168314432181809,4.44420697566044,4.47178229949516,2.61397859889368e-05,0.0109360329137389,0.830048117659871,APLP1,UP,extramacular
27391,0.0138253399573845,4.54928982459431,3.60449329251902,0.000550459520526274,0.0427491567597914,-2.09401846782738,CHDH,UP,extramacular
27463,-0.0107733711714963,7.9856028955372,-3.97725937716617,0.00015541352512377,0.0232553085039218,-0.887837920470652,WBP5,DOWN,extramacular
27491,0.0262656804229264,8.66244096225583,3.70690818098455,0.000391730419293163,0.0363369845950672,-1.77081644007121,IGHM,UP,extramacular
27525,0.0093981057700095,3.37923166497022,3.78303997082334,0.000303099144322771,0.0318744020022238,-1.52646562223739,ARHGEF5,UP,extramacular
27646,0.00978137770775801,4.64325220615905,3.75967080922446,0.000328036177904451,0.0332483186740448,-1.601836695893,PES1,UP,extramacular
27710,-0.00922828341135388,6.22385910498932,-3.52820257184668,0.000706575899702228,0.0494223037642735,-2.33057507636066,NR3C1,DOWN,extramacular
27715,0.0151875989397216,7.2052399103832,4.25321591017411,5.82734841208585e-05,0.0154142764448722,0.0553094958804294,C18orf10,UP,extramacular
27939,-0.00833677679386855,7.69824251672795,-3.54638880507055,0.00066594387385511,0.0479403906948764,-2.27451501172359,TBL1XR1,DOWN,extramacular
28124,-0.0128885278736259,6.5711346963699,-3.68791588544062,0.000417417007958327,0.0373035320481167,-1.83123384831746,SLC38A2,DOWN,extramacular
28348,0.0214227370837621,7.24167935963838,5.39428135123383,7.21809157480268e-07,0.0034290301913685,4.33037565336822,DUSP4,UP,extramacular
28534,0.0126399696777929,10.6185650551479,3.62044841453683,0.000522242193406062,0.0419841763326442,-2.04408878264569,FADS1,UP,extramacular
28603,0.00998230108659238,4.77502662432791,4.0705030709788,0.000112022717144993,0.0207718775876049,-0.573714474213736,ACBD4,UP,extramacular
28638,0.0170830712813556,5.93403511081162,3.62947058606187,0.000506899955786941,0.0413178890402875,-2.01578558408891,SLC16A6,UP,extramacular
28642,0.00772007258719281,4.1977848512677,3.60037785211965,0.000557969351276178,0.0429207193289368,-2.10687176266078,HSD17B1,UP,extramacular
28776,0.0098620301100612,4.51467977757657,3.81488363098909,0.000272017199701012,0.0305553566787438,-1.42324575876971,PPP1R13B,UP,extramacular
29033,0.0261179528386543,6.91282726897396,4.52100047946119,2.17602001340471e-05,0.0108489065150277,1.00769593196748,ITGB8,UP,extramacular
29043,-0.00877076932933806,8.04317983742545,-4.30915374985567,4.75594846423847e-05,0.0144882793136808,0.251336900891054,NFAT5,DOWN,extramacular
29103,0.00970238771279027,11.5352251728596,3.73165283628355,0.000360516242037196,0.034779213937706,-1.69177496106997,SCARB1,UP,extramacular
29150,-0.0119246134588403,5.18147977796211,-4.08478547855257,0.00010650394871237,0.0206950800815505,-0.52518116838618,RAB8B,DOWN,extramacular
29159,0.0140713443534172,5.80539561842676,4.14831141616537,8.49700996559826e-05,0.0180506429320999,-0.307990190369508,INSR,UP,extramacular
29201,-0.00778453100570468,7.31683704459659,-4.49006362470769,2.44215358017457e-05,0.0108489065150277,0.895899464384989,RBPJ,DOWN,extramacular
29215,0.0129480640175906,3.79610298427711,5.04182346429388,2.94769755965783e-06,0.00443486633530252,2.95313295117896,SCARB1,UP,extramacular
29483,0.0123092042073283,5.60292760876401,5.41075683497719,6.75222128473147e-07,0.0034290301913685,4.39581857509884,VGLL4,UP,extramacular
29539,0.0247398965544527,4.09041441028823,3.86007665840775,0.000233087184448317,0.028107572242297,-1.27574141710771,GSTA2,UP,extramacular
29583,-0.0155219492960958,4.87625259417508,-3.72206203301907,0.000372322345650807,0.0354181349691023,-1.72245421610821,SLC30A3,DOWN,extramacular
29638,-0.0094353055826164,6.70521882066336,-4.56044188371951,1.8772689799574e-05,0.0103066581320454,1.15087226888977,FAM133B,DOWN,extramacular
29691,0.0107031336183546,5.12815064211857,3.98846289472713,0.000149452406853294,0.0226946247443891,-0.850347705203971,COPG2,UP,extramacular
29742,-0.0181114717568047,5.24619579996822,-5.7702462750595,1.54513681312409e-07,0.00211168697793625,5.84509825461842,ARHGAP21,DOWN,extramacular
29748,0.0121971946669785,5.5975482865618,3.77187823313833,0.000314775205601747,0.0325931596278407,-1.5625050598619,VPS33B,UP,extramacular
29782,0.014598630357729,3.90721205610888,3.73205132556755,0.000360033512505141,0.034779213937706,-1.69049907697109,ACVR1C,UP,extramacular
29811,0.0113632365537931,4.75614611842276,3.91702049438558,0.000191581478745706,0.0261828020952465,-1.08821322947424,GGT1,UP,extramacular
29881,0.0103303392637926,5.05504755204813,5.23008993104317,1.39711280257542e-06,0.00404876508589167,3.68324352358262,ZNF689,UP,extramacular
29949,0.00922360035204795,6.38845230369719,3.52531111212474,0.00071324853444325,0.0495647286647004,-2.3394689661852,RILP,UP,extramacular
30093,-0.0131231783782751,7.84015509347466,-3.55361632024736,0.000650419242062361,0.0472822498662355,-2.25217809663605,AP1S2,DOWN,extramacular
30197,0.00793726947916737,9.58371516558236,3.66415843278497,0.000451809285782148,0.0385118102225947,-1.90650311282386,CIB1,UP,extramacular
30211,0.0128215811943443,5.25925246344034,3.5277646245683,0.000707582739259233,0.0494223037642735,-2.33192250475557,SLC38A3,UP,extramacular
30241,0.00949459692752374,4.86258293887822,3.81081725118458,0.000275809645444283,0.0308967089158896,-1.4364597779615,NFX1,UP,extramacular
30328,0.0112380137701489,4.85912561828605,3.59482602600027,0.000568254511862404,0.0436260708508578,-2.12419455677116,FXR2,UP,extramacular
30338,0.00869615675981511,9.71752380111434,4.08664320303609,0.000105805630409571,0.0206572897466305,-0.518860328923261,ATP6V0B,UP,extramacular
30341,0.0113067767869126,5.90350680266079,4.40578822794744,3.33721989709587e-05,0.0125341083157423,0.593656887139776,ABHD8,UP,extramacular
30362,0.0137923454458775,6.42964282050593,4.30953606833367,4.74932603766332e-05,0.0144882793136808,0.252682114880995,KIAA0652,UP,extramacular
30369,0.0218303984981641,10.040367409478,4.3023543479089,4.87522735170367e-05,0.0145900964540037,0.227424972920421,EZR,UP,extramacular
30404,0.00827979240275139,8.42924569712842,4.28409404176885,5.21003920954836e-05,0.0148341394160752,0.163322685392542,ATP5D,UP,extramacular
30737,0.0121763005316926,5.42211740307915,4.35029591478081,4.09216259084741e-05,0.0135305375987697,0.396516530498797,COPE,UP,extramacular
30808,0.0217143587467327,11.9462974589687,3.63988615361494,0.000489720897800211,0.0405162731281127,-1.98304908030592,BEST1,UP,extramacular
30832,0.00697644196979143,9.98868695512017,3.72733030581489,0.000365792343951221,0.0352053664366198,-1.7056087611121,QSOX1,UP,extramacular
30962,0.013592040790561,5.33605367320397,3.54711683691066,0.000664364304706085,0.0479403906948764,-2.27226648516417,ECHDC3,UP,extramacular
30985,0.00973782002812309,3.30849176402558,3.79242410006406,0.000293603600073952,0.0314004255818238,-1.49610909501762,TMEM214,UP,extramacular
31045,0.0254160334427404,7.89629439946022,7.30390015522384,2.12065215572218e-10,8.69467383846092e-06,12.3687439626146,LAYN,UP,extramacular
31055,0.016030085902919,11.4937990305689,3.80652571877723,0.000279866832935671,0.0310122706766555,-1.45039498521594,ATP1B1,UP,extramacular
31090,0.00825044897736307,6.82551492958525,3.96081102528441,0.000164580207131835,0.0240134821793781,-0.942752448786144,SCAND1,UP,extramacular
31359,0.0207079337489159,5.58074843281673,4.6032129962149,1.59831264336378e-05,0.00978071916088283,1.3069447794662,ASB13,UP,extramacular
31422,0.00944684078933969,3.66101886765396,3.85617985510792,0.00023622192957931,0.0282364405619583,-1.28850659008224,CLDN3,UP,extramacular
31432,0.00770784753929134,6.92858091172746,3.55971094563945,0.000637595280571606,0.0467426252540438,-2.23331698599047,C6orf47,UP,extramacular
31496,0.00868760160129969,3.00404595646666,3.86055255790786,0.000232707089317379,0.028107572242297,-1.27418186386121,ABCB10,UP,extramacular
31604,0.011903088925877,6.77617042792561,3.71135714553697,0.000385934751050532,0.0361263123129494,-1.756632230318,LASS4,UP,extramacular
31684,-0.0150769585428755,8.71109503738473,-4.48584570828241,2.4807981818159e-05,0.0108489065150277,0.880692042577643,FOXF2,DOWN,extramacular
31789,0.0109393457677913,4.08305579972291,4.10223857808323,0.000100114481302275,0.020022896260455,-0.465724594750108,NOC2L,UP,extramacular
31844,0.0156281066468832,7.79230661854296,4.4159998993485,3.21383165197606e-05,0.0125341083157423,0.630098152054753,HLCS,UP,extramacular
31845,-0.0115735583125526,6.86308279472394,-4.00172837668597,0.000142677686248159,0.0225860429968128,-0.805867705526276,EFNB2,DOWN,extramacular
31964,-0.0212716734033632,8.3096709050667,-4.36471595739248,3.88145190124562e-05,0.0130248413436757,0.44759952964905,CYP4X1,DOWN,extramacular
32082,0.0131135064059556,4.31120193479178,3.99944245166844,0.000143823705150697,0.0226213446583982,-0.813539488977475,LOC100129113,UP,extramacular
32147,-0.0117705625324637,4.99084016446492,-3.80089003162786,0.000285281416722839,0.0312917431621461,-1.46867850959397,MGC3032,DOWN,extramacular
32258,0.0160042673427237,11.5204274619312,4.21489366911841,6.69209913480812e-05,0.0168276050206054,-0.0780667394181584,RBP1,UP,extramacular
32435,0.0130042633213559,4.17441444088113,3.73779334734768,0.000353145667249808,0.034411998341179,-1.67210374351645,STK24,UP,extramacular
32465,0.0235231948676593,8.08876477245049,4.00268535801211,0.00014220052346804,0.0225860429968128,-0.802655128519196,THBS4,UP,extramacular
32479,-0.0100662193425765,6.49535634124655,-4.54655061514081,1.97763999589337e-05,0.0104495159848239,1.10036334989018,PTEN,DOWN,extramacular
32489,0.00800295232525076,4.91350286857858,4.01016018486491,0.000138525834864426,0.0224862690054313,-0.777544842746559,NOC4L,UP,extramacular
32653,0.0215542039221535,5.61586511558386,4.48107677198008,2.52520547033245e-05,0.0108489065150277,0.863508075163766,ARP11,UP,extramacular
32662,0.0112586904340615,5.442645462467,3.79110878173542,0.000294917208936232,0.0314004255818238,-1.50036710660689,HAGHL,UP,extramacular
32808,-0.0217787269486646,5.51384341801052,-4.82731818319847,6.79898571992001e-06,0.00615523463114332,2.13798473241032,C4orf31,DOWN,extramacular
32820,-0.0119524994770686,4.22493366374225,-4.22528077429655,6.44619882878726e-05,0.0167274779734353,-0.0419901127581852,FGD6,DOWN,extramacular
32834,-0.00773503276083463,6.62603926657316,-3.9131921283152,0.000194133985944312,0.0263588338420056,-1.10087871030379,DMTF1,DOWN,extramacular
32867,0.0157969231421301,8.84111743246519,4.01418832898918,0.000136583546093423,0.0223997015593214,-0.76400029416294,CA4,UP,extramacular
32907,-0.026263339670377,6.17913664335272,-3.52278218325037,0.000719133436012285,0.0498048494535535,-2.34724341514721,SMOC1,DOWN,extramacular
33131,0.0180294890859564,8.1902371283388,3.96179268223638,0.000164018882710406,0.0240134821793781,-0.939479316693494,CNKSR3,UP,extramacular
33211,0.010561198999072,3.26164909466785,4.17423719003675,7.74448652600612e-05,0.0168895716790559,-0.218737886126156,TMEM33,UP,extramacular
33232,-0.023989610709891,8.07720656190904,-4.00376780594386,0.000141662647710906,0.0225860429968128,-0.799020752725292,ANGPT1,DOWN,extramacular
33238,0.0145368872485843,10.8878908293873,5.09563215566774,2.38414065162527e-06,0.00407290694652651,3.16045539780775,COL8A1,UP,extramacular
33297,0.0149741224933481,7.8390702612684,3.89435169614539,0.000207177441498951,0.0271375227919344,-1.16308788353051,PRKCB,UP,extramacular
33341,0.0125768354643687,3.79841423888506,5.12297312095055,2.13966457547447e-06,0.00407290694652651,3.26621921664739,TMEM62,UP,extramacular
33386,0.00834385860684058,5.12505061837684,3.6708303103584,0.000441887820251009,0.0382837713516112,-1.88539957100539,GPR175,UP,extramacular
33555,0.0176779971347318,9.04661691215881,4.70621249378052,1.08169479023811e-05,0.00778061164908113,1.68617233572028,SLC25A4,UP,extramacular
33564,-0.0284342286729573,7.58380345276449,-5.01550515777004,3.26887077274601e-06,0.00454532720524772,2.85213486561352,GAS1,DOWN,extramacular
33645,0.0179027921126922,6.56240896537629,3.87145826762208,0.00022415756199375,0.0275989791043356,-1.23840749739179,SPOCD1,UP,extramacular
33653,0.0273006741334676,6.9839777201385,5.42314184503689,6.42158150367201e-07,0.0034290301913685,4.44507288068423,HHATL,UP,extramacular
33708,0.0105275134700241,4.51422993337288,3.84607577225042,0.000244538974069864,0.0289222052277259,-1.32156485536419,SHISA5,UP,extramacular
33718,0.0100088504349066,9.33687648259967,4.17753928968787,7.65338030043995e-05,0.0168276050206054,-0.20734474986187,KIAA0329,UP,extramacular
33857,-0.0203194622066191,7.8893584742053,-3.81877729276739,0.000268432561767501,0.0303188292905441,-1.41058396989365,LEPR,DOWN,extramacular
33870,-0.0106043257586144,6.65176275605315,-3.80396121702623,0.00028231843950153,0.0311892027676313,-1.45871714766549,RIT1,DOWN,extramacular
33923,-0.0111107057949623,5.89290255669123,-3.97941815252934,0.000154247431445977,0.0231653651622163,-0.880619449903297,SFRS18,DOWN,extramacular
34050,-0.0103730332556495,8.26759062691114,-3.73543156105341,0.000355963403310107,0.034502362968592,-1.67967242059277,ARMCX2,DOWN,extramacular
34087,0.0155957059132241,5.09688729342224,3.62088557654799,0.000521488738086099,0.0419841763326442,-2.04271852767934,MFRP,UP,extramacular
34395,0.0175884479636785,6.96185711249998,3.64402116236127,0.000483055430992433,0.0401729668776668,-1.97003417677514,SYTL3,UP,extramacular
34422,0.0211666131517628,7.89193821437449,3.75344576223134,0.00033500198440497,0.0333375761179703,-1.62185950638597,GRAMD1C,UP,extramacular
34468,-0.0200737398626078,4.85203390632641,-4.40836053130425,3.30571329879757e-05,0.0125341083157423,0.602831622095191,SYT15,DOWN,extramacular
34527,0.0138493569032985,8.73697888343898,3.89480833988501,0.000206851607893174,0.0271375227919344,-1.16158247843897,PITPNA,UP,extramacular
34545,0.0124961205535524,5.1500404465527,3.79595438805485,0.000290105460840248,0.0313455110578305,-1.48467566222245,ROGDI,UP,extramacular
34581,0.00870810281524935,3.69094192618285,4.20207714161582,7.00799827688982e-05,0.0168276050206054,-0.122504474439294,EVI5L,UP,extramacular
34778,-0.0100465753778135,5.33231801232312,-3.63074951246655,0.000504760108868793,0.0412254272183675,-2.01176945449139,AGPAT4,DOWN,extramacular
34839,0.00905680706109971,4.9251066699523,3.68466581163215,0.000421970286824945,0.0373035320481167,-1.84155103349851,MED22,UP,extramacular
35196,-0.0118431044144112,5.72048921626755,-4.27745136801368,5.33726006511197e-05,0.0150820827886685,0.140045481467897,SMCHD1,DOWN,extramacular
35323,0.00800519917654289,2.96597008856887,3.62743691371032,0.000510320373076993,0.0414319510814984,-2.02216972587728,DRD2,UP,extramacular
35420,0.00844750426018291,5.15802729676192,3.60251657769083,0.000554054560735761,0.0428521873655949,-2.10019342718136,C21orf2,UP,extramacular
35520,0.0194759227512883,6.02532925747746,3.79048994927079,0.000295537176281772,0.0314004255818238,-1.50237006965881,SLC30A2,UP,extramacular
35524,0.0225455628297717,5.38563214515724,4.90255754970092,5.0810407595114e-06,0.00530488077275737,2.42179010050556,SLC29A4,UP,extramacular
35529,0.023138990306492,13.4840059016041,4.24403415397484,6.02414011026231e-05,0.0158326759308176,0.0232848513721731,SLC16A3,UP,extramacular
35667,0.018688354988202,10.7152318285706,4.3633627634506,3.90077020833562e-05,0.0130248413436757,0.442801484470523,FADS2,UP,extramacular
35685,0.0159233528995877,9.03304710809081,4.10678875560974,9.85102865233898e-05,0.0197986360169558,-0.450196928251422,DKFZP564O0823,UP,extramacular
35959,-0.0151161366517864,5.52163983962641,-3.76491672624085,0.000322273495888635,0.0330694903066041,-1.58494543629399,GUCY1A3,DOWN,extramacular
36140,0.0121861658794375,5.64978428272536,3.88423941986941,0.000214520142127222,0.0272909533345406,-1.19639429349592,VEGFA,UP,extramacular
36611,0.0236792580275838,5.8262854065503,3.99448998106058,0.000146336945098135,0.0226686141798354,-0.830150559564871,LOC440181,UP,extramacular
36668,-0.0108814171749217,5.66566405690554,-4.28426434466762,5.20681637832378e-05,0.0148341394160752,0.163919752594241,SETDB2,DOWN,extramacular
36723,0.0116909685116058,8.26756420493949,3.76668108496031,0.000320357131105735,0.0330016140083797,-1.57926074411428,ALDOAP2,UP,extramacular
36803,0.0176460755548964,12.6537320695041,3.52709739335694,0.00070911931447499,0.0494453943766575,-2.33397513635147,INPP5K,UP,extramacular
36833,0.0134824307034072,9.07866124435337,4.04566991496893,0.000122279230047407,0.0214813166357918,-0.657837850715172,BSG,UP,extramacular
36920,0.0329084585956537,7.99488936628098,4.02004784268497,0.000133804826788529,0.0223068032234418,-0.744281889875984,TMEM27,UP,extramacular
36937,0.00987415304925795,5.69694864679714,3.57453721149396,0.000607392278360761,0.0452783334778022,-2.1873370372822,TSPAN33,UP,extramacular
36984,-0.00859662065776074,4.21174650429809,-4.07849454213953,0.000108901781702815,0.0207673165107694,-0.546572058893655,ZBTB46,DOWN,extramacular
36986,-0.010328255540697,6.77671759240485,-4.5592950828895,1.88536429244732e-05,0.0103066581320454,1.14669910942876,TTC28,DOWN,extramacular
37040,-0.0217522389445791,5.93086821680884,-4.36550325546342,3.87025499197934e-05,0.0130248413436757,0.450391481650241,C8orf4,DOWN,extramacular
37147,0.0182953107179745,5.08505458695297,3.74549470517341,0.00034410451062047,0.0339182649886648,-1.64740058822193,PLEKHB1,UP,extramacular
37275,0.00889378821096465,7.30298742812034,3.70901954601759,0.000388969683210969,0.0362680746209791,-1.76408645782892,RAB7A,UP,extramacular
37307,-0.0114626202290797,8.0726006770606,-3.5546683857493,0.000648188224562447,0.0472188935886921,-2.24892391753752,RUNX1T1,DOWN,extramacular
37347,0.0097930056924053,6.23990229628915,3.60475662368051,0.000549982276727841,0.0427491567597914,-2.0931956786623,SRA1,UP,extramacular
37646,0.0105126328615675,9.81561427762024,3.6783318864661,0.000430980156920541,0.0376552026965915,-1.86163938595658,CHCHD10,UP,extramacular
37789,-0.0113224199925575,8.47773039582727,-4.48226677586981,2.51405279556911e-05,0.0108489065150277,0.867795024354697,DDAH2,DOWN,extramacular
37876,-0.0224318564860959,5.95044063110972,-4.85347274555235,6.14576984509842e-06,0.00585992008486129,2.23637541215969,MEST,DOWN,extramacular
38056,-0.0113001013441122,5.35961852722617,-4.01618398431084,0.0001356309947017,0.0223997015593214,-0.757286642324664,MBOAT2,DOWN,extramacular
38098,0.0202690524100465,5.0615014609894,4.19897908030885,7.08648970777177e-05,0.0168276050206054,-0.133233371134118,CKMT2,UP,extramacular
38149,0.0124172677261815,4.88673357687831,3.66021573948273,0.000457771524917851,0.0389390716216429,-1.91896136578081,ARAF,UP,extramacular
38733,0.016694667964659,9.48101816564108,3.689404626273,0.000415346969640846,0.0373035320481167,-1.8265057894838,ASB13,UP,extramacular
38952,-0.012428732745397,7.38419870722541,-4.63617932876668,1.41121350880067e-05,0.00904058654075431,1.42780628165863,JAG1,DOWN,extramacular
38970,0.0243001197914618,6.54683309561031,3.61841777450723,0.000525755610316106,0.0421015234823444,-2.05045214558539,IGHA1,UP,extramacular
39026,0.0179195764596807,6.35089350204077,4.12837239400891,9.12318268729096e-05,0.0186487909648053,-0.376391504875309,GYLTL1B,UP,extramacular
39081,0.016738801724427,9.79922572619264,3.57305169119401,0.000610356176008298,0.0453344261165584,-2.19195018827489,FADS1,UP,extramacular
39095,0.0276722197496914,11.2932311357736,4.39173250374692,3.51458110359036e-05,0.012752019933381,0.543580555052827,CHRNA3,UP,extramacular
39169,0.0107524043115338,4.87891509212077,4.00743754788194,0.000139853624302073,0.0224862690054313,-0.786694596264491,PYCRL,UP,extramacular
39206,0.0106073225162888,3.63802256198302,4.47948147945835,2.54023176937234e-05,0.0108489065150277,0.857762138190012,GGTLC3,UP,extramacular
39495,0.0147167307447539,4.29511121104858,4.06861994372849,0.000112770563690588,0.0207718775876049,-0.580105351840134,C1orf88,UP,extramacular
39507,-0.0130470123205711,4.1061824894263,-3.69345272095473,0.000409767544091736,0.0371435461139647,-1.81364277157702,CLK1,DOWN,extramacular
39536,-0.0079581345163928,4.90465180809663,-3.70162342195513,0.000398722606098111,0.036502183186153,-1.78764988004742,WRN,DOWN,extramacular
39539,0.0201960564033437,5.97560862476307,3.53569963607957,0.000689549204911886,0.048997430505004,-2.30749017825488,SLC2A12,UP,extramacular
39665,0.00881671638932309,6.43452816232408,3.57836676288419,0.000599814424695352,0.0449325531219475,-2.17543836778198,PEMT,UP,extramacular
39705,-0.0102978224288835,6.32929176973644,-4.56928416243821,1.81597411773776e-05,0.0103066581320454,1.18306925585168,PHF19,DOWN,extramacular
39808,0.0273948777909151,7.71737850042439,3.54344234574802,0.000672373062136425,0.0481945726356528,-2.28361175369669,GPM6A,UP,extramacular
40047,0.0212265714923938,4.80583818586428,3.76223868866985,0.000325203167842462,0.0331674872675148,-1.59357044835043,FAM84A,UP,extramacular
40117,0.010569944152847,3.38345322750992,3.61288741463186,0.000535438441365528,0.0423784418214644,-2.06776961291052,PEX11G,UP,extramacular
40153,-0.00883366538568827,7.24465928295436,-3.67768812670611,0.000431906071487355,0.0376552026965915,-1.86367974201883,BCL2A1,DOWN,extramacular
40202,0.0143681401919924,7.36500360337946,3.90750332165275,0.000197987160652375,0.0266146674975324,-1.11968380127606,GGA2,UP,extramacular
40420,0.0185022444583241,6.4166614134928,3.73761939783351,0.000353352470771619,0.034411998341179,-1.67266130261808,FMO2,UP,extramacular
40643,0.0159323268000099,3.78814414581705,3.83984351519301,0.000249807808375307,0.0293470491214543,-1.34192599823367,NOS2,UP,extramacular
40895,-0.00970043584048206,7.22162374301562,-3.88036426590947,0.000217399441422984,0.0272909533345406,-1.20914226785368,FUSIP1,DOWN,extramacular
40901,-0.0125889589132432,3.72502728177655,-4.18434169420094,7.46894373003157e-05,0.0168276050206054,-0.183856667002733,LRCH2,DOWN,extramacular
41374,0.0109838802672308,5.2575173793769,3.60161898572583,0.000555694355212633,0.0428521873655949,-2.1029965717778,ANKRD16,UP,extramacular
41542,0.0194007491764569,5.93303141931666,4.0897390099217,0.000104651690555071,0.0206572897466305,-0.508322838948321,SYT17,UP,extramacular
41585,-0.00943242438699189,8.50162532497255,-3.69299786551891,0.000410390887551854,0.0371435461139647,-1.8150885898815,LSM14A,DOWN,extramacular
41684,0.0175133643553241,11.1785038273801,3.64474856618018,0.000481891841511644,0.0401729668776668,-1.96774359822623,CST3,UP,extramacular
41788,0.0195744128291751,6.26543972918913,3.6803750797859,0.000428053943449631,0.0375807530651711,-1.85516195117295,RAB33A,UP,extramacular
41992,0.0273365532151203,7.73644972776365,3.57648187970193,0.000603532922765691,0.0450725862174742,-2.18129596566133,C6orf105,UP,extramacular
42117,-0.0123881862755876,7.42361286807127,-3.81906120226286,0.000268172957985716,0.0303188292905441,-1.40966038002524,GRK5,DOWN,extramacular
42348,-0.0370900868913683,5.02853806395255,-3.98160295255329,0.000153075828847094,0.0231590737370143,-0.873311323923664,SELE,DOWN,extramacular
42383,-0.0288086232031068,6.15554187738643,-5.38391838968903,7.52713944446745e-07,0.0034290301913685,4.2892589361279,RSPO3,DOWN,extramacular
42390,-0.0158116656126934,5.66588582988287,-3.92118859864542,0.000188839016554473,0.0259812069756154,-1.07441435777348,FLCN,DOWN,extramacular
42617,-0.0141721192197512,5.34922374261728,-4.06238791116862,0.000115279870208793,0.0210065541269356,-0.601241688028336,NIPSNAP3A,DOWN,extramacular
42847,-0.0164364216184245,6.4715871804864,-4.76997714259141,8.47675368160077e-06,0.00676339515854389,1.92327918175254,ME1,DOWN,extramacular
42911,0.0150070429857882,9.64753505049096,4.0542947619252,0.000118618750341562,0.0211567108225005,-0.628658725755296,ATP1B1,UP,extramacular
42941,-0.0110063356502663,7.25712979684676,-3.69496022867611,0.000407708061790968,0.0370643692537244,-1.80885006652837,ARMCX1,DOWN,extramacular
42993,0.024129733923094,6.95829021540729,3.75402836354159,0.000334344119027334,0.0333375761179703,-1.61998654830164,NETO2,UP,extramacular
43130,-0.0123993966260029,6.48533539467092,-4.46423439052755,2.68828881385516e-05,0.0111333173099052,0.802905917321562,POMC,DOWN,extramacular
43169,-0.0116994608675333,4.89553446898026,-3.54424362654262,0.000670618864885384,0.0481530183192658,-2.28113846164357,FGD6,DOWN,extramacular
43277,-0.0168075518781442,2.79551939840591,-4.29424931257707,5.02118900234022e-05,0.0147406083425061,0.198951757981805,UHRF1,DOWN,extramacular
43305,-0.012176208916047,7.52271432054534,-4.5110901184601,2.25805325190765e-05,0.0108489065150277,0.971834030619023,FANCL,DOWN,extramacular
43354,-0.0161804273657129,4.93911642493344,-4.40574560922401,3.33774434864981e-05,0.0125341083157423,0.593504904299703,PRKD1,DOWN,extramacular
43372,-0.0139899379866316,3.60634184143136,-3.63962297021481,0.000490148084671803,0.0405162731281127,-1.98387709364389,PPP1R1C,DOWN,extramacular
43614,-0.0120156180456381,4.45483501462434,-3.74934227956232,0.00033967067084163,0.0336388828611276,-1.63504575936719,SMG1,DOWN,extramacular
43849,-0.0136884936618653,2.2132221732775,-5.39137240266335,7.3035628594898e-07,0.0034290301913685,4.31883030347152,SEMA3E,DOWN,extramacular
44003,-0.017626472304872,4.88921936821846,-3.86340586245884,0.000230440593026502,0.0280357991515922,-1.26482867068309,HHIP,DOWN,extramacular
44092,-0.0111499560891365,3.51317453876196,-3.85717243844794,0.000235419650171532,0.0282228235585754,-1.2852559088287,ZDHHC23,DOWN,extramacular
44144,0.02910120901679,8.64150295247426,3.99080593842043,0.000148233775550451,0.0226946247443891,-0.842498406294971,SLC6A20,UP,extramacular
44678,-0.0136085744087091,6.55822907935399,-3.61279847090177,0.000535595543670459,0.0423784418214644,-2.06804797245772,KIAA0528,DOWN,extramacular
1732,-0.016706471576335,6.33879214688341,-4.82160634645384,6.28731479327697e-06,0.0284233490167351,2.10445459052912,ANGPTL2,DOWN,macular
11947,-0.0200696933404553,4.69287112317306,-4.71027209471132,9.70553381059247e-06,0.0284233490167351,1.6823550542277,ROR1,DOWN,macular
16813,0.00990117546226413,6.50120676249791,4.56768001862943,1.67962888128601e-05,0.0362446232277507,1.15018744865912,GGA2,UP,macular
16941,-0.0117930296989566,4.52628969680358,-4.96687580263065,3.5415304805511e-06,0.0181503437128244,2.66352105351843,LRP5,DOWN,macular
19473,-0.014569727855193,5.790778752096,-5.00767096570083,3.00988342274647e-06,0.0179214070169665,2.82215544366126,NRP1,DOWN,macular
23593,-0.0140723820459454,3.93441024269087,-4.64781834571235,1.23540767109889e-05,0.0301300121417681,1.44808267162811,CNTNAP3,DOWN,macular
24478,-0.0290226469418856,6.99293908442917,-4.72133910770152,9.29770704450917e-06,0.0284233490167351,1.7240589590739,CDH18,DOWN,macular
24556,-0.022276349271435,3.95347827949948,-5.38674262844568,6.45085561612663e-07,0.0159691839697328,4.32826044882773,GALNT9,DOWN,macular
25987,-0.0118125411221472,4.26918172818524,-4.65446742048269,1.20417043691411e-05,0.0301300121417681,1.47293693380811,RP1-21O18.1,DOWN,macular
26209,-0.00900966293718463,4.20105731826351,-4.59660770211217,1.50382666233473e-05,0.0342538295309578,1.25736301117127,MEF2A,DOWN,macular
30098,-0.0130539193819688,7.62199918891712,-4.74965175691715,8.32874410462316e-06,0.0284233490167351,1.83100723966841,FBXL7,DOWN,macular
31045,0.018858889214305,8.28382765220567,5.20944312854082,1.33420659102562e-06,0.0179214070169665,3.61682967475882,LAYN,UP,macular
32907,-0.0299227949112718,6.8745396182507,-5.00355677467736,3.05975241753087e-06,0.0179214070169665,2.8061253484713,SMOC1,DOWN,macular
33653,0.0192686731586715,7.31576577436884,4.64491497974185,1.24929318636599e-05,0.0301300121417681,1.4372364531569,HHATL,UP,macular
33696,-0.0172849475611302,3.00347132539281,-5.3409743494114,7.78984583889403e-07,0.0159691839697328,4.14348222016512,CDH23,DOWN,macular
37064,-0.0191516929486825,5.40133627830134,-5.07543147294106,2.2941078083106e-06,0.0179214070169665,3.08718409200737,COL25A1,DOWN,macular
38975,0.0242111487314255,5.18803389887479,4.74121683021947,8.60664967899602e-06,0.0284233490167351,1.79910653022367,FAP,UP,macular
41403,-0.0160922562843956,3.41846403909783,-4.76096054162405,7.9698149051564e-06,0.0284233490167351,1.87382798566063,KDR,DOWN,macular
