perturbation_id,knockdown_gene,direction,ARE_enrichment
119_ACVR1B_P1P2_ENSG00000135503,ACVR1B,UP,-0.04455049261083862
293_AMH_P1P2_ENSG00000104899,AMH,UP,-0.06385467980295957
306_ANAPC1_P1P2_ENSG00000153107,ANAPC1,UP,-0.06704125615763692
301_ANAPC10_P1P2_ENSG00000164162,ANAPC10,UP,-0.09001693349753832
302_ANAPC11_P1P2_ENSG00000141552,ANAPC11,UP,-0.06146089901478042
304_ANAPC15_P1P2_ENSG00000110200,ANAPC15,UP,0.12192887931034357
305_ANAPC16_P1P2_ENSG00000166295,ANAPC16,UP,-0.04608220443349811
307_ANAPC2_P1P2_ENSG00000176248,ANAPC2,UP,-0.0449276477832535
308_ANAPC4_P1P2_ENSG00000053900,ANAPC4,UP,-0.06186884236453437
309_ANAPC5_P1P2_ENSG00000089053,ANAPC5,UP,0.15672721674877366
310_ANAPC7_P1P2_ENSG00000196510,ANAPC7,UP,0.0643626847290623
312_ANGPT1_P1P2_ENSG00000154188,ANGPT1,UP,-0.1423183497536926
436_AREG_P1P2_ENSG00000109321,AREG,UP,-0.05311730295566762
720_AXL_P1P2_ENSG00000167601,AXL,UP,-0.09688269704433321
1315_CCNA2_P1P2_ENSG00000145386,CCNA2,UP,-0.10193965517241442
1370_CD55_P1P2_ENSG00000196352,CD55,UP,0.04878386699507123
1383_CD9_P1P2_ENSG00000010278,CD9,UP,-0.08831588669950323
1389_CDC16_P1P2_ENSG00000130177,CDC16,UP,0.13280480295567393
1391_CDC23_P1P2_ENSG00000094880,CDC23,UP,0.0816656403940876
1395_CDC26_P1P2_ENSG00000176386,CDC26,UP,0.10004618226601177
1396_CDC27_P1P2_ENSG00000004897,CDC27,UP,0.06593288177339826
1432_CDK2_P1P2_ENSG00000123374,CDK2,UP,-0.0810575738916265
1433_CDK4_P1P2_ENSG00000135446,CDK4,UP,0.10148552955665181
1439_CDK6_P2_ENSG00000105810,CDK6,UP,0.06941194581280412
1440_CDK6_P1_ENSG00000105810,CDK6,UP,0.11178417487686632
1446_CDKN1B_P1P2_ENSG00000111276,CDKN1B,UP,-0.06427801724138422
1450_CDKN2C_P2_ENSG00000123080,CDKN2C,UP,-0.08920874384236435
1451_CDKN2C_P1_ENSG00000123080,CDKN2C,UP,0.07130541871920877
1452_CDKN2D_P1P2_ENSG00000129355,CDKN2D,UP,0.04834513546797817
1466_CEBPB_P1P2_ENSG00000172216,CEBPB,UP,-0.11510929802954908
1937_CTNNB1_P1P2_ENSG00000168036,CTNNB1,UP,0.05987530788177134
1945_CTSB_P1P2_ENSG00000164733,CTSB,UP,0.08894704433497372
1977_CXCL2_P1P2_ENSG00000081041,CXCL2,UP,-0.06751077586207152
1978_CXCL3_P1P2_ENSG00000163734,CXCL3,UP,0.06390086206896334
2520_EHMT1_P1P2_ENSG00000181090,EHMT1,UP,-0.12792487684728535
2521_EHMT2_P1P2_ENSG00000204371,EHMT2,UP,0.07856373152709258
2759_ETS2_P1P2_ENSG00000157557,ETS2,UP,-0.08569119458128138
3027_FBXO5_P1P2_ENSG00000112029,FBXO5,UP,-0.0584205665024682
3070_FGF2_P1P2_ENSG00000138685,FGF2,UP,-0.08045720443349737
3140_FOS_P1_ENSG00000170345,FOS,UP,0.047413793103448
3141_FOS_P2_ENSG00000170345,FOS,UP,0.08064963054186694
3238_FZR1_P1P2_ENSG00000105325,FZR1,UP,-0.07434575123152885
3329_GDF15_P1P2_ENSG00000130513,GDF15,UP,-0.049284174876850106
3385_GLB1_P1P2_ENSG00000170266,GLB1,UP,-0.12070504926107696
3420_GMFG_P1P2_ENSG00000130755,GMFG,UP,-0.089955357142853
3826_HMGA2_P1P2_ENSG00000149948,HMGA2,UP,0.09863762315271002
3827_HMGB1_P1_ENSG00000189403,HMGB1,UP,-0.06166871921182475
3828_HMGB1_P2_ENSG00000189403,HMGB1,UP,-0.10046951970443072
4009_ICAM1_P1P2_ENSG00000090339,ICAM1,UP,-0.0614993842364564
4011_ICAM3_P1P2_ENSG00000076662,ICAM3,UP,-0.11336206896551333
4064_IGF1_P1P2_ENSG00000017427,IGF1,UP,-0.12322967980294461
4069_IGFBP2_P1P2_ENSG00000115457,IGFBP2,UP,0.08474445812807732
4070_IGFBP4_P1P2_ENSG00000141753,IGFBP4,UP,0.1016086822660205
4098_IL6ST_P1P2_ENSG00000134352,IL6ST,UP,-0.06771089901478013
4173_IQGAP2_P1P2_ENSG00000145703,IQGAP2,UP,-0.12098214285713772
4235_ITPKA_P1P2_ENSG00000137825,ITPKA,UP,0.09721366995074288
4266_JUN_P1P2_ENSG00000177606,JUN,UP,-0.04378078817734061
4538_LCP1_P1P2_ENSG00000136167,LCP1,UP,0.06043719211822193
4617_LMNB1_P1P2_ENSG00000113368,LMNB1,UP,0.07745535714285451
4810_MAP3K3_P1P2_ENSG00000198909,MAP3K3,UP,0.06129926108374201
4828_MAPK1_P1P2_ENSG00000100030,MAPK1,UP,0.0765009236453199
4829_MAPK3_P1P2_ENSG00000102882,MAPK3,UP,-0.08235837438423657
5073_MIF_P1P2_ENSG00000240972,MIF,UP,0.05393318965517136
5461_NAP1L4_P1P2_ENSG00000205531,NAP1L4,UP,0.0858528325123158
5642_NFKB1_P1P2_ENSG00000109320,NFKB1,UP,0.0652016625615745
6333_PIGF_P1P2_ENSG00000151665,PIGF,UP,0.08083435960591062
6415_PLAUR_P1P2_ENSG00000011422,PLAUR,UP,-0.11613300492610179
6896_PTBP1_P1P2_ENSG00000011304,PTBP1,UP,-0.05187038177340009
6905_PTEN_P1P2_ENSG00000171862,PTEN,UP,0.09767549261084747
7136_RB1_P1P2_ENSG00000139687,RB1,UP,-0.07014316502463386
7149_RBL1_P1P2_ENSG00000080839,RBL1,UP,0.04468134236453029
7226_RELA_P1P2_ENSG00000173039,RELA,UP,-0.09166410098521785
7516_RPS27A_P1P2_ENSG00000143947,RPS27A,UP,-0.17466133004927237
7528_RPS6KA1_P1_ENSG00000117676,RPS6KA1,UP,-0.0557958743842391
7529_RPS6KA1_P2_ENSG00000117676,RPS6KA1,UP,-0.11420104679802022
7530_RPS6KA3_P1P2_ENSG00000177189,RPS6KA3,UP,0.12266009852218948
7683_SCAMP4_P1P2_ENSG00000227500,SCAMP4,UP,0.11153017241379372
7765_SELPLG_P1P2_ENSG00000110876,SELPLG,UP,0.05684267241379117
7922_SIRT1_P1P2_ENSG00000096717,SIRT1,UP,-0.041725677339901804
7926_SIRT6_P1P2_ENSG00000077463,SIRT6,UP,-0.052093596059114344
8496_STAT3_P1P2_ENSG00000168610,STAT3,UP,0.051785714285711604
8754_TBX2_P1P2_ENSG00000121068,TBX2,UP,-0.11423183497536286
8820_TERF2_P1P2_ENSG00000132604,TERF2,UP,0.050338669950737006
9128_TNFRSF1A_P1P2_ENSG00000067182,TNFRSF1A,UP,0.04494304187191825
9129_TNFRSF1B_P1_ENSG00000028137,TNFRSF1B,UP,0.053956280788175284
9130_TNFRSF1B_P2_ENSG00000028137,TNFRSF1B,UP,0.07951816502462612
9195_TP53_P1P2_ENSG00000141510,TP53,UP,-0.06803417487684917
9425_TUBGCP2_P1P2_ENSG00000130640,TUBGCP2,UP,-0.05905942118226703
9441_TWIST1_P1P2_ENSG00000122691,TWIST1,UP,-0.06358528325123432
9481_UBA52_P2_ENSG00000221983,UBA52,UP,-0.10184729064039293
9482_UBA52_P1_ENSG00000221983,UBA52,UP,-0.07480757389162856
9492_UBB_P1P2_ENSG00000170315,UBB,UP,0.09117149014778482
9493_UBC_P1P2_ENSG00000150991,UBC,UP,-0.10787407635467437
9496_UBE2D1_P1P2_ENSG00000072401,UBE2D1,UP,-0.08393626847290996
9500_UBE2E1_P1P2_ENSG00000170142,UBE2E1,UP,-0.05172413793103697
9518_UBE2S_P1P2_ENSG00000108106,UBE2S,UP,-0.07854833743842629
9718_VEGFA_P1P2_ENSG00000112715,VEGFA,UP,-0.051431650246308025
9720_VENTX_P1P2_ENSG00000151650,VENTX,UP,-0.07033559113300737
9723_VGF_P1P2_ENSG00000128564,VGF,UP,0.049237992610833926
9921_YBX1_P1P2_ENSG00000065978,YBX1,UP,0.10110067733990336
10129_ZKSCAN3_P1P2_ENSG00000189298,ZKSCAN3,UP,-0.07529248768473006
55_ABL1_ENST00000372348.2_ENSG00000097007,ABL1,DOWN,-0.08338208128078996
225_AK2_P1P2_ENSG00000004455,AK2,DOWN,-0.06597906403940935
289_AMD1_P1P2_ENSG00000123505,AMD1,DOWN,0.05953663793103168
355_ANP32E_P1P2_ENSG00000143401,ANP32E,DOWN,-0.05523399014778563
493_ARID4A_P1P2_ENSG00000032219,ARID4A,DOWN,-0.06561730295566777
578_ASF1A_P1P2_ENSG00000111875,ASF1A,DOWN,0.08965517241379206
579_ASF1B_P1P2_ENSG00000105011,ASF1B,DOWN,-0.08325123152709418
599_ATAD2_P1P2_ENSG00000156802,ATAD2,DOWN,-0.0634621305418749
608_ATF5_P1P2_ENSG00000169136,ATF5,DOWN,-0.15110837438423605
698_ATRX_P1P2_ENSG00000085224,ATRX,DOWN,-0.06641009852216917
714_AURKA_P1P2_ENSG00000087586,AURKA,DOWN,0.07750153940886585
715_AURKB_P1P2_ENSG00000178999,AURKB,DOWN,0.06497844827585719
761_BARD1_P1P2_ENSG00000138376,BARD1,DOWN,0.12721674876847816
837_BIRC5_P1P2_ENSG00000089685,BIRC5,DOWN,-0.08395935960591284
884_BRCA1_P1P2_ENSG00000012048,BRCA1,DOWN,0.12032019704434402
885_BRCA2_P1P2_ENSG00000139618,BRCA2,DOWN,0.10689655172413769
903_BRMS1L_P1P2_ENSG00000100916,BRMS1L,DOWN,0.13214285714285692
935_BUB1_P1P2_ENSG00000169679,BUB1,DOWN,0.11620227832512793
934_BUB1B_P1P2_ENSG00000156970,BUB1B,DOWN,-0.08898552955665019
936_BUB3_P1P2_ENSG00000154473,BUB3,DOWN,0.08506773399014769
1206_CASP8AP2_P1P2_ENSG00000118412,CASP8AP2,DOWN,0.1063885467980333
1228_CBX1_P1P2_ENSG00000108468,CBX1,DOWN,-0.07115147783251709
1232_CBX5_P1P2_ENSG00000094916,CBX5,DOWN,-0.07867918719212033
1315_CCNA2_P1P2_ENSG00000145386,CCNA2,DOWN,-0.10193965517241442
1318_CCNB2_P1P2_ENSG00000157456,CCNB2,DOWN,-0.12175954433497346
1320_CCND1_P1_ENSG00000110092,CCND1,DOWN,-0.0829895320197044
1321_CCND1_P2_ENSG00000110092,CCND1,DOWN,0.11448583743842705
1325_CCNE1_P1P2_ENSG00000105173,CCNE1,DOWN,0.14338823891625735
1327_CCNF_P1P2_ENSG00000162063,CCNF,DOWN,-0.13159636699506577
1337_CCNT1_P1P2_ENSG00000129315,CCNT1,DOWN,0.05173953201970152
1340_CCP110_P1P2_ENSG00000103540,CCP110,DOWN,0.054833743842363634
1390_CDC20_P1P2_ENSG00000117399,CDC20,DOWN,0.08446736453201995
1392_CDC25A_P1P2_ENSG00000164045,CDC25A,DOWN,0.08887777093596207
1393_CDC25B_P1P2_ENSG00000101224,CDC25B,DOWN,-0.05150862068965899
1396_CDC27_P1P2_ENSG00000004897,CDC27,DOWN,0.06593288177339826
1407_CDC45_P1P2_ENSG00000093009,CDC45,DOWN,0.05109298029556502
1409_CDC6_P1P2_ENSG00000094804,CDC6,DOWN,-0.06787253694581621
1411_CDC7_P1P2_ENSG00000097046,CDC7,DOWN,0.09540486453201387
1413_CDCA3_P1P2_ENSG00000111665,CDCA3,DOWN,0.07960283251231434
1418_CDCA8_P1P2_ENSG00000134690,CDCA8,DOWN,0.07105141625615427
1429_CDK1_P1P2_ENSG00000170312,CDK1,DOWN,0.07655480295566013
1433_CDK4_P1P2_ENSG00000135446,CDK4,DOWN,0.10148552955665181
1446_CDKN1B_P1P2_ENSG00000111276,CDKN1B,DOWN,-0.06427801724138422
1450_CDKN2C_P2_ENSG00000123080,CDKN2C,DOWN,-0.08920874384236435
1451_CDKN2C_P1_ENSG00000123080,CDKN2C,DOWN,0.07130541871920877
1453_CDKN3_P1P2_ENSG00000100526,CDKN3,DOWN,-0.06679495073892092
1475_CENPA_P2_ENSG00000115163,CENPA,DOWN,-0.0434575123152736
1479_CENPE_P1P2_ENSG00000138778,CENPE,DOWN,0.10651169950739335
1480_CENPF_P1P2_ENSG00000117724,CENPF,DOWN,-0.09575892857142562
1486_CENPM_P1P2_ENSG00000100162,CENPM,DOWN,0.05343288177339684
1544_CHAF1A_P1P2_ENSG00000167670,CHAF1A,DOWN,0.12320658866995378
1568_CHEK1_P1P2_ENSG00000149554,CHEK1,DOWN,0.0966133004926093
1569_CHEK2_P1P2_ENSG00000183765,CHEK2,DOWN,0.05308651477832297
1579_CHMP1A_P1P2_ENSG00000131165,CHMP1A,DOWN,0.08362838669950834
1624_CIT_P1P2_ENSG00000122966,CIT,DOWN,0.09294950738916696
1632_CKS2_P1P2_ENSG00000123975,CKS2,DOWN,-0.07923337438423725
7547_CNOT9_P1P2_ENSG00000144580,CNOT9,DOWN,-0.07233682266010033
1893_CSE1L_P1P2_ENSG00000124207,CSE1L,DOWN,0.08252770935960319
1927_CTCF_P1P2_ENSG00000102974,CTCF,DOWN,-0.06323121921182574
1941_CTPS1_P1P2_ENSG00000171793,CTPS1,DOWN,-0.08098060344827908
1960_CUL1_P1P2_ENSG00000055130,CUL1,DOWN,0.10177032019704617
1962_CUL3_P1P2_ENSG00000036257,CUL3,DOWN,0.16607912561576382
1963_CUL4A_P1P2_ENSG00000139842,CUL4A,DOWN,-0.039762931034484715
1965_CUL5_P1P2_ENSG00000166266,CUL5,DOWN,-0.1034405788177288
2036_DBF4_P1P2_ENSG00000006634,DBF4,DOWN,0.07489224137930636
2065_DCK_P1P2_ENSG00000156136,DCK,DOWN,0.04772937192117851
2067_DCLRE1B_P1P2_ENSG00000118655,DCLRE1B,DOWN,0.11270782019704396
2079_DCTPP1_P1P2_ENSG00000179958,DCTPP1,DOWN,0.06312346059112976
2117_DDX39A_P1P2_ENSG00000123136,DDX39A,DOWN,0.06366225369457927
2145_DEK_P1P2_ENSG00000124795,DEK,DOWN,0.0909713669950749
2157_DEPDC1_P1P2_ENSG00000024526,DEPDC1,DOWN,-0.0511468596059127
2221_DIAPH3_P1P2_ENSG00000139734,DIAPH3,DOWN,0.08158866995073834
2235_DKC1_P1P2_ENSG00000130826,DKC1,DOWN,-0.10691964285713457
2242_DLGAP5_P1P2_ENSG00000126787,DLGAP5,DOWN,0.0440116995073876
2254_DMD_ENST00000357033.4_ENSG00000198947,DMD,DOWN,0.0704741379310326
2314_DNMT1_P1P2_ENSG00000130816,DNMT1,DOWN,-0.07782481527093539
2336_DONSON_P1P2_ENSG00000159147,DONSON,DOWN,0.09070966748768355
2369_DR1_P1P2_ENSG00000117505,DR1,DOWN,0.1694119458128084
2378_DSCC1_P1P2_ENSG00000136982,DSCC1,DOWN,-0.06662561576354833
2394_DTYMK_P1P2_ENSG00000168393,DTYMK,DOWN,0.13239685960592518
2414_DUT_P1P2_ENSG00000128951,DUT,DOWN,0.14612068965517502
2437_E2F1_P1P2_ENSG00000101412,E2F1,DOWN,-0.10835899014776713
2438_E2F2_P1P2_ENSG00000007968,E2F2,DOWN,-0.10200892857142438
2439_E2F3_P1_ENSG00000112242,E2F3,DOWN,0.0916794950738937
2440_E2F3_P2_ENSG00000112242,E2F3,DOWN,0.0680880541871893
2441_E2F4_P1P2_ENSG00000205250,E2F4,DOWN,0.09502770935960697
2445_E2F8_P1P2_ENSG00000129173,E2F8,DOWN,-0.10807419950738903
2481_EED_P1P2_ENSG00000074266,EED,DOWN,0.051300800492608024
2541_EIF2S1_P1P2_ENSG00000134001,EIF2S1,DOWN,-0.10683497536945696
2732_ESPL1_P1P2_ENSG00000135476,ESPL1,DOWN,0.10404094827586603
2774_EWSR1_P1P2_ENSG00000182944,EWSR1,DOWN,-0.07975677339901895
2776_EXO1_P1P2_ENSG00000174371,EXO1,DOWN,-0.06187653940887128
2795_EXOSC8_P1P2_ENSG00000120699,EXOSC8,DOWN,-0.11832666256157193
2803_EZH2_P1P2_ENSG00000106462,EZH2,DOWN,0.047660098522165406
3027_FBXO5_P1P2_ENSG00000112029,FBXO5,DOWN,-0.0584205665024682
3174_FOXN3_P2_ENSG00000053254,FOXN3,DOWN,-0.06959667487684972
3175_FOXN3_P1_ENSG00000053254,FOXN3,DOWN,0.05948275862068854
3241_G3BP1_P1P2_ENSG00000145907,G3BP1,DOWN,0.05914408866994646
3369_GINS1_P1P2_ENSG00000101003,GINS1,DOWN,0.06575584975369139
3370_GINS2_P1P2_ENSG00000131153,GINS2,DOWN,0.09575123152709415
3371_GINS3_P1P2_ENSG00000181938,GINS3,DOWN,0.05180880541871675
3372_GINS4_P1P2_ENSG00000147536,GINS4,DOWN,0.07613916256157546
3554_GSPT1_P1P2_ENSG00000103342,GSPT1,DOWN,-0.055672721674880056
3686_HELLS_P1P2_ENSG00000119969,HELLS,DOWN,-0.09904556650245719
3725_HIF1A_P1P2_ENSG00000100644,HIF1A,DOWN,0.05333282019704002
3740_HIRA_P2_ENSG00000100084,HIRA,DOWN,0.07098214285714116
3741_HIRA_P1_ENSG00000100084,HIRA,DOWN,0.05994458128078737
3825_HMGA1_P1P2_ENSG00000137309,HMGA1,DOWN,-0.06352370689655394
3829_HMGB2_P1P2_ENSG00000164104,HMGB2,DOWN,0.07935652709359471
3830_HMGB3_P1P2_ENSG00000029993,HMGB3,DOWN,0.08172721674876857
3835_HMGN2_P1P2_ENSG00000198830,HMGN2,DOWN,0.0937730911330089
3842_HMMR_P1P2_ENSG00000072571,HMMR,DOWN,-0.060783559113305456
3863_HNRNPD_P1P2_ENSG00000138668,HNRNPD,DOWN,0.09436576354679818
3878_HNRNPU_P1P2_ENSG00000153187,HNRNPU,DOWN,-0.09127924876847264
3910_HOXC10_P1P2_ENSG00000180818,HOXC10,DOWN,0.07199815270935904
3979_HSPA8_P1P2_ENSG00000109971,HSPA8,DOWN,0.07308343596058872
3993_HUS1_P1P2_ENSG00000136273,HUS1,DOWN,0.04872229064039304
4100_ILF3_P1P2_ENSG00000129351,ILF3,DOWN,-0.09568195812807503
4116_INCENP_P1P2_ENSG00000149503,INCENP,DOWN,0.08355141625615774
4121_ING3_P1P2_ENSG00000071243,ING3,DOWN,0.0699661330049248
4164_IPO7_P1P2_ENSG00000205339,IPO7,DOWN,-0.07928725369458584
3849_JPT1_P1P2_ENSG00000189159,JPT1,DOWN,0.07544642857142675
4282_KATNA1_P1P2_ENSG00000186625,KATNA1,DOWN,-0.08840055418719275
4374_KIF11_P1P2_ENSG00000138160,KIF11,DOWN,-0.07436884236453244
4377_KIF15_P1P2_ENSG00000163808,KIF15,DOWN,-0.06329279556650569
4380_KIF18B_P1P2_ENSG00000186185,KIF18B,DOWN,-0.05259390394088818
4385_KIF20B_P1P2_ENSG00000138182,KIF20B,DOWN,-0.047329125615765216
4387_KIF22_P2_ENSG00000079616,KIF22,DOWN,0.07664716748768352
4388_KIF22_P1_ENSG00000079616,KIF22,DOWN,0.09672105911330221
4389_KIF23_P1P2_ENSG00000137807,KIF23,DOWN,0.06586360837438206
4391_KIF2C_P1P2_ENSG00000142945,KIF2C,DOWN,0.08974753694580961
4394_KIF4A_P1P2_ENSG00000090889,KIF4A,DOWN,0.05519550492610573
4395_KIF5B_P1P2_ENSG00000170759,KIF5B,DOWN,0.06650246305418409
1200_KNL1_P1P2_ENSG00000137812,KNL1,DOWN,-0.11088362068964931
4459_KPNA2_P1P2_ENSG00000182481,KPNA2,DOWN,-0.07703201970443484
4464_KPNB1_P1P2_ENSG00000108424,KPNB1,DOWN,-0.0652247536945826
4527_LBR_P1P2_ENSG00000143815,LBR,DOWN,0.056850369458125743
4578_LIG1_P1P2_ENSG00000105486,LIG1,DOWN,-0.0811884236453201
4579_LIG3_P1P2_ENSG00000005156,LIG3,DOWN,0.13031096059113803
4617_LMNB1_P1P2_ENSG00000113368,LMNB1,DOWN,0.07745535714285451
4716_LUC7L3_P1P2_ENSG00000108848,LUC7L3,DOWN,-0.11111453201969952
4721_LYAR_P1P2_ENSG00000145220,LYAR,DOWN,0.0930418719211854
4746_MAD2L1_P1P2_ENSG00000164109,MAD2L1,DOWN,0.11996613300493056
4826_MAPK14_P1P2_ENSG00000112062,MAPK14,DOWN,-0.08064963054187224
4898_MCM2_P1P2_ENSG00000073111,MCM2,DOWN,0.11219981527094137
4900_MCM3_P1P2_ENSG00000112118,MCM3,DOWN,0.08136545566502497
4901_MCM4_P1P2_ENSG00000104738,MCM4,DOWN,0.03920874384236297
4902_MCM5_P1P2_ENSG00000100297,MCM5,DOWN,0.07010467980295448
4903_MCM6_P1P2_ENSG00000076003,MCM6,DOWN,0.09791410098522196
4904_MCM7_P1P2_ENSG00000166508,MCM7,DOWN,0.14485837438424765
4966_MEIS1_P1P2_ENSG00000143995,MEIS1,DOWN,-0.11558651477832126
4967_MEIS2_P1P2_ENSG00000134138,MEIS2,DOWN,0.07172875615763369
4970_MELK_P1P2_ENSG00000165304,MELK,DOWN,-0.07533097290640677
5090_MKI67_P1P2_ENSG00000148773,MKI67,DOWN,0.10452586206896995
5108_MLH1_P1P2_ENSG00000076242,MLH1,DOWN,0.12302185960592603
5127_MMS22L_P1P2_ENSG00000146263,MMS22L,DOWN,0.07766317733990273
5128_MNAT1_P1P2_ENSG00000020426,MNAT1,DOWN,-0.13700738916255736
5187_MRE11_P1P2_ENSG00000020922,MRE11,DOWN,-0.12162099753694244
5280_MSH2_P1P2_ENSG00000095002,MSH2,DOWN,-0.07120535714286133
5298_MT2A_P1P2_ENSG00000125148,MT2A,DOWN,0.053101908866991634
5308_MTF2_P1P2_ENSG00000143033,MTF2,DOWN,0.09102524630542277
5319_MTHFD2_P1_ENSG00000065911,MTHFD2,DOWN,0.11957358374384523
5320_MTHFD2_P2_ENSG00000065911,MTHFD2,DOWN,0.08026477832512122
5359_MXD3_P1P2_ENSG00000213347,MXD3,DOWN,0.09481988916256232
5367_MYBL2_P1P2_ENSG00000101057,MYBL2,DOWN,-0.05524168719212066
5374_MYC_P1P2_ENSG00000136997,MYC,DOWN,0.06266933497536872
5430_NAA38_P1P2_ENSG00000183011,NAA38,DOWN,-0.08165794334975593
5460_NAP1L1_P1P2_ENSG00000187109,NAP1L1,DOWN,-0.05426416256158027
5469_NASP_P1P2_ENSG00000132780,NASP,DOWN,0.11848830049261105
5480_NBN_P1P2_ENSG00000104320,NBN,DOWN,0.03800030788177226
5487_NCAPD2_P1P2_ENSG00000010292,NCAPD2,DOWN,0.051062192118223694
5503_NCL_P2_ENSG00000115053,NCL,DOWN,0.07276785714285366
5504_NCL_P1_ENSG00000115053,NCL,DOWN,-0.10718134236452825
5519_NDC80_P1P2_ENSG00000080986,NDC80,DOWN,0.08179649014778322
5593_NEK2_P1P2_ENSG00000117650,NEK2,DOWN,-0.09714439655172184
5709_NME1_P2_ENSG00000239672,NME1,DOWN,0.05284790640393928
5710_NME1_P1_ENSG00000239672,NME1,DOWN,-0.0882697044334958
5739_NOLC1_P1P2_ENSG00000166197,NOLC1,DOWN,-0.1252924876847232
5749_NOP56_P1P2_ENSG00000101361,NOP56,DOWN,-0.10016163793103337
9860_NSD2_P1P2_ENSG00000109685,NSD2,DOWN,-0.11122998768472526
5869_NUDT21_P1P2_ENSG00000167005,NUDT21,DOWN,-0.12457666256157142
5881_NUMA1_ENST00000393695.3_ENSG00000137497,NUMA1,DOWN,-0.1367764778325018
5885_NUP107_P1P2_ENSG00000111581,NUP107,DOWN,0.08307419950738802
5887_NUP153_P1P2_ENSG00000124789,NUP153,DOWN,0.0789870689655167
5891_NUP205_P1P2_ENSG00000155561,NUP205,DOWN,0.0688808497536919
5897_NUP50_P1P2_ENSG00000093000,NUP50,DOWN,-0.07527709359606333
5904_NUP98_P1P2_ENSG00000110713,NUP98,DOWN,0.06467826354679462
5907_NUSAP1_P1P2_ENSG00000137804,NUSAP1,DOWN,0.048237376847288405
5923_ODC1_P1P2_ENSG00000115758,ODC1,DOWN,0.11299261083744148
5925_ODF2_P1P2_ENSG00000136811,ODF2,DOWN,-0.0681342364532038
5966_ORC2_P1P2_ENSG00000115942,ORC2,DOWN,-0.1303186576354671
5969_ORC5_P1P2_ENSG00000164815,ORC5,DOWN,-0.08582204433497556
5970_ORC6_P1P2_ENSG00000091651,ORC6,DOWN,-0.052624692118228844
6021_PA2G4_P1P2_ENSG00000170515,PA2G4,DOWN,-0.11327740147782595
6033_PAFAH1B1_P1P2_ENSG00000007168,PAFAH1B1,DOWN,0.09460437192119057
6040_PAICS_P1P2_ENSG00000128050,PAICS,DOWN,-0.10300954433497171
6053_PAN2_P1P2_ENSG00000135473,PAN2,DOWN,0.11364685960591542
6101_PBK_P1P2_ENSG00000168078,PBK,DOWN,0.07585437192118215
6135_PCNA_P1P2_ENSG00000132646,PCNA,DOWN,0.08546028325123065
6197_PDS5B_P1P2_ENSG00000083642,PDS5B,DOWN,0.06093749999999913
6291_PHF5A_P1P2_ENSG00000100410,PHF5A,DOWN,-0.06474753694581711
6453_PLK1_P1P2_ENSG00000166851,PLK1,DOWN,0.09401939655172646
6455_PLK4_P1P2_ENSG00000142731,PLK4,DOWN,0.06978910098521621
6475_PML_P1P2_ENSG00000140464,PML,DOWN,-0.09003232758620167
6483_PMS2_P1P2_ENSG00000122512,PMS2,DOWN,0.06747998768472692
6492_PNN_P1P2_ENSG00000100941,PNN,DOWN,-0.0860067733990151
6513_POLA2_P1P2_ENSG00000014138,POLA2,DOWN,0.07679341133004743
6515_POLD1_P1P2_ENSG00000062822,POLD1,DOWN,0.14353448275862948
6516_POLD2_P1P2_ENSG00000106628,POLD2,DOWN,0.16808035714286126
6517_POLD3_P1P2_ENSG00000077514,POLD3,DOWN,0.06380080049260761
6524_POLE_P1P2_ENSG00000177084,POLE,DOWN,0.1016933497536953
6523_POLE4_P1P2_ENSG00000115350,POLE4,DOWN,-0.06857296798030175
6532_POLQ_P1P2_ENSG00000051341,POLQ,DOWN,-0.0548414408867006
6577_POP7_P1P2_ENSG00000172336,POP7,DOWN,-0.2024091748768515
6639_PPM1D_P1P2_ENSG00000170836,PPM1D,DOWN,0.07222906403940822
6676_PPP1R8_P1P2_ENSG00000117751,PPP1R8,DOWN,0.11898091133005331
6716_PRC1_P1P2_ENSG00000198901,PRC1,DOWN,0.09739839901477865
6737_PRDX4_P1P2_ENSG00000123131,PRDX4,DOWN,0.11864224137932569
6748_PRIM2_P1P2_ENSG00000146143,PRIM2,DOWN,0.08940116995074002
6768_PRKDC_P1P2_ENSG00000253729,PRKDC,DOWN,-0.07036637931034698
6777_PRMT5_P1_ENSG00000100462,PRMT5,DOWN,-0.07566194581281117
6778_PRMT5_P2_ENSG00000100462,PRMT5,DOWN,0.08442118226600985
6800_PRPF4B_P1P2_ENSG00000112739,PRPF4B,DOWN,-0.12981834975368078
6804_PRPS1_P1P2_ENSG00000147224,PRPS1,DOWN,-0.05426416256158155
6839_PSIP1_P1P2_ENSG00000164985,PSIP1,DOWN,0.06148399014777823
6859_PSMC3IP_P1P2_ENSG00000131470,PSMC3IP,DOWN,0.08518318965517284
6946_PTTG1_P1P2_ENSG00000164611,PTTG1,DOWN,-0.06548645320197233
6950_PURA_P1_ENSG00000185129,PURA,DOWN,-0.06934267241379524
6951_PURA_P2_ENSG00000185129,PURA,DOWN,-0.06914254926108389
7058_RACGAP1_P1P2_ENSG00000161800,RACGAP1,DOWN,0.08221213054186963
7061_RAD1_P1P2_ENSG00000113456,RAD1,DOWN,-0.08315886699507502
7062_RAD21_P1P2_ENSG00000164754,RAD21,DOWN,-0.1021089901477836
7064_RAD23B_P1P2_ENSG00000119318,RAD23B,DOWN,0.0792795566502476
7065_RAD50_P1P2_ENSG00000113522,RAD50,DOWN,0.07980295566501967
7066_RAD51AP1_P1P2_ENSG00000111247,RAD51AP1,DOWN,-0.08002616995074144
7068_RAD51C_P1P2_ENSG00000108384,RAD51C,DOWN,0.05281711822659664
7075_RAD54L_P1P2_ENSG00000085999,RAD54L,DOWN,-0.05661945812808161
7099_RAN_P1P2_ENSG00000132341,RAN,DOWN,0.0873383620689624
7092_RANBP1_P1P2_ENSG00000099901,RANBP1,DOWN,0.07754002463053963
7143_RBBP7_P1P2_ENSG00000102054,RBBP7,DOWN,0.07482296798029404
7149_RBL1_P1P2_ENSG00000080839,RBL1,DOWN,0.04468134236453029
7245_RFC1_P1P2_ENSG00000035928,RFC1,DOWN,0.06567118226600965
7246_RFC2_P1P2_ENSG00000049541,RFC2,DOWN,-0.07988762315271054
7247_RFC3_P1P2_ENSG00000133119,RFC3,DOWN,0.07758620689654926
7329_RNASEH2A_P1P2_ENSG00000104889,RNASEH2A,DOWN,-0.09465825123152596
7418_RPA1_P1P2_ENSG00000132383,RPA1,DOWN,0.07875615763546505
7419_RPA2_P1P2_ENSG00000117748,RPA2,DOWN,0.11585591133005772
7420_RPA3_P1P2_ENSG00000106399,RPA3,DOWN,0.10035406403941002
7558_RRM2_P1P2_ENSG00000171848,RRM2,DOWN,0.11136853448276338
7651_SAP30_P1P2_ENSG00000164105,SAP30,DOWN,0.07824045566502383
7842_SFPQ_P1P2_ENSG00000116560,SFPQ,DOWN,0.11826508620689867
7896_SHMT1_P1P2_ENSG00000176974,SHMT1,DOWN,0.0428571428571417
7950_SLBP_P1P2_ENSG00000163950,SLBP,DOWN,0.13065732758621512
7956_SLC12A2_P1P2_ENSG00000064651,SLC12A2,DOWN,-0.07750153940886755
8063_SLC38A1_P1P2_ENSG00000111371,SLC38A1,DOWN,0.10996767241379761
8107_SLC7A1_P1P2_ENSG00000139514,SLC7A1,DOWN,0.06736453201970395
8108_SLC7A5_P1P2_ENSG00000103257,SLC7A5,DOWN,0.06253078817733791
8131_SMAD3_P1P2_ENSG00000166949,SMAD3,DOWN,0.04925338669950554
8148_SMARCC1_P1P2_ENSG00000173473,SMARCC1,DOWN,0.09554341133005267
8155_SMC1A_P1P2_ENSG00000072501,SMC1A,DOWN,-0.12535406403940158
8156_SMC2_P1P2_ENSG00000136824,SMC2,DOWN,0.11603294334975822
8157_SMC3_P1P2_ENSG00000108055,SMC3,DOWN,-0.09851447044334949
8158_SMC4_P1_ENSG00000113810,SMC4,DOWN,0.06622536945812742
8159_SMC4_P2_ENSG00000113810,SMC4,DOWN,-0.0467364532019718
8161_SMC6_P1P2_ENSG00000163029,SMC6,DOWN,0.07023552955664883
8226_SNRPB_P1P2_ENSG00000125835,SNRPB,DOWN,-0.0736684113300503
8228_SNRPD1_P1P2_ENSG00000167088,SNRPD1,DOWN,-0.07696274630542206
8316_SPAG5_P1P2_ENSG00000076382,SPAG5,DOWN,0.05064655172413507
8331_SPC24_P1P2_ENSG00000161888,SPC24,DOWN,0.13776169950739153
8332_SPC25_P1P2_ENSG00000152253,SPC25,DOWN,-0.11226908866994809
8392_SQLE_P1P2_ENSG00000104549,SQLE,DOWN,0.07951046798029412
8431_SRSF1_P1P2_ENSG00000136450,SRSF1,DOWN,0.06488608374384178
8428_SRSF10_P1P2_ENSG00000188529,SRSF10,DOWN,0.08341286945812722
8432_SRSF2_P1P2_ENSG00000161547,SRSF2,DOWN,0.04371151477832263
8445_SS18_P1P2_ENSG00000141380,SS18,DOWN,0.09812961822660511
8458_SSRP1_P1P2_ENSG00000149136,SSRP1,DOWN,-0.10568041871920708
8480_STAG1_P1P2_ENSG00000118007,STAG1,DOWN,0.05402555418718955
8506_STIL_P1P2_ENSG00000123473,STIL,DOWN,-0.0924107142857103
8528_STMN1_P1P2_ENSG00000117632,STMN1,DOWN,0.08217364532019486
8608_SUV39H1_P1P2_ENSG00000101945,SUV39H1,DOWN,-0.05641933497537168
8622_SYNCRIP_P1P2_ENSG00000135316,SYNCRIP,DOWN,0.06092980295566185
8644_TACC3_P2_ENSG00000013810,TACC3,DOWN,-0.07504618226601309
8645_TACC3_P1_ENSG00000013810,TACC3,DOWN,0.08705357142857484
8744_TBRG4_P1P2_ENSG00000136270,TBRG4,DOWN,-0.08603756157635402
8776_TCF19_P1_ENSG00000137310,TCF19,DOWN,0.04887623152709123
8777_TCF19_P2_ENSG00000137310,TCF19,DOWN,0.07392241379310191
6061_TENT4A_ENST00000230859.6_ENSG00000112941,TENT4A,DOWN,-0.04615147783251367
8844_TFDP1_P1P2_ENSG00000198176,TFDP1,DOWN,0.13613762315271283
8857_TFRC_P1P2_ENSG00000072274,TFRC,DOWN,-0.08524476600985521
8859_TGFB1_P1P2_ENSG00000105329,TGFB1,DOWN,0.09146397783251747
8913_TIMELESS_P1P2_ENSG00000111602,TIMELESS,DOWN,0.09194889162562697
8933_TIPIN_P1P2_ENSG00000075131,TIPIN,DOWN,0.1317272167487788
8940_TK1_P1P2_ENSG00000167900,TK1,DOWN,-0.15509544334975134
8944_TLE3_P1P2_ENSG00000140332,TLE3,DOWN,-0.11318503694580534
9109_TMPO_P1P2_ENSG00000120802,TMPO,DOWN,-0.06312346059113434
9149_TNPO2_P2_ENSG00000105576,TNPO2,DOWN,0.07452278325123012
9150_TNPO2_P1_ENSG00000105576,TNPO2,DOWN,-0.058128078817734484
9174_TOP1_P1P2_ENSG00000198900,TOP1,DOWN,0.08813885467980484
9175_TOP2A_P1P2_ENSG00000131747,TOP2A,DOWN,0.05315578817733698
9195_TP53_P1P2_ENSG00000141510,TP53,DOWN,-0.06803417487684917
9219_TPX2_P1P2_ENSG00000088325,TPX2,DOWN,-0.15196274630541615
9222_TRA2B_P1P2_ENSG00000136527,TRA2B,DOWN,0.12736299261084305
9236_TRAIP_P1P2_ENSG00000183763,TRAIP,DOWN,0.12090517241380332
9296_TRIP13_P1P2_ENSG00000071539,TRIP13,DOWN,-0.08710745073891553
9320_TROAP_P1P2_ENSG00000135451,TROAP,DOWN,-0.09498922413793091
9400_TTK_P1P2_ENSG00000112742,TTK,DOWN,0.04001693349753482
9420_TUBB_P1_ENSG00000196230,TUBB,DOWN,0.09764470443350037
9421_TUBB_P2_ENSG00000196230,TUBB,DOWN,-0.11856527093595495
9424_TUBG1_P1P2_ENSG00000131462,TUBG1,DOWN,0.0701123768472872
9518_UBE2S_P1P2_ENSG00000108106,UBE2S,DOWN,-0.07854833743842629
9519_UBE2T_P1P2_ENSG00000077152,UBE2T,DOWN,0.05715055418718751
9549_UBR7_P1P2_ENSG00000012963,UBR7,DOWN,-0.08933189655171782
9565_UCK2_P1P2_ENSG00000143179,UCK2,DOWN,-0.08048799261083878
9597_UNG_P1P2_ENSG00000076248,UNG,DOWN,0.05108528325123118
9600_UPF1_P1P2_ENSG00000005007,UPF1,DOWN,0.12975677339902753
9639_USP1_P1P2_ENSG00000162607,USP1,DOWN,0.09952278325123519
9857_WEE1_P1P2_ENSG00000166483,WEE1,DOWN,0.141502463054207
9877_WRN_P1P2_ENSG00000165392,WRN,DOWN,-0.09087130541871688
9896_XPO1_P1P2_ENSG00000082898,XPO1,DOWN,-0.08302032019704711
9909_XRCC6_P1P2_ENSG00000196419,XRCC6,DOWN,-0.055919027093598764
9946_YTHDC1_P1P2_ENSG00000083896,YTHDC1,DOWN,-0.1379926108374314
10736_ZW10_P1P2_ENSG00000086827,ZW10,DOWN,0.0573121921182264
